# GeoNames-derived (cities1000 via cities.json + all-the-cities feature codes, CC BY 4.0, geonames.org) — CA+US, lat-sorted; col6: 1=primary place, 0=city section/neighbourhood
Discovery Harbor	Hawaii	19.04411	-155.6319	US	1
Hawaiian Ocean View	Hawaii	19.06861	-155.765	US	1
Pāhala	Hawaii	19.20297	-155.4786	US	1
Volcano	Hawaii	19.44276	-155.23398	US	1
Honaunau-Napoopoo	Hawaii	19.45627	-155.86466	US	1
Fern Forest	Hawaii	19.46556	-155.13556	US	1
Leilani Estates	Hawaii	19.46972	-154.91778	US	1
Eden Roc	Hawaii	19.49028	-155.10278	US	1
Captain Cook	Hawaii	19.49694	-155.92167	US	1
Nanawale Estates	Hawaii	19.50611	-154.91194	US	1
Fern Acres	Hawaii	19.51222	-155.08028	US	1
Kealakekua	Hawaii	19.52083	-155.9225	US	1
Ainaloa	Hawaii	19.52694	-154.99306	US	1
Hawaiian Acres	Hawaii	19.53806	-155.05222	US	1
Hawaiian Beaches	Hawaii	19.54306	-154.91583	US	1
Honalo	Hawaii	19.54639	-155.93194	US	1
Mountain View	Hawaii	19.55583	-155.10806	US	1
Orchidlands Estates	Hawaii	19.56084	-155.01527	US	1
Kahaluu-Keauhou	Hawaii	19.57181	-155.96172	US	1
Hawaiian Paradise Park	Hawaii	19.59333	-154.97306	US	1
Kurtistown	Hawaii	19.60361	-155.05722	US	1
Hōlualoa	Hawaii	19.61979	-155.94831	US	1
Kea‘au	Hawaii	19.62265	-155.03744	US	1
Kailua-Kona	Hawaii	19.64016	-155.99912	US	1
Kalaoa	Hawaii	19.72861	-155.98167	US	1
Hilo	Hawaii	19.72991	-155.09073	US	1
Wainaku	Hawaii	19.74472	-155.095	US	1
Pāpa‘ikou	Hawaii	19.78718	-155.09326	US	1
Pepeekeo	Hawaii	19.83361	-155.10722	US	1
Waikoloa	Hawaii	19.93942	-155.78931	US	1
Laupāhoehoe	Hawaii	19.98666	-155.23653	US	1
Honoka‘a	Hawaii	20.07931	-155.46691	US	1
Kapaau	Hawaii	20.23389	-155.80194	US	1
Hāwī	Hawaii	20.24122	-155.83351	US	1
Wailea-Makena	Hawaii	20.66256	-156.42736	US	1
Wailea	Hawaii	20.68973	-156.4419	US	1
Kēōkea	Hawaii	20.70711	-156.35446	US	1
Kihei Mauka	Hawaii	20.74305	-156.43995	US	1
Hana	Hawaii	20.75806	-155.99028	US	1
Kīhei	Hawaii	20.76462	-156.44578	US	1
Kula	Hawaii	20.79094	-156.32695	US	1
Olinda, CDP	Hawaii	20.82368	-156.29236	US	1
Lanai City	Hawaii	20.82757	-156.92399	US	1
Pukalani	Hawaii	20.83667	-156.33667	US	1
Makawao	Hawaii	20.85694	-156.31306	US	1
Waikapū	Hawaii	20.85806	-156.50694	US	1
Haliimaile	Hawaii	20.8714	-156.34571	US	1
Lahaina	Hawaii	20.87526	-156.67982	US	1
Kahului	Hawaii	20.88933	-156.47293	US	1
Wailuku	Hawaii	20.89133	-156.50604	US	1
Spreckelsville	Hawaii	20.89694	-156.415	US	1
Paia	Hawaii	20.90333	-156.36944	US	1
Huelo	Hawaii	20.90484	-156.22516	US	1
Haʻikū	Hawaii	20.91547	-156.32185	US	1
Haiku-Pauwela	Hawaii	20.92187	-156.30508	US	1
Kā‘anapali	Hawaii	20.92881	-156.69422	US	1
Waihee-Waiehu	Hawaii	20.93022	-156.50458	US	1
Kaanapali Landing	Hawaii	20.9309	-156.68778	US	1
Napili-Honokowai	Hawaii	20.97533	-156.67826	US	1
Kaunakakai	Hawaii	21.08939	-157.02255	US	1
Kualapu‘u	Hawaii	21.15306	-157.03677	US	1
Ho‘olehua	Hawaii	21.16776	-157.07042	US	1
Diamond Head	Hawaii	21.26272	-157.79601	US	1
Waialae - Kahala	Hawaii	21.27007	-157.78428	US	1
Portlock	Hawaii	21.27118	-157.70655	US	1
Wailupe	Hawaii	21.2755	-157.75704	US	1
Diamond Head / Kapahulu / Saint Louis Heights	Hawaii	21.27697	-157.81127	US	1
Kaimukī	Hawaii	21.27914	-157.80135	US	1
Waialae Nui Ridge-Ainakoa	Hawaii	21.28143	-157.78036	US	1
Lower Wilhelmina	Hawaii	21.28155	-157.79437	US	1
Aina Haina	Hawaii	21.28194	-157.7525	US	1
Niu Valley	Hawaii	21.2843	-157.73706	US	1
Waialae Iki	Hawaii	21.2844	-157.76606	US	1
Waikīkī	Hawaii	21.2855	-157.83594	US	1
Kuli‘ou‘ou	Hawaii	21.28761	-157.73896	US	1
Mariner's Ridge	Hawaii	21.28812	-157.7037	US	1
East Honolulu	Hawaii	21.28906	-157.71734	US	1
Lower McCully	Hawaii	21.29005	-157.82859	US	1
Aina Haina-Hawaii Loa Ridge	Hawaii	21.29139	-157.75578	US	1
Ala Moana	Hawaii	21.29201	-157.84276	US	1
Lower Palolo	Hawaii	21.29279	-157.80175	US	1
Kalanipuu	Hawaii	21.29295	-157.69071	US	1
Ward Village	Hawaii	21.29325	-157.85208	US	1
McCully - Moiliili	Hawaii	21.29461	-157.83118	US	1
Mō‘ili‘ili	Hawaii	21.29467	-157.83002	US	1
Hawai‘i Kai	Hawaii	21.29637	-157.70175	US	1
Ala Moana - Kakaʻako	Hawaii	21.29649	-157.85671	US	1
Kalama Valley	Hawaii	21.29684	-157.6717	US	1
Kuliouou - Kalani Iki	Hawaii	21.29713	-157.745	US	1
St. Louis Heights	Hawaii	21.29837	-157.80393	US	1
Lower Pawaa	Hawaii	21.29849	-157.8404	US	1
Punahou	Hawaii	21.30023	-157.827	US	1
Kakaʻako	Hawaii	21.30205	-157.85734	US	1
Downtown	Hawaii	21.30249	-157.85837	US	1
East Manoa	Hawaii	21.30544	-157.81145	US	1
Honolulu	Hawaii	21.30694	-157.85833	US	1
Tantalus	Hawaii	21.30856	-157.82837	US	1
Financial District	Hawaii	21.30924	-157.86134	US	1
Ocean Pointe	Hawaii	21.31066	-158.03638	US	1
Chinatown	Hawaii	21.31173	-157.86183	US	1
Upper Palolo	Hawaii	21.31242	-157.78677	US	1
Palolo	Hawaii	21.3128	-157.78041	US	1
Iwilei-Anuenue	Hawaii	21.31523	-157.87316	US	1
Aala	Hawaii	21.31544	-157.86283	US	1
‘Ewa Beach	Hawaii	21.31556	-158.00722	US	1
Manoa	Hawaii	21.31608	-157.80423	US	1
Upper Pauoa	Hawaii	21.31738	-157.83897	US	1
Makiki / Lower Punchbowl / Tantalus	Hawaii	21.31756	-157.83122	US	1
Mayor Wright Housing	Hawaii	21.32025	-157.86412	US	1
Pauoa	Hawaii	21.32076	-157.83839	US	1
Kuakini	Hawaii	21.32129	-157.85567	US	1
Palama	Hawaii	21.32298	-157.86448	US	1
Upper Manoa	Hawaii	21.3231	-157.80626	US	1
Kalihi-Palama	Hawaii	21.32608	-157.87594	US	1
Iroquois Point	Hawaii	21.32776	-157.98301	US	1
Farrington	Hawaii	21.33221	-157.87057	US	1
Kamehameha Heights	Hawaii	21.33393	-157.86282	US	1
Waimānalo Beach	Hawaii	21.33407	-157.70003	US	1
Kapolei	Hawaii	21.33555	-158.0582	US	1
Dowsett Highlands	Hawaii	21.33735	-157.83382	US	1
Liliha - Kapalama	Hawaii	21.33735	-157.85418	US	1
Makakilo / Kapolei / Honokai Hale	Hawaii	21.3374	-158.09676	US	1
Hickam Field	Hawaii	21.33967	-157.96018	US	1
Airport	Hawaii	21.3399	-157.92845	US	1
Ko Olina	Hawaii	21.33993	-158.12562	US	1
‘Ewa Gentry	Hawaii	21.33999	-158.03039	US	1
‘Ālewa Heights	Hawaii	21.34051	-157.84817	US	1
‘Ewa Villages	Hawaii	21.34127	-158.0397	US	1
Nuuanu - Punchbowl	Hawaii	21.34215	-157.82852	US	1
Fort Shafter	Hawaii	21.34411	-157.88628	US	1
Waimanalo	Hawaii	21.34614	-157.7238	US	1
Makakilo City	Hawaii	21.34694	-158.08583	US	1
Joint Base Pearl Harbor Hickam	Hawaii	21.34906	-157.94713	US	1
Ford Island	Hawaii	21.34981	-157.95924	US	1
Makakilo	Hawaii	21.35237	-158.08655	US	1
Moanalua Valley	Hawaii	21.35309	-157.88714	US	1
Upper Kalihi Valley	Hawaii	21.35461	-157.85605	US	1
Aliamanu Makai	Hawaii	21.35867	-157.91917	US	1
Aliamanu Mauka	Hawaii	21.35993	-157.90666	US	1
Aliamanu / Salt Lakes / Foster Village	Hawaii	21.36022	-157.91838	US	1
Kalihi Valley	Hawaii	21.36373	-157.84294	US	1
Moanalua	Hawaii	21.36777	-157.89113	US	1
West Loch Estates	Hawaii	21.37244	-158.02418	US	1
Maunawili	Hawaii	21.37278	-157.77056	US	1
Keolu Hills	Hawaii	21.3764	-157.72501	US	1
Olomana	Hawaii	21.37725	-157.75602	US	1
Hālawa Heights	Hawaii	21.37848	-157.91388	US	1
Lower Aiea	Hawaii	21.37852	-157.93224	US	1
Hālawa	Hawaii	21.37944	-157.92167	US	1
Enchanted Lake	Hawaii	21.3807	-157.73645	US	1
‘Aiea	Hawaii	21.38222	-157.93361	US	1
Robinson Heights	Hawaii	21.38283	-158.02856	US	1
Camp H.M. Smith	Hawaii	21.38471	-157.90962	US	1
Waipahu	Hawaii	21.38667	-158.00917	US	1
Lanikai	Hawaii	21.3888	-157.7149	US	1
Waimalu	Hawaii	21.38955	-157.93882	US	1
‘Aiea Heights	Hawaii	21.39083	-157.92053	US	1
Kailua Town	Hawaii	21.39266	-157.73536	US	1
Nānākuli	Hawaii	21.39362	-158.15429	US	1
Royal Kunia	Hawaii	21.39392	-158.0267	US	1
Lower Waiau	Hawaii	21.39594	-157.96507	US	1
Pearl City	Hawaii	21.39734	-157.97516	US	1
Village Park	Hawaii	21.39806	-158.03028	US	1
Newtown	Hawaii	21.39972	-157.93789	US	1
Kaneohe	Hawaii	21.39994	-157.79895	US	1
Manana Housing	Hawaii	21.40162	-157.98108	US	1
Kailua	Hawaii	21.40241	-157.74054	US	1
Lower Pearl City	Hawaii	21.40293	-157.95758	US	1
Pū‘ōhala Village	Hawaii	21.40849	-157.79556	US	1
Kalaheo Hillside	Hawaii	21.4162	-157.75255	US	1
Mā‘ili	Hawaii	21.41629	-158.17531	US	1
Waipio	Hawaii	21.41823	-157.99906	US	1
Pacific Palisades	Hawaii	21.42562	-157.95349	US	1
He‘eia	Hawaii	21.43054	-157.81611	US	1
Waianae	Hawaii	21.43785	-158.18555	US	1
Marine Corps Base Hawaii - MCBH	Hawaii	21.44336	-157.74981	US	1
‘Āhuimanu	Hawaii	21.44472	-157.83778	US	1
Mililani Town	Hawaii	21.4504	-158.01503	US	1
Kahalu‘u	Hawaii	21.45759	-157.84431	US	1
Waipi‘o Acres	Hawaii	21.46485	-158.01331	US	1
Mākaha	Hawaii	21.46627	-158.21037	US	1
Wheeler Army Airfield	Hawaii	21.47515	-158.03395	US	1
Mākaha Valley	Hawaii	21.47583	-158.19918	US	1
Mililani Mauka / Launani Valley	Hawaii	21.47885	-157.98799	US	1
Schofield Barracks	Hawaii	21.49837	-158.06515	US	1
Wahiawā	Hawaii	21.50279	-158.02464	US	1
Whitmore Village	Hawaii	21.51429	-158.02464	US	1
Makua Valley	Hawaii	21.52021	-158.22142	US	1
Helemano	Hawaii	21.53602	-158.01894	US	1
Ka‘a‘awa	Hawaii	21.55445	-157.85103	US	1
Punalu‘u	Hawaii	21.57045	-157.87557	US	1
Waialua	Hawaii	21.57688	-158.13154	US	1
Mokulēia	Hawaii	21.57967	-158.15313	US	1
Hale‘iwa	Hawaii	21.59284	-158.10339	US	1
Koolauloa	Hawaii	21.60579	-157.9265	US	1
Hau‘ula	Hawaii	21.6076	-157.90868	US	1
Kawailoa	Hawaii	21.62315	-158.08041	US	1
Lā‘ie	Hawaii	21.64547	-157.9225	US	1
Pupukea	Hawaii	21.65456	-158.06065	US	1
Kahuku	Hawaii	21.68048	-157.95237	US	1
Po‘ipū	Hawaii	21.8735	-159.44857	US	1
Koloa-Poipu	Hawaii	21.89449	-159.46467	US	1
Omao-Kukuiula	Hawaii	21.90097	-159.48594	US	1
Koloa	Hawaii	21.90365	-159.46663	US	1
Hanapēpē	Hawaii	21.90733	-159.5944	US	1
‘Ele‘ele	Hawaii	21.90738	-159.58322	US	1
Hanapēpē Heights	Hawaii	21.91633	-159.58995	US	1
Lawai	Hawaii	21.92159	-159.50376	US	1
Kaumakani-Hanapepe	Hawaii	21.92358	-159.54283	US	1
Kalāheo	Hawaii	21.92416	-159.52686	US	1
‘Ōma‘o	Hawaii	21.92581	-159.48818	US	1
Waimea	Hawaii	21.95707	-159.66893	US	1
Kekaha	Hawaii	21.96686	-159.71186	US	1
Puhi	Hawaii	21.96888	-159.40012	US	1
Kekaha-Waimea	Hawaii	21.97184	-159.69266	US	1
Lihue	Hawaii	21.98121	-159.3721	US	1
Hanamā‘ulu	Hawaii	21.994	-159.355	US	1
Wailua	Hawaii	22.05271	-159.33781	US	1
Wailua Homesteads	Hawaii	22.07244	-159.37677	US	1
Kapa‘a	Hawaii	22.07521	-159.31895	US	1
Anahola	Hawaii	22.14226	-159.31388	US	1
Kīlauea	Hawaii	22.21208	-159.41342	US	1
Princeville	Hawaii	22.21758	-159.47888	US	1
Key West	Florida	24.55524	-81.78163	US	1
Stock Island	Florida	24.56709	-81.73842	US	1
Big Coppitt Key	Florida	24.59653	-81.66009	US	1
Big Pine Key	Florida	24.66987	-81.35397	US	1
Cudjoe Key	Florida	24.67153	-81.49842	US	1
Marathon	Florida	24.71375	-81.09035	US	1
Islamorada	Florida	24.9243	-80.62784	US	1
Tavernier	Florida	25.01152	-80.51506	US	1
Key Largo	Florida	25.08652	-80.44728	US	1
North Key Largo	Florida	25.26734	-80.32339	US	1
Florida City	Florida	25.44789	-80.47922	US	1
Homestead	Florida	25.46872	-80.47756	US	1
Leisure City	Florida	25.49539	-80.42922	US	1
Naranja	Florida	25.51816	-80.42283	US	1
Princeton	Florida	25.53844	-80.40894	US	1
Goulds	Florida	25.56261	-80.38228	US	1
Lakes by the Bay	Florida	25.57233	-80.32533	US	1
Cutler Bay	Florida	25.5783	-80.3377	US	1
Cutler Ridge	Florida	25.58066	-80.34672	US	1
South Miami Heights	Florida	25.59761	-80.38061	US	1
West Perrine	Florida	25.60594	-80.36283	US	1
East Perrine	Florida	25.60872	-80.33894	US	1
Richmond West	Florida	25.6105	-80.42971	US	1
Cutler	Florida	25.6151	-80.31061	US	1
Palmetto Estates	Florida	25.62149	-80.362	US	1
Palmetto Bay	Florida	25.62177	-80.32477	US	1
Richmond Heights	Florida	25.63149	-80.36894	US	1
Country Walk	Florida	25.63399	-80.43228	US	1
Three Lakes	Florida	25.64205	-80.39839	US	1
Pinecrest	Florida	25.66705	-80.30811	US	1
The Crossings	Florida	25.67066	-80.40117	US	1
The Hammocks	Florida	25.67149	-80.4445	US	1
Kendall	Florida	25.67927	-80.31727	US	1
Key Biscayne	Florida	25.69371	-80.16282	US	1
Sunset	Florida	25.70594	-80.35228	US	1
Kendall West	Florida	25.7065	-80.4388	US	1
Glenvar Heights	Florida	25.7076	-80.32561	US	1
South Miami	Florida	25.7076	-80.29338	US	1
Kendale Lakes	Florida	25.70816	-80.407	US	1
Coconut Grove	Florida	25.7126	-80.25699	US	1
Coral Gables	Florida	25.72149	-80.26838	US	1
Olympia Heights	Florida	25.72677	-80.35533	US	1
Westwood Lake	Florida	25.72927	-80.37283	US	1
Coral Terrace	Florida	25.74593	-80.3045	US	1
University Park	Florida	25.74649	-80.36755	US	1
Westchester	Florida	25.75482	-80.32727	US	1
Tamiami	Florida	25.75871	-80.39839	US	1
Flagami	Florida	25.76232	-80.31616	US	1
Sweetwater	Florida	25.76343	-80.37311	US	1
West Miami	Florida	25.76343	-80.29616	US	1
Little Havana	Florida	25.76806	-80.23306	US	1
Fountainebleau	Florida	25.77288	-80.34783	US	1
Miami	Florida	25.77427	-80.19366	US	1
Miami Beach	Florida	25.79065	-80.13005	US	1
Virginia Gardens	Florida	25.81038	-80.30227	US	1
Allapattah	Florida	25.81454	-80.22394	US	1
Doral	Florida	25.81954	-80.35533	US	1
Brownsville	Florida	25.82176	-80.24116	US	1
Miami Springs	Florida	25.82232	-80.2895	US	1
Gladeview	Florida	25.83926	-80.2356	US	1
North Bay Village	Florida	25.84621	-80.15394	US	1
Isle of Normandy	Florida	25.85287	-80.13505	US	1
El Portal	Florida	25.85537	-80.1931	US	1
West Little River	Florida	25.85704	-80.23699	US	1
Hialeah	Florida	25.8576	-80.27811	US	1
Miami Shores	Florida	25.86315	-80.19283	US	1
Hialeah Gardens	Florida	25.8651	-80.3245	US	1
South Point	Texas	25.86869	-97.38359	US	1
Pinewood	Florida	25.86898	-80.21699	US	1
Surfside	Florida	25.87843	-80.1256	US	1
Westview	Florida	25.88204	-80.24199	US	1
Biscayne Park	Florida	25.8826	-80.1806	US	1
Bay Harbor Islands	Florida	25.88759	-80.13116	US	1
North Miami	Florida	25.89009	-80.18671	US	1
Bal Harbour	Florida	25.89176	-80.12699	US	1
Brownsville	Texas	25.90175	-97.49748	US	1
Opa-locka	Florida	25.90232	-80.25033	US	1
Miami Lakes	Florida	25.90871	-80.30866	US	1
Golden Glades	Florida	25.91176	-80.20033	US	1
Bunche Park	Florida	25.92065	-80.23699	US	1
North Miami Beach	Florida	25.93315	-80.16255	US	1
Palm Springs North	Florida	25.9351	-80.33383	US	1
Carol City	Florida	25.94065	-80.2456	US	1
Marco Island	Florida	25.94121	-81.71842	US	1
Scott Lake	Florida	25.94148	-80.23199	US	1
Country Club	Florida	25.94815	-80.317	US	1
Ojus	Florida	25.94843	-80.1506	US	1
Norland	Florida	25.94898	-80.21227	US	1
Sunny Isles Beach	Florida	25.95065	-80.12282	US	1
Aventura	Florida	25.95648	-80.13921	US	1
Ives Estates	Florida	25.96231	-80.17671	US	1
Cameron Park	Texas	25.96452	-97.47665	US	1
Lake Lucerne	Florida	25.96509	-80.24144	US	1
Andover	Florida	25.96843	-80.21283	US	1
Cameron Park Colonia	Texas	25.97147	-97.47832	US	1
Marco	Florida	25.9726	-81.72898	US	1
Lake Forest	Florida	25.97759	-80.1831	US	1
Miami Gardens	Florida	25.97981	-80.20255	US	1
Hallandale Beach	Florida	25.9812	-80.14838	US	1
West Park	Florida	25.98454	-80.19894	US	1
Miramar	Florida	25.98731	-80.23227	US	1
Pembroke Park	Florida	25.98787	-80.17477	US	1
Carver Ranches	Florida	25.98842	-80.19227	US	1
Pembroke Pines	Florida	26.00315	-80.22394	US	1
Hollywood	Florida	26.0112	-80.14949	US	1
West Hollywood	Florida	26.02065	-80.18394	US	0
Olmito	Texas	26.02174	-97.53415	US	1
Encantada-Ranchito-El Calaboz	Texas	26.03344	-97.63307	US	1
Rancho Viejo	Texas	26.03952	-97.55638	US	1
La Paloma	Texas	26.04591	-97.66749	US	1
Sunshine Ranches	Florida	26.04592	-80.32894	US	1
Los Indios	Texas	26.04924	-97.74499	US	1
Estates of Fort Lauderdale (historical)	Florida	26.0522	-80.17939	US	1
Dania Beach	Florida	26.05231	-80.14393	US	1
Cooper City	Florida	26.05731	-80.27172	US	1
Southwest Ranches	Florida	26.0587	-80.33727	US	1
Davie	Florida	26.06287	-80.2331	US	1
Los Fresnos	Texas	26.07174	-97.47637	US	1
Port Isabel	Texas	26.07341	-97.20858	US	1
Laguna Heights	Texas	26.08008	-97.25386	US	1
Lely Resort	Florida	26.08093	-81.69786	US	1
Verona Walk	Florida	26.08412	-81.67985	US	1
Naples Manor	Florida	26.0887	-81.7262	US	1
Progreso	Texas	26.0923	-97.95722	US	1
Pine Island Ridge	Florida	26.09481	-80.27394	US	1
Broadview Park	Florida	26.09953	-80.20866	US	1
Hidalgo	Texas	26.10035	-98.26307	US	1
Weston	Florida	26.10037	-80.39977	US	1
Lely	Florida	26.10065	-81.72842	US	1
Laguna Vista	Texas	26.10091	-97.29025	US	1
South Padre Island	Texas	26.10369	-97.16469	US	1
Laureles	Texas	26.10924	-97.49415	US	1
Melrose Park	Florida	26.11342	-80.19338	US	1
Green Valley Farms	Texas	26.12202	-97.56054	US	1
Fort Lauderdale	Florida	26.12231	-80.14338	US	1
Boulevard Gardens	Florida	26.12326	-80.17997	US	1
Broward Estates	Florida	26.12564	-80.19338	US	1
Llano Grande	Texas	26.1298	-97.96806	US	1
San Benito	Texas	26.13258	-97.6311	US	1
Washington Park	Florida	26.13259	-80.18116	US	1
Sunrise	Florida	26.13397	-80.1131	US	1
Plantation	Florida	26.13421	-80.23184	US	1
East Naples	Florida	26.13842	-81.76648	US	1
Scissors	Texas	26.1398	-98.05389	US	1
Lauderhill	Florida	26.14036	-80.21338	US	1
Roosevelt Gardens	Florida	26.14087	-80.18027	US	1
Naples	Florida	26.14234	-81.79596	US	1
Mercedes	Texas	26.1498	-97.91361	US	1
Rock Island	Florida	26.15509	-80.17699	US	1
Midway South	Texas	26.15694	-98.02011	US	1
South Alamo	Texas	26.15702	-98.10862	US	1
La Feria	Texas	26.15896	-97.82389	US	1
Weslaco	Texas	26.15952	-97.99084	US	1
Wilton Manors	Florida	26.16036	-80.13893	US	1
Lauderdale Lakes	Florida	26.16647	-80.20838	US	1
Donna	Texas	26.17035	-98.05195	US	1
Oakland Park	Florida	26.17231	-80.13199	US	1
Twin Lakes	Florida	26.18092	-80.16005	US	1
Alamo	Texas	26.18369	-98.12306	US	1
Midway North	Texas	26.18776	-98.01708	US	1
Golden Gate	Florida	26.18787	-81.69509	US	1
San Juan	Texas	26.18924	-98.15529	US	1
Harlingen	Texas	26.19063	-97.6961	US	1
North Andrews Gardens	Florida	26.19147	-80.14421	US	1
Lauderdale-by-the-Sea	Florida	26.19203	-80.09643	US	1
Pharr	Texas	26.1948	-98.18362	US	1
Heidelberg	Texas	26.19702	-97.88028	US	1
Abram	Texas	26.1998	-98.41113	US	1
Las Palmas II	Texas	26.20171	-97.7376	US	1
Palm Valley	Texas	26.20174	-97.75416	US	1
McAllen	Texas	26.20341	-98.23001	US	1
Palm Aire	Florida	26.20619	-80.19171	US	1
Indian Hills	Texas	26.21285	-97.91639	US	1
Tamarac	Florida	26.21286	-80.24977	US	1
Palmview South	Texas	26.21563	-98.37863	US	1
Mission	Texas	26.21591	-98.32529	US	1
Terra Mar	Florida	26.21619	-80.09532	US	1
North Lauderdale	Florida	26.2173	-80.22588	US	1
North Alamo	Texas	26.2173	-98.1289	US	1
Vineyards	Florida	26.22373	-81.72798	US	1
Perezville	Texas	26.22452	-98.40057	US	1
Primera	Texas	26.22591	-97.75805	US	1
Mila Doce	Texas	26.22618	-97.95889	US	1
Olivarez	Texas	26.22841	-97.99223	US	1
Penitas	Texas	26.23063	-98.44474	US	1
Pelican Bay	Florida	26.2312	-81.80564	US	1
Palmview	Texas	26.23341	-98.37085	US	1
Rio Hondo	Texas	26.23535	-97.58193	US	1
Pompano Beach	Florida	26.23786	-80.12477	US	1
Lopezville	Texas	26.23813	-98.15973	US	1
Margate	Florida	26.24453	-80.20644	US	1
La Joya	Texas	26.24702	-98.48141	US	1
Combes	Texas	26.24869	-97.73388	US	1
La Homa	Texas	26.25007	-98.36363	US	1
Island Walk	Florida	26.25099	-81.71101	US	1
Coconut Creek	Florida	26.25175	-80.17894	US	1
Kendall Green	Florida	26.25397	-80.12393	US	1
Muniz	Texas	26.25646	-98.08945	US	1
Murillo Colonia	Texas	26.25646	-98.11334	US	1
Santa Rosa	Texas	26.25674	-97.825	US	1
Palmhurst	Texas	26.25841	-98.31807	US	1
Naples Park	Florida	26.26175	-81.80925	US	1
Nurillo	Texas	26.26702	-98.1214	US	1
La Grulla	Texas	26.26951	-98.64725	US	1
Coral Springs	Florida	26.27119	-80.2706	US	1
West Sharyland	Texas	26.27257	-98.32863	US	1
Doffing	Texas	26.27452	-98.38585	US	1
Lighthouse Point	Florida	26.27564	-80.08727	US	1
Sullivan City	Texas	26.27757	-98.56363	US	1
Pompano Beach Highlands	Florida	26.28286	-80.10699	US	1
Tedder	Florida	26.28425	-80.12227	US	1
Alton	Texas	26.28729	-98.31335	US	1
La Blanca	Texas	26.29285	-98.03778	US	1
Orangetree	Florida	26.29286	-81.58842	US	1
Elsa	Texas	26.2934	-97.99306	US	1
Edcouch	Texas	26.29396	-97.96056	US	1
Hillsboro Beach	Florida	26.29397	-80.07893	US	1
Alton North (historical)	Texas	26.29535	-98.30446	US	1
San Carlos	Texas	26.29563	-98.07195	US	1
La Villa	Texas	26.29868	-97.92861	US	1
Edinburg	Texas	26.30174	-98.16334	US	1
César Chávez	Texas	26.3034	-98.11529	US	1
Parkland	Florida	26.31008	-80.23727	US	1
Deerfield Beach	Florida	26.31841	-80.09977	US	1
Citrus City	Texas	26.32646	-98.3853	US	1
Boca Pointe	Florida	26.33313	-80.15949	US	1
Ave Maria	Florida	26.33667	-81.43806	US	1
Sandalfoot Cove	Florida	26.33863	-80.1869	US	1
Bonita Springs	Florida	26.33981	-81.7787	US	1
Sebastian	Texas	26.34285	-97.79027	US	1
Boca Del Mar	Florida	26.34508	-80.14671	US	1
Doolittle	Texas	26.35337	-98.11666	US	1
Boca Raton	Florida	26.35869	-80.0831	US	1
Las Lomas	Texas	26.36479	-98.7753	US	1
Monte Alto	Texas	26.37312	-97.97167	US	1
Rio Grande City	Texas	26.37979	-98.8203	US	1
Highland Beach	Florida	26.39952	-80.0656	US	1
Roma-Los Saenz	Texas	26.40506	-99.01586	US	1
Roma	Texas	26.40526	-99.01581	US	1
Escobares	Texas	26.41062	-98.96253	US	1
Lyford	Texas	26.41229	-97.78972	US	1
Immokalee	Florida	26.41869	-81.4173	US	1
Estero	Florida	26.43814	-81.80675	US	1
Kings Point	Florida	26.44535	-80.13977	US	1
Sanibel	Florida	26.44897	-82.02231	US	1
Fort Myers Beach	Florida	26.45271	-81.95011	US	1
Delray Beach	Florida	26.46146	-80.07282	US	1
Villages of Oriole	Florida	26.4623	-80.15282	US	1
Lasara	Texas	26.46479	-97.91111	US	1
San Carlos Park	Florida	26.4673	-81.80147	US	1
Three Oaks	Florida	26.47008	-81.79397	US	1
Raymondville	Texas	26.48146	-97.78305	US	1
Punta Rassa	Florida	26.48786	-82.01231	US	1
Saint James City	Florida	26.49758	-82.07843	US	1
Harlem Heights	Florida	26.51619	-81.92787	US	1
Iona	Florida	26.52036	-81.96398	US	1
Boynton Beach	Florida	26.52535	-80.06643	US	1
Ocean Ridge	Florida	26.52702	-80.04837	US	1
Cypress Lake	Florida	26.53813	-81.89925	US	1
Villas	Florida	26.55035	-81.8687	US	1
Aberdeen	Florida	26.55063	-80.14866	US	1
McGregor	Florida	26.56091	-81.91453	US	1
Cape Coral	Florida	26.56285	-81.94953	US	1
Hypoluxo	Florida	26.56646	-80.05337	US	1
Whiskey Creek	Florida	26.57258	-81.89009	US	1
Pine Manor	Florida	26.57285	-81.87814	US	1
Gateway	Florida	26.57757	-81.75036	US	1
Seminole Manor	Florida	26.58368	-80.10032	US	1
Lantana	Florida	26.58674	-80.05199	US	1
South Palm Beach	Florida	26.58896	-80.03865	US	1
Atlantis	Florida	26.5909	-80.10088	US	1
Pine Island Center	Florida	26.61369	-82.11815	US	1
Lake Worth Corridor	Florida	26.61649	-80.10102	US	1
Lake Worth Beach	Florida	26.61708	-80.07231	US	1
Fort Myers	Florida	26.62168	-81.84059	US	1
Greenacres City	Florida	26.62368	-80.12532	US	1
Lehigh Acres	Florida	26.62535	-81.6248	US	1
Palm Springs	Florida	26.6359	-80.09615	US	1
Montura	Florida	26.63645	-81.10045	US	1
Lochmoor Waterway Estates	Florida	26.64424	-81.90981	US	1
Lake Clarke Shores	Florida	26.64534	-80.07588	US	1
Belle Glade Camp	Florida	26.65757	-80.68284	US	1
Wellington	Florida	26.65868	-80.24144	US	1
South Bay	Florida	26.66396	-80.71617	US	1
North Fort Myers	Florida	26.66729	-81.88009	US	1
Tice	Florida	26.67479	-81.81508	US	1
Buckingham	Florida	26.67507	-81.73203	US	1
Royal Palm Estates	Florida	26.681	-80.133	US	1
Loxahatchee Groves	Florida	26.68368	-80.27977	US	1
Belle Glade	Florida	26.68451	-80.66756	US	1
Palmona Park	Florida	26.68646	-81.89648	US	1
Lake Belvedere Estates	Florida	26.68923	-80.13338	US	1
Haverhill	Florida	26.69118	-80.12004	US	1
West Gate	Florida	26.70257	-80.0981	US	1
Plantation Mobile Home Park	Florida	26.70312	-80.13227	US	0
Palm Beach	Florida	26.70562	-80.03643	US	1
Bokeelia	Florida	26.70563	-82.15898	US	1
Royal Palm Beach	Florida	26.7084	-80.2306	US	1
Fort Myers Shores	Florida	26.70924	-81.74592	US	1
Suncoast Estates	Florida	26.71174	-81.86897	US	1
West Palm Beach	Florida	26.71534	-80.05337	US	1
Alva	Florida	26.71562	-81.61008	US	1
Schall Circle	Florida	26.71562	-80.11504	US	1
Olga	Florida	26.71896	-81.7123	US	1
Harlem	Florida	26.73757	-80.9509	US	1
Clewiston	Florida	26.75423	-80.93368	US	1
Port LaBelle	Florida	26.75645	-81.40508	US	1
Mangonia Park	Florida	26.76034	-80.07365	US	1
LaBelle	Florida	26.76173	-81.43841	US	1
Burnt Store Marina	Florida	26.76507	-82.05092	US	1
Riviera Beach	Florida	26.77534	-80.0581	US	1
Palm Beach Shores	Florida	26.77812	-80.0356	US	1
The Acreage	Florida	26.79404	-80.26749	US	1
Lake Park	Florida	26.80034	-80.06643	US	1
North Palm Beach	Florida	26.81756	-80.08199	US	1
Pahokee	Florida	26.82006	-80.66534	US	1
Palm Beach Gardens	Florida	26.82339	-80.13865	US	1
Moore Haven	Florida	26.83312	-81.09312	US	1
Siesta Shores	Texas	26.8581	-99.25365	US	1
Falcon Lake Estates	Texas	26.87282	-99.25531	US	1
Juno Beach	Florida	26.87978	-80.05337	US	1
Rotonda West	Florida	26.88368	-82.29009	US	1
Zapata	Texas	26.90726	-99.27143	US	1
Charlotte Park	Florida	26.91006	-82.05398	US	1
Grove City	Florida	26.91423	-82.32704	US	1
Punta Gorda Isles	Florida	26.91756	-82.07842	US	1
Manasota Key	Florida	26.92534	-82.35204	US	1
Punta Gorda	Florida	26.92978	-82.04537	US	1
Jupiter	Florida	26.93422	-80.09421	US	1
Limestone Creek	Florida	26.94284	-80.14115	US	1
Charlotte Harbor	Florida	26.95839	-82.06703	US	1
Tequesta	Florida	26.959	-80.088	US	1
Cleveland	Florida	26.96173	-81.98398	US	1
Englewood	Florida	26.96201	-82.3526	US	1
Port Charlotte	Florida	26.97617	-82.09064	US	1
Harbour Heights	Florida	26.99089	-82.00231	US	1
Indiantown	Florida	27.02728	-80.48561	US	1
North Port	Florida	27.04422	-82.23593	US	1
South Venice	Florida	27.05311	-82.42426	US	1
Hobe Sound	Florida	27.0595	-80.13643	US	1
Warm Mineral Springs	Florida	27.05978	-82.26009	US	1
Venice Gardens	Florida	27.07311	-82.4076	US	1
Venice	Florida	27.09978	-82.45426	US	1
Nokomis	Florida	27.11922	-82.44426	US	1
Buckhead Ridge	Florida	27.13033	-80.89367	US	1
Laurel	Florida	27.14378	-82.46158	US	1
Port Salerno	Florida	27.14422	-80.2006	US	1
Nocatee	Florida	27.16033	-81.88231	US	1
Palm City	Florida	27.16783	-80.26616	US	1
Southeast Arcadia	Florida	27.18629	-81.8521	US	1
Osprey	Florida	27.19616	-82.49037	US	1
Stuart	Florida	27.19755	-80.25283	US	1
Sewall's Point	Florida	27.19949	-80.20227	US	1
Arcadia	Florida	27.21588	-81.85842	US	1
Taylor Creek	Florida	27.21671	-80.7895	US	1
North River Shores	Florida	27.21755	-80.26977	US	1
Sarita	Texas	27.22171	-97.78916	US	1
Vamo	Florida	27.222	-82.49787	US	1
Falfurrias	Texas	27.22699	-98.14417	US	1
Placid Lakes	Florida	27.24144	-81.40702	US	1
Okeechobee	Florida	27.24393	-80.82978	US	1
Gulf Gate Estates	Florida	27.25173	-82.51471	US	1
Cypress Quarters	Florida	27.25199	-80.81395	US	1
Jensen Beach	Florida	27.25449	-80.22977	US	1
Siesta Key	Florida	27.26785	-82.54526	US	1
Bee Ridge	Florida	27.28394	-82.48065	US	1
South Sarasota	Florida	27.28616	-82.53288	US	1
South Gate Ridge	Florida	27.28644	-82.49676	US	1
Ridge Wood Heights	Florida	27.28727	-82.51315	US	1
Lake Sarasota	Florida	27.29255	-82.4376	US	1
Port Saint Lucie	Florida	27.29393	-80.35033	US	1
Lake Placid	Florida	27.29834	-81.37124	US	1
Hutchinson Island South	Florida	27.29949	-80.22045	US	1
Hebbronville	Texas	27.30688	-98.68032	US	1
Southgate	Florida	27.3081	-82.50982	US	1
Sarasota Springs	Florida	27.30894	-82.47954	US	1
River Park	Florida	27.31421	-80.34727	US	1
Fruitville	Florida	27.32977	-82.4576	US	1
Sarasota	Florida	27.33643	-82.53065	US	1
El Cenizo	Texas	27.35224	-99.49254	US	1
Kensington Park	Florida	27.35949	-82.49649	US	1
Premont	Texas	27.36059	-98.12362	US	1
The Meadows	Florida	27.36171	-82.46898	US	1
Rio Bravo	Texas	27.36419	-99.48004	US	1
Indian River Estates	Florida	27.36449	-80.30977	US	1
Desoto Lakes	Florida	27.37143	-82.48982	US	1
North Sarasota	Florida	27.37393	-82.51843	US	1
White City	Florida	27.37393	-80.33394	US	1
Fort Pierce South	Florida	27.40962	-80.35483	US	1
Whitfield	Florida	27.41171	-82.56593	US	1
Longboat Key	Florida	27.41254	-82.65899	US	1
Ricardo	Texas	27.42143	-97.85111	US	1
Bayshore Gardens	Florida	27.42532	-82.59038	US	1
Fort Pierce	Florida	27.44671	-80.32561	US	1
South Bradenton	Florida	27.4631	-82.58176	US	1
Bradenton Beach	Florida	27.46761	-82.6983	US	1
Cortez	Florida	27.46921	-82.68621	US	1
Samoset	Florida	27.46948	-82.54149	US	1
West Samoset	Florida	27.46948	-82.55676	US	1
Fort Pierce North	Florida	27.47364	-80.3593	US	1
Zolfo Springs	Florida	27.49337	-81.79592	US	1
Holmes Beach	Florida	27.49532	-82.71093	US	1
Sebring	Florida	27.49559	-81.44091	US	1
Bradenton	Florida	27.49893	-82.57482	US	1
West Bradenton	Florida	27.50254	-82.61399	US	1
Laredo	Texas	27.50641	-99.50754	US	1
Kingsville	Texas	27.51587	-97.85611	US	1
Palmetto	Florida	27.52143	-82.57232	US	1
Ellenton	Florida	27.52171	-82.5276	US	1
Anna Maria	Florida	27.53115	-82.73343	US	1
Memphis	Florida	27.53587	-82.56121	US	1
Lakewood Park	Florida	27.54309	-80.40227	US	1
Wauchula	Florida	27.54726	-81.81147	US	1
Florida Ridge	Florida	27.58031	-80.38672	US	1
Bishop	Texas	27.58614	-97.79916	US	1
South Beach	Florida	27.59115	-80.34422	US	1
Avon Park	Florida	27.59587	-81.50619	US	1
Benavides	Texas	27.59892	-98.40807	US	1
Vero Beach South	Florida	27.61638	-80.41308	US	1
West Vero Corridor	Florida	27.63775	-80.48576	US	1
Bowling Green	Florida	27.63837	-81.82397	US	1
Vero Beach	Florida	27.63864	-80.39727	US	1
Gifford	Florida	27.67531	-80.40922	US	1
Tierra Verde	Florida	27.69197	-82.72343	US	1
Wimauma	Florida	27.71253	-82.29898	US	1
Indian River Shores	Florida	27.7167	-80.38422	US	1
Sun City Center	Florida	27.71809	-82.35176	US	1
Winter Beach	Florida	27.7192	-80.42061	US	1
Ruskin	Florida	27.72086	-82.43315	US	1
Saint Pete Beach	Florida	27.72531	-82.74121	US	1
Rancho Alegre	Texas	27.74169	-98.09473	US	1
Frostproof	Florida	27.74586	-81.53063	US	1
Gulfport	Florida	27.74836	-82.70343	US	1
Fort Meade	Florida	27.75225	-81.80175	US	1
Alice	Texas	27.75225	-98.06972	US	1
South Pasadena	Florida	27.75503	-82.7376	US	1
Balm	Florida	27.75947	-82.2612	US	1
San Diego	Texas	27.76391	-98.2389	US	1
Wabasso Beach	Florida	27.76475	-80.39894	US	1
Fellsmere	Florida	27.76781	-80.60144	US	1
Treasure Island	Florida	27.76919	-82.76899	US	1
St. Petersburg	Florida	27.77086	-82.67927	US	1
Apollo Beach	Florida	27.77308	-82.40759	US	1
Robstown	Texas	27.7903	-97.66888	US	1
Madeira Beach	Florida	27.79808	-82.79732	US	1
Corpus Christi	Texas	27.80058	-97.39638	US	1
Redington Beach	Florida	27.80864	-82.81121	US	1
Bay Pines	Florida	27.81419	-82.77816	US	1
Kenneth City	Florida	27.81558	-82.7201	US	1
North Redington Beach	Florida	27.81614	-82.82066	US	1
Sebastian	Florida	27.81641	-80.47061	US	1
Boyette	Florida	27.81753	-82.22259	US	1
West and East Lealman	Florida	27.81993	-82.68944	US	1
Lealman	Florida	27.82114	-82.67927	US	1
Redington Shores	Florida	27.82614	-82.82899	US	1
Crooked Lake Park	Florida	27.82919	-81.58397	US	1
Babson Park	Florida	27.83197	-81.5223	US	1
Port Aransas	Texas	27.83392	-97.0611	US	1
Roseland	Florida	27.83586	-80.49311	US	1
Seminole	Florida	27.83975	-82.79121	US	1
Pinellas Park	Florida	27.8428	-82.69954	US	1
Fish Hawk	Florida	27.85058	-82.21092	US	1
Gibsonton	Florida	27.85364	-82.38259	US	1
Indian Shores	Florida	27.8628	-82.84844	US	1
Riverview	Florida	27.86614	-82.32648	US	1
Gandy	Florida	27.8685	-82.61612	US	1
Alturas	Florida	27.87169	-81.71508	US	1
Indian Rocks Beach	Florida	27.8753	-82.85122	US	1
Portland	Texas	27.87725	-97.32388	US	1
Ingleside	Texas	27.8778	-97.21166	US	1
Micco	Florida	27.88058	-80.50033	US	1
Freer	Texas	27.8828	-98.61779	US	1
Bloomingdale	Florida	27.89364	-82.24037	US	1
Mulberry	Florida	27.8953	-81.97342	US	1
Bartow	Florida	27.89641	-81.84314	US	1
Ridgecrest	Florida	27.8975	-82.80529	US	1
Progress Village	Florida	27.9003	-82.36454	US	1
Feather Sound	Florida	27.90079	-82.67349	US	1
Lake Wales	Florida	27.90141	-81.58591	US	1
Cactus	Texas	27.90695	-99.39392	US	1
Fuller Heights	Florida	27.90919	-81.99814	US	1
Harbor Bluffs	Florida	27.90947	-82.8276	US	1
Aransas Pass	Texas	27.90947	-97.14999	US	1
Largo	Florida	27.90979	-82.78842	US	1
Willow Oak	Florida	27.91614	-82.01786	US	1
South Highpoint	Florida	27.91697	-82.71288	US	1
Belleair Bluffs	Florida	27.92141	-82.81705	US	1
Gregory	Texas	27.92224	-97.28999	US	1
Belleair Beach	Florida	27.92308	-82.84316	US	1
Palm River-Clair Mel	Florida	27.92386	-82.37939	US	1
Belleair	Florida	27.93585	-82.80621	US	1
Brandon	Florida	27.9378	-82.28592	US	1
Valrico	Florida	27.93789	-82.23644	US	1
Grant-Valkaria	Florida	27.9398	-80.57104	US	1
Tampa	Florida	27.94752	-82.45843	US	1
Odem	Texas	27.95057	-97.58222	US	1
Wahneta	Florida	27.9528	-81.72702	US	1
Orange Grove	Texas	27.95668	-97.93694	US	1
Lakeland Highlands	Florida	27.95975	-81.95008	US	1
Highland City	Florida	27.9653	-81.87786	US	1
Clearwater	Florida	27.96585	-82.8001	US	1
Medulla	Florida	27.9678	-81.97342	US	1
Taft Southwest (historical)	Texas	27.97391	-97.40305	US	1
Eagle Lake	Florida	27.97836	-81.75647	US	1
Taft	Texas	27.97891	-97.3986	US	1
Mango	Florida	27.97974	-82.30648	US	1
East Lake-Orient Park	Florida	27.98269	-82.37878	US	1
Seffner	Florida	27.98363	-82.27565	US	1
Safety Harbor	Florida	27.99085	-82.69316	US	1
Cypress Gardens	Florida	27.99391	-81.69008	US	1
Dover	Florida	27.99419	-82.21953	US	1
Eloise	Florida	27.99474	-81.73813	US	1
Malabar	Florida	28.00363	-80.56561	US	1
Town 'n' Country	Florida	28.01057	-82.57732	US	1
Greenbriar	Florida	28.01128	-82.75272	US	1
Jan-Phyl Village	Florida	28.01474	-81.77175	US	1
Egypt Lake-Leto	Florida	28.01769	-82.50619	US	1
Plant City	Florida	28.01888	-82.11469	US	1
Dunedin	Florida	28.0199	-82.77323	US	1
Rockport	Texas	28.02077	-97.05601	US	1
Winter Haven	Florida	28.02224	-81.73286	US	1
Dundee	Florida	28.02252	-81.61924	US	1
Winston	Florida	28.03169	-82.01481	US	1
Oldsmar	Florida	28.03418	-82.6651	US	1
Palm Bay	Florida	28.03446	-80.58866	US	1
Temple Terrace	Florida	28.0353	-82.38926	US	1
Crystal Lake	Florida	28.03558	-81.90841	US	1
Sinton	Texas	28.03668	-97.50916	US	1
Inwood	Florida	28.03697	-81.76508	US	1
Lakeland	Florida	28.03947	-81.9498	US	1
Lake Hamilton	Florida	28.04446	-81.62785	US	1
Carrollwood	Florida	28.05002	-82.49287	US	1
Fussels Corner	Florida	28.05419	-81.86064	US	1
Westchase	Florida	28.05502	-82.60982	US	1
Saint George	Florida	28.05641	-82.72788	US	1
Combee Settlement	Florida	28.05835	-81.90536	US	1
Fulton	Texas	28.0614	-97.0411	US	1
Thonotosassa	Florida	28.06141	-82.30231	US	1
Auburndale	Florida	28.0653	-81.78869	US	1
Carrollwood Village	Florida	28.06752	-82.52093	US	1
Melbourne Beach	Florida	28.06835	-80.56033	US	1
West Melbourne	Florida	28.07168	-80.65339	US	1
June Park	Florida	28.07224	-80.68006	US	1
University	Florida	28.07389	-82.43902	US	1
Lake Magdalene	Florida	28.07418	-82.47176	US	1
Palm Harbor	Florida	28.07807	-82.76371	US	1
Citrus Park	Florida	28.07835	-82.56982	US	1
Melbourne	Florida	28.08363	-80.60811	US	1
Indialantic	Florida	28.08946	-80.56561	US	1
Lake Alfred	Florida	28.09196	-81.72341	US	1
Northdale	Florida	28.0939	-82.50561	US	1
Mathis	Texas	28.09446	-97.82805	US	1
Greater Northdale	Florida	28.10545	-82.52594	US	1
East Lake	Florida	28.11085	-82.69482	US	1
Haines City	Florida	28.1145	-81.62009	US	1
Gibsonia	Florida	28.11474	-81.97369	US	1
Kathleen	Florida	28.12085	-82.02314	US	1
Poinciana	Florida	28.14029	-81.45841	US	1
Tarpon Springs	Florida	28.14612	-82.75677	US	1
Pebble Creek	Florida	28.14835	-82.34565	US	1
Cheval	Florida	28.14862	-82.51454	US	1
Indian Harbour Beach	Florida	28.1489	-80.58839	US	1
Lutz	Florida	28.15112	-82.46148	US	1
Keystone	Florida	28.15585	-82.62121	US	1
Davenport	Florida	28.1614	-81.60174	US	1
Satellite Beach	Florida	28.17612	-80.59005	US	1
Trinity	Florida	28.18085	-82.68177	US	1
Crystal Springs	Florida	28.1814	-82.15758	US	1
Polk City	Florida	28.18251	-81.82397	US	1
Holiday	Florida	28.18779	-82.73955	US	1
Odessa	Florida	28.1939	-82.59176	US	1
Key Vista	Florida	28.1947	-82.77038	US	1
South Patrick Shores	Florida	28.20223	-80.6095	US	1
Beacon Square	Florida	28.20862	-82.75538	US	1
Zephyrhills South	Florida	28.21492	-82.18873	US	1
Elfers	Florida	28.21668	-82.72232	US	1
Land O' Lakes	Florida	28.2189	-82.45759	US	1
Zephyrhills West	Florida	28.23081	-82.20556	US	1
Zephyrhills	Florida	28.23362	-82.18119	US	1
Woodsboro	Texas	28.23834	-97.31999	US	1
Wesley Chapel	Florida	28.23973	-82.32787	US	1
Loughman	Florida	28.24196	-81.56674	US	1
New Port Richey	Florida	28.24418	-82.71927	US	1
Viera West	Florida	28.24504	-80.7338	US	1
Saint Cloud	Florida	28.2489	-81.28118	US	1
Zephyrhills North	Florida	28.25172	-82.16557	US	1
Campbell	Florida	28.2589	-81.45646	US	1
New Port Richey East	Florida	28.26027	-82.69261	US	1
Viera East	Florida	28.26234	-80.71449	US	1
Port Richey	Florida	28.27168	-82.71955	US	1
Pasadena Hills	Florida	28.28001	-82.22438	US	1
Jasmine Estates	Florida	28.29306	-82.6901	US	1
Kissimmee	Florida	28.30468	-81.41667	US	1
Refugio	Texas	28.30528	-97.27527	US	1
Connerton	Florida	28.31441	-82.47539	US	1
Cocoa Beach	Florida	28.32055	-80.60922	US	1
Celebration	Florida	28.32529	-81.53313	US	1
Bayonet Point	Florida	28.32667	-82.68343	US	1
George West	Texas	28.3325	-98.11751	US	1
Four Corners	Florida	28.33287	-81.64738	US	1
Citrus Ridge	Florida	28.33385	-81.64232	US	1
Buenaventura Lakes	Florida	28.33584	-81.35313	US	1
San Antonio	Florida	28.33611	-82.27453	US	1
Saint Leo	Florida	28.33723	-82.25842	US	1
Meadow Oaks	Florida	28.34619	-82.60284	US	1
Quail Ridge	Florida	28.34905	-82.55532	US	1
Rockledge	Florida	28.35084	-80.72533	US	1
Merritt Island	Florida	28.359	-80.69	US	1
Cocoa West	Florida	28.35942	-80.77109	US	1
Hunters Creek	Florida	28.36056	-81.42229	US	1
Hudson	Florida	28.36445	-82.69343	US	1
Dade City	Florida	28.36472	-82.19592	US	1
Dade City North	Florida	28.38334	-82.19389	US	1
Meadow Woods	Florida	28.38556	-81.36646	US	1
Cocoa	Florida	28.38612	-80.742	US	1
Southchase	Florida	28.39306	-81.3834	US	1
Beeville	Texas	28.40095	-97.74974	US	1
Cape Canaveral	Florida	28.40584	-80.60477	US	1
Shady Hills	Florida	28.41	-82.54288	US	1
Williamsburg	Florida	28.41445	-81.44285	US	1
Seadrift	Texas	28.41528	-96.71359	US	1
Heritage Pines	Florida	28.42522	-82.62111	US	1
Taft	Florida	28.42973	-81.36507	US	1
Sharpes	Florida	28.43223	-80.76005	US	1
Horizon West	Florida	28.43383	-81.6227	US	1
Cotulla	Texas	28.43693	-99.23503	US	1
Masaryktown	Florida	28.44167	-82.45704	US	1
Asherton	Texas	28.44193	-99.76033	US	1
Port O'Connor	Texas	28.44834	-96.40581	US	1
Doctor Phillips	Florida	28.44945	-81.49229	US	1
Tangelo Park	Florida	28.45584	-81.4459	US	1
Sky Lake	Florida	28.45723	-81.39146	US	1
Belle Isle	Florida	28.45834	-81.35924	US	1
Three Rivers	Texas	28.46027	-98.18251	US	1
Tilden	Texas	28.46194	-98.54918	US	1
Lacoochee	Florida	28.46583	-82.17203	US	1
Bay Hill	Florida	28.46806	-81.51618	US	1
Hernando Beach	Florida	28.46944	-82.65927	US	1
Timber Pines	Florida	28.47028	-82.60316	US	1
Oak Ridge	Florida	28.47112	-81.42452	US	1
Pine Castle	Florida	28.47195	-81.36785	US	1
Spring Hill	Florida	28.47688	-82.52546	US	1
Port Saint John	Florida	28.47695	-80.78867	US	1
Edgewood	Florida	28.48612	-81.37229	US	1
Wedgefield	Florida	28.48778	-81.07729	US	1
Windermere	Florida	28.49556	-81.5348	US	1
Holden Heights	Florida	28.49667	-81.38785	US	1
Conway	Florida	28.50278	-81.33062	US	1
Ridge Manor	Florida	28.5075	-82.17036	US	1
Gardendale	Texas	28.51693	-99.21614	US	1
Hill 'n Dale	Florida	28.51972	-82.29926	US	1
Carrizo Springs	Texas	28.52193	-99.86061	US	1
Gotha	Florida	28.52778	-81.52313	US	1
Weeki Wachee Gardens	Florida	28.53361	-82.62954	US	1
South Brooksville	Florida	28.53582	-82.38403	US	1
Christmas	Florida	28.53639	-81.01756	US	1
Orlando	Florida	28.53834	-81.37924	US	1
Orlovista	Florida	28.53834	-81.46035	US	1
Azalea Park	Florida	28.54111	-81.30062	US	1
High Point	Florida	28.54687	-82.52468	US	1
Clermont	Florida	28.54944	-81.77285	US	1
North Weeki Wachee	Florida	28.55014	-82.55888	US	1
Brookridge	Florida	28.5511	-82.49204	US	1
Bithlo	Florida	28.55472	-81.10645	US	1
Oakland	Florida	28.555	-81.63313	US	1
Brooksville	Florida	28.55554	-82.38991	US	1
Pine Hills	Florida	28.55778	-81.4534	US	1
Groveland	Florida	28.55805	-81.85119	US	1
Alafaya	Florida	28.5641	-81.2114	US	1
Winter Garden	Florida	28.56528	-81.58618	US	1
Union Park	Florida	28.56806	-81.28618	US	1
Ocoee	Florida	28.56917	-81.54396	US	1
North Brooksville	Florida	28.57305	-82.40815	US	1
Minneola	Florida	28.57444	-81.74619	US	1
Mascotte	Florida	28.57833	-81.88675	US	1
Fairview Shores	Florida	28.59111	-81.39424	US	1
Winter Park	Florida	28.6	-81.33924	US	1
Montverde	Florida	28.60028	-81.67396	US	1
Goldenrod	Florida	28.61028	-81.28868	US	1
Titusville	Florida	28.61222	-80.80755	US	1
Clarcona	Florida	28.61278	-81.49868	US	1
Eatonville	Florida	28.61472	-81.38062	US	1
Port Lavaca	Texas	28.615	-96.62609	US	1
Lockhart	Florida	28.61944	-81.44257	US	1
Paradise Heights	Florida	28.62361	-81.54396	US	1
Rosita South	Texas	28.62375	-100.42837	US	1
Maitland	Florida	28.62778	-81.36312	US	1
Chuluota	Florida	28.64194	-81.1234	US	1
Bloomington	Texas	28.64777	-96.89249	US	1
Fern Park	Florida	28.64916	-81.35118	US	1
Center Hill	Florida	28.64999	-81.99258	US	1
Rosita North	Texas	28.65644	-100.42218	US	1
Altamonte Springs	Florida	28.66111	-81.36562	US	1
South Apopka	Florida	28.66194	-81.50952	US	1
Bushnell	Florida	28.66499	-82.11286	US	1
Mims	Florida	28.66527	-80.84478	US	1
Forest City	Florida	28.66678	-81.44334	US	1
Dilley	Texas	28.66748	-99.17059	US	1
Goliad	Texas	28.66833	-97.38833	US	1
Oviedo	Florida	28.67	-81.20812	US	1
Apopka	Florida	28.67617	-81.51186	US	1
Eidson Road	Texas	28.6772	-100.48702	US	1
Crystal City	Texas	28.67748	-99.82811	US	1
Casselberry	Florida	28.67778	-81.32785	US	1
Las Quintas Fronterizas	Texas	28.69053	-100.46869	US	1
Las Quintas Fronterizas Colonia	Texas	28.69137	-100.46924	US	1
Wekiwa Springs	Florida	28.69861	-81.42563	US	1
Winter Springs	Florida	28.69889	-81.30812	US	1
Longwood	Florida	28.70305	-81.3384	US	1
Palacios	Texas	28.70805	-96.21747	US	1
Eagle Pass	Texas	28.70914	-100.49952	US	1
Astatula	Florida	28.70972	-81.73285	US	1
Howey-in-the-Hills	Florida	28.71694	-81.77341	US	1
Zellwood	Florida	28.73111	-81.60118	US	1
Sugarmill Woods	Florida	28.73221	-82.50621	US	1
Yalaha	Florida	28.7386	-81.80869	US	1
Geneva	Florida	28.73972	-81.11506	US	1
Floral City	Florida	28.74999	-82.29676	US	1
Siesta Acres	Texas	28.75799	-100.49019	US	1
Lake Mary	Florida	28.75888	-81.31784	US	1
Heathrow	Florida	28.76333	-81.37225	US	1
Tangerine	Florida	28.76499	-81.63063	US	1
Elm Creek	Texas	28.77442	-100.49174	US	1
Quail Creek	Texas	28.7764	-97.08232	US	1
Lake Panasoffkee	Florida	28.777	-82.12	US	1
Homosassa	Florida	28.78137	-82.6151	US	1
Sanford	Florida	28.80055	-81.27312	US	1
Inverness Highlands South	Florida	28.80055	-82.3371	US	1
Mount Dora	Florida	28.80249	-81.64452	US	1
Homosassa Springs	Florida	28.80359	-82.57593	US	1
Tavares	Florida	28.80416	-81.72563	US	1
Victoria	Texas	28.80527	-97.0036	US	1
Mount Plymouth	Florida	28.80805	-81.53313	US	1
Leesburg	Florida	28.81082	-81.87786	US	1
Kenedy	Texas	28.81915	-97.84861	US	1
Inverness	Florida	28.83582	-82.33037	US	1
Silver Lake	Florida	28.84193	-81.79841	US	1
Lecanto	Florida	28.85165	-82.4876	US	1
Eustis	Florida	28.85277	-81.68535	US	1
Fruitland Park	Florida	28.86138	-81.90647	US	1
Charlotte	Texas	28.86192	-98.70641	US	1
Inverness Highlands North	Florida	28.8642	-82.37688	US	1
Oak Hill	Florida	28.86443	-80.8545	US	1
Wildwood	Florida	28.86542	-82.04058	US	1
DeBary	Florida	28.88305	-81.30868	US	1
Runge	Texas	28.88331	-97.71305	US	1
Karnes City	Texas	28.88498	-97.90084	US	1
Citrus Hills	Florida	28.88831	-82.4326	US	1
Pearsall	Texas	28.89219	-99.09503	US	1
Hernando	Florida	28.89998	-82.37454	US	1
Deltona	Florida	28.90054	-81.26367	US	1
Crystal River	Florida	28.90248	-82.5926	US	1
Inez	Texas	28.90388	-96.78804	US	1
Black Diamond	Florida	28.91248	-82.48593	US	1
Beverly Hills	Florida	28.91692	-82.45815	US	1
Lady Lake	Florida	28.91749	-81.92286	US	1
Jourdanton	Texas	28.91803	-98.54641	US	1
Umatilla	Florida	28.92943	-81.66563	US	1
The Villages	Florida	28.93408	-81.95994	US	1
Pine Ridge	Florida	28.93831	-82.47343	US	1
La Pryor	Texas	28.94108	-99.84978	US	1
Orange City	Florida	28.94888	-81.29867	US	1
Batesville	Texas	28.95108	-99.61783	US	1
Freeport	Texas	28.95414	-95.35966	US	1
Markham	Texas	28.96026	-96.06524	US	1
Pleasanton	Texas	28.96719	-98.47863	US	1
Jones Creek	Texas	28.96858	-95.45522	US	1
Edna	Texas	28.97859	-96.64609	US	1
Lake Helen	Florida	28.98082	-81.23339	US	1
Yorktown	Texas	28.98109	-97.50277	US	1
Bay City	Texas	28.98276	-95.9694	US	1
Edgewater	Florida	28.98888	-80.90228	US	1
Citrus Springs	Florida	28.99748	-82.47065	US	1
Lake Mack-Forest Hills	Florida	29.00074	-81.42397	US	1
Oyster Creek	Texas	29.00302	-95.33188	US	1
De Land Southwest	Florida	29.0077	-81.31129	US	1
Marion Oaks	Florida	29.00859	-82.18315	US	1
West DeLand	Florida	29.01582	-81.33312	US	1
Van Vleck	Texas	29.01775	-95.8894	US	1
Clute	Texas	29.02469	-95.39883	US	1
Glencoe	Florida	29.02582	-80.972	US	1
New Smyrna Beach	Florida	29.02582	-80.927	US	1
DeLand	Florida	29.02832	-81.30312	US	1
Inglis	Florida	29.03025	-82.66872	US	1
Lake Jackson	Texas	29.03386	-95.43439	US	1
Sweeny	Texas	29.03886	-95.69856	US	1
Poteet	Texas	29.04052	-98.56807	US	1
Ganado	Texas	29.04054	-96.51358	US	1
Brazoria	Texas	29.04441	-95.56911	US	1
Dunnellon	Florida	29.04914	-82.46093	US	1
Samsula-Spruce Creek	Florida	29.04932	-81.06192	US	1
North DeLand	Florida	29.04943	-81.29812	US	1
Belleview	Florida	29.05526	-82.06231	US	1
Richwood	Texas	29.05608	-95.40994	US	1
Poth	Texas	29.06969	-98.08195	US	1
Wild Peach Village	Texas	29.08358	-95.63384	US	1
Cuero	Texas	29.09387	-97.28916	US	1
Ponce Inlet	Florida	29.09637	-80.937	US	1
Silver Springs Shores	Florida	29.10442	-82.02064	US	1
On Top of the World	Florida	29.11516	-82.29129	US	1
De Leon Springs	Florida	29.11989	-81.35286	US	1
Floresville	Texas	29.13358	-98.15612	US	1
Port Orange	Florida	29.13832	-80.99561	US	1
Devine	Texas	29.13996	-98.90531	US	1
West Columbia	Texas	29.14386	-95.64522	US	1
Astor	Florida	29.16248	-81.52535	US	1
Uvalde Estates	Texas	29.16524	-99.83228	US	1
South Daytona	Florida	29.16582	-81.0045	US	1
Angleton	Texas	29.16941	-95.43188	US	1
Daytona Beach Shores	Florida	29.17609	-80.98283	US	1
Ocala	Florida	29.1872	-82.14009	US	1
Natalia	Texas	29.18968	-98.86253	US	1
Jamaica Beach	Texas	29.18968	-94.97965	US	1
El Campo	Texas	29.19664	-96.26969	US	1
Uvalde	Texas	29.20968	-99.78617	US	1
Holiday Lakes	Texas	29.20969	-95.51689	US	1
Daytona Beach	Florida	29.21081	-81.02283	US	1
Silver Springs	Florida	29.21664	-82.05759	US	1
Somerset	Texas	29.22635	-98.6578	US	1
Danbury	Texas	29.2283	-95.34494	US	1
Lytle	Texas	29.23329	-98.79641	US	1
Grand Isle	Louisiana	29.23662	-89.98729	US	1
Stockdale	Texas	29.23691	-97.96	US	1
Pierson	Florida	29.23942	-81.46563	US	1
Holly Hill	Florida	29.24359	-81.03756	US	1
Elmendorf	Texas	29.25607	-98.33279	US	1
Boling	Texas	29.26441	-95.94384	US	1
Nixon	Texas	29.26746	-97.76444	US	1
Ormond Beach	Florida	29.28581	-81.05589	US	1
Yoakum	Texas	29.28775	-97.15193	US	1
Von Ormy	Texas	29.28913	-98.64446	US	1
Tiki Island	Texas	29.29709	-94.91709	US	1
Galveston	Texas	29.30135	-94.7977	US	1
Fort Clark Springs	Texas	29.30607	-100.42202	US	1
Brackettville	Texas	29.31051	-100.41786	US	1
La Coste	Texas	29.31079	-98.81003	US	1
Wharton	Texas	29.31164	-96.10274	US	1
Sabinal	Texas	29.31746	-99.46644	US	1
Bayou Vista	Texas	29.32635	-94.93853	US	1
Williston Highlands	Florida	29.34052	-82.5415	US	1
Hondo	Texas	29.34746	-99.14142	US	1
Hitchcock	Texas	29.34829	-95.01604	US	1
Ormond-by-the-Sea	Florida	29.34914	-81.06645	US	1
Rosharon	Texas	29.35218	-95.46022	US	1
Castroville	Texas	29.35579	-98.87864	US	1
La Vernia	Texas	29.35635	-98.11556	US	1
Laughlin Air Force Base	Texas	29.35663	-100.78353	US	1
Del Rio	Texas	29.36273	-100.89676	US	1
Cienegas Terrace	Texas	29.36745	-100.94371	US	1
La Marque	Texas	29.36857	-94.97131	US	1
Val Verde Park	Texas	29.37495	-100.83176	US	1
Santa Fe	Texas	29.37801	-95.10576	US	1
Golden Meadow	Louisiana	29.37911	-90.26008	US	1
Texas City	Texas	29.38385	-94.9027	US	1
Lackland Air Force Base	Texas	29.38663	-98.61797	US	1
Williston	Florida	29.38747	-82.44677	US	1
Dulac	Louisiana	29.38883	-90.71398	US	1
China Grove	Texas	29.38885	-98.3489	US	1
Needville	Texas	29.39941	-95.83773	US	1
Citra	Florida	29.41192	-82.10982	US	1
Saint Hedwig	Texas	29.4144	-98.20001	US	1
Alvin	Texas	29.42385	-95.2441	US	1
San Antonio	Texas	29.42412	-98.49363	US	1
Shiner	Texas	29.42913	-97.17054	US	1
Crescent City	Florida	29.43025	-81.51063	US	1
Fairchilds	Texas	29.43135	-95.78023	US	1
Chauvin	Louisiana	29.43855	-90.59537	US	1
Galliano	Louisiana	29.44216	-90.29925	US	1
Hallettsville	Texas	29.44385	-96.94109	US	1
Bronson	Florida	29.44774	-82.64233	US	1
East Bronson	Florida	29.45928	-82.5904	US	1
Dickinson	Texas	29.46079	-95.05132	US	1
Manvel	Texas	29.46274	-95.35799	US	1
Kirby	Texas	29.46329	-98.38557	US	1
Bunnell	Florida	29.46609	-81.25784	US	1
Terrell Hills	Texas	29.47495	-98.45085	US	1
Chiefland	Florida	29.47496	-82.85984	US	1
Flagler Beach	Florida	29.47498	-81.127	US	1
Bolivar Peninsula	Texas	29.47829	-94.57991	US	1
Olmos Park	Texas	29.47884	-98.48752	US	1
Port Sulphur	Louisiana	29.48049	-89.69395	US	1
Iowa Colony	Texas	29.48246	-95.4155	US	1
San Leon	Texas	29.48329	-94.92215	US	1
Alamo Heights	Texas	29.48495	-98.46585	US	1
Sienna Plantation	Texas	29.48607	-95.508	US	1
Balcones Heights	Texas	29.48801	-98.55169	US	1
Pleak	Texas	29.48913	-95.80773	US	1
Leon Valley	Texas	29.49523	-98.61863	US	1
Arcola	Texas	29.49607	-95.46578	US	1
Gonzales	Texas	29.50163	-97.45249	US	1
Bacliff	Texas	29.5069	-94.99243	US	1
League City	Texas	29.50745	-95.09493	US	1
Manatee Road	Florida	29.51302	-82.91429	US	1
Windcrest	Texas	29.51551	-98.38029	US	1
Converse	Texas	29.51801	-98.31612	US	1
Castle Hills	Texas	29.52329	-98.51641	US	1
Friendswood	Texas	29.5294	-95.20104	US	1
Archer	Florida	29.52997	-82.519	US	1
East Bernard	Texas	29.53107	-96.07107	US	1
Webster	Texas	29.53773	-95.11826	US	1
Fresno	Texas	29.53885	-95.44744	US	1
Cut Off	Louisiana	29.54272	-90.33814	US	1
Kemah	Texas	29.54273	-95.02048	US	1
Nassau Bay	Texas	29.54468	-95.09104	US	1
Clear Lake Shores	Texas	29.54745	-95.03215	US	1
Universal City	Texas	29.54801	-98.29112	US	1
Schertz	Texas	29.55217	-98.26973	US	1
Bourg	Louisiana	29.55355	-90.60231	US	1
Greatwood	Texas	29.55413	-95.67578	US	1
Rosenberg	Texas	29.55718	-95.80856	US	1
Presidio	Texas	29.56074	-104.37215	US	1
Cibolo	Texas	29.56162	-98.22696	US	1
El Lago	Texas	29.56356	-95.04521	US	1
Pearland	Texas	29.56357	-95.28605	US	1
Presquille	Louisiana	29.56383	-90.6462	US	1
Seabrook	Texas	29.56412	-95.02548	US	1
Live Oak	Texas	29.56523	-98.3364	US	1
Seguin	Texas	29.56884	-97.96473	US	1
Marion	Texas	29.57134	-98.14029	US	1
Larose	Louisiana	29.57244	-90.38175	US	1
Taylor Lake Village	Texas	29.57523	-95.05021	US	1
Helotes	Texas	29.57801	-98.68975	US	1
Richmond	Texas	29.58218	-95.76078	US	1
Hill Country Village	Texas	29.58245	-98.49085	US	1
Selma	Texas	29.58439	-98.30585	US	1
Shavano Park	Texas	29.58495	-98.55252	US	1
Palm Coast	Florida	29.58497	-81.20784	US	1
Brookside Village	Texas	29.5869	-95.32522	US	1
Eagle Lake	Texas	29.58968	-96.33358	US	1
Hawthorne	Florida	29.59191	-82.08732	US	1
McQueeney	Texas	29.59217	-98.03334	US	1
New Territory	Texas	29.59412	-95.68078	US	1
Houma	Louisiana	29.59577	-90.71953	US	1
Fifth Street	Texas	29.59829	-95.55133	US	1
Hollywood Park	Texas	29.6005	-98.48724	US	1
Lakehills	Texas	29.60467	-98.94309	US	1
Trenton	Florida	29.61329	-82.81762	US	1
Stafford	Texas	29.61607	-95.55772	US	1
Missouri City	Texas	29.61857	-95.53772	US	1
Sugar Land	Texas	29.61968	-95.63495	US	1
Shoreacres	Texas	29.62023	-95.00993	US	1
Bayou Cane	Louisiana	29.6241	-90.7512	US	1
Interlachen	Florida	29.62421	-81.89256	US	1
Pecan Grove	Texas	29.62607	-95.73162	US	1
Wallis	Texas	29.63135	-96.06524	US	1
Cross City	Florida	29.63465	-83.12694	US	1
Garden Ridge	Texas	29.63467	-98.30529	US	1
Cross Mountain	Texas	29.6455	-98.65947	US	1
Flagler Estates	Florida	29.64553	-81.457	US	1
Lockport	Louisiana	29.64605	-90.53925	US	1
Newberry	Florida	29.64635	-82.6065	US	1
Palatka	Florida	29.64858	-81.63758	US	1
Lockport Heights	Louisiana	29.65049	-90.54647	US	1
Meadows Place	Texas	29.65134	-95.588	US	1
Gainesville	Florida	29.65163	-82.32483	US	1
East Palatka	Florida	29.6583	-81.59841	US	1
Beach City	Texas	29.66217	-94.88992	US	1
Geronimo	Texas	29.663	-97.96695	US	1
South Houston	Texas	29.66301	-95.23549	US	1
La Porte	Texas	29.66578	-95.01937	US	1
Amelia	Louisiana	29.66632	-91.10204	US	1
Four Corners	Texas	29.66857	-95.65772	US	1
Steinhatchee	Florida	29.67106	-83.38764	US	1
Lake Dunlap	Texas	29.67578	-98.07223	US	1
Luling	Texas	29.68051	-97.6475	US	1
Schulenburg	Texas	29.6819	-96.90304	US	1
Weston Lakes	Texas	29.68324	-95.93571	US	1
Mathews	Louisiana	29.68632	-90.54675	US	1
Flatonia	Texas	29.68773	-97.1086	US	1
Bayou Vista	Louisiana	29.68965	-91.27094	US	1
Fulshear	Texas	29.68996	-95.89968	US	1
Pasadena	Texas	29.69106	-95.2091	US	1
Patterson	Louisiana	29.69326	-91.30205	US	1
Mission Bend	Texas	29.69384	-95.66495	US	1
Timberwood Park	Texas	29.69438	-98.49741	US	1
Berwick	Louisiana	29.69465	-91.21899	US	1
Gray	Louisiana	29.69771	-90.78648	US	1
Morgan City	Louisiana	29.69937	-91.20677	US	1
New Braunfels	Texas	29.703	-98.12445	US	1
Weimar	Texas	29.70301	-96.78053	US	1
Deer Park	Texas	29.70523	-95.12382	US	1
Bellaire	Texas	29.70579	-95.45883	US	1
Southside Place	Texas	29.70606	-95.43688	US	1
Columbus	Texas	29.70662	-96.53969	US	1
Scenic Oaks	Texas	29.71078	-98.67586	US	1
Alief	Texas	29.71106	-95.59633	US	1
West University Place	Texas	29.71801	-95.43383	US	1
Barataria	Louisiana	29.72327	-90.12369	US	1
Apalachicola	Florida	29.726	-84.9856	US	1
Bandera	Texas	29.72661	-99.07365	US	1
Raceland	Louisiana	29.72743	-90.59898	US	1
Leakey	Texas	29.72884	-99.76145	US	1
Galena Park	Texas	29.73356	-95.23021	US	1
Baytown	Texas	29.7355	-94.97743	US	1
Jean Lafitte	Louisiana	29.73604	-90.12674	US	1
Eastpoint	Florida	29.7366	-84.87852	US	1
Cinco Ranch	Texas	29.73884	-95.758	US	1
Schriever	Louisiana	29.74215	-90.81037	US	1
Bulverde	Texas	29.74383	-98.45307	US	1
Fair Oaks Ranch	Texas	29.74578	-98.64336	US	1
Alachua	Florida	29.75163	-82.42483	US	1
Piney Point Village	Texas	29.75995	-95.51716	US	1
Houston	Texas	29.76328	-95.36327	US	1
Bunker Hill Village	Texas	29.76745	-95.52994	US	1
Jacinto City	Texas	29.76745	-95.23382	US	1
Hunters Creek Village	Texas	29.77051	-95.4955	US	1
Anahuac	Texas	29.773	-94.6827	US	1
Channelview	Texas	29.77606	-95.11465	US	1
Hedwig Village	Texas	29.77745	-95.51716	US	1
Cloverleaf	Texas	29.77828	-95.17188	US	1
Sealy	Texas	29.78079	-96.15718	US	1
Katy	Texas	29.78579	-95.8244	US	1
Brookshire	Texas	29.78606	-95.95107	US	1
Keystone Heights	Florida	29.78608	-82.03149	US	1
Bayou Gauche	Louisiana	29.78743	-90.41314	US	1
Spring Valley	Texas	29.78967	-95.50355	US	1
Waldo	Florida	29.78969	-82.16732	US	1
Stowell	Texas	29.78994	-94.38324	US	1
Boerne	Texas	29.79466	-98.73197	US	1
Thibodaux	Louisiana	29.79576	-90.82287	US	1
Franklin	Louisiana	29.79604	-91.5015	US	1
Medina	Texas	29.79661	-99.24643	US	1
Cameron	Louisiana	29.79772	-93.32515	US	1
Butler Beach	Florida	29.7983	-81.26701	US	1
Redwood	Texas	29.81022	-97.91139	US	1
Saint Augustine Shores	Florida	29.8108	-81.31035	US	1
Port Saint Joe	Florida	29.81188	-85.30297	US	1
Highlands	Texas	29.81884	-95.05604	US	1
Winnie	Texas	29.82022	-94.38408	US	1
Des Allemands	Louisiana	29.82382	-90.47508	US	1
High Springs	Florida	29.82691	-82.59678	US	1
Labadieville	Louisiana	29.83743	-90.95621	US	1
Baldwin	Louisiana	29.83798	-91.54428	US	1
Saint Augustine South	Florida	29.84249	-81.31448	US	1
Martindale	Texas	29.8455	-97.84084	US	1
Estelle	Louisiana	29.84576	-90.10674	US	1
Mont Belvieu	Texas	29.84772	-94.89076	US	1
Saint Augustine Beach	Florida	29.85053	-81.26535	US	1
Carrabelle	Florida	29.85326	-84.66435	US	1
Belle Chasse	Louisiana	29.85493	-89.99063	US	1
Woodmere	Louisiana	29.85798	-90.08035	US	1
Supreme	Louisiana	29.85937	-90.98121	US	1
Sheldon	Texas	29.868	-95.12826	US	1
Old River-Winfree	Texas	29.86828	-94.8327	US	1
Bayou Boeuf	Louisiana	29.86937	-90.59675	US	1
Poydras	Louisiana	29.86937	-89.88895	US	1
Canyon Lake	Texas	29.87522	-98.26251	US	1
Timberlane	Louisiana	29.87743	-90.03202	US	1
Paradis	Louisiana	29.87965	-90.43397	US	1
Barrett	Texas	29.87995	-95.06298	US	1
Charenton	Louisiana	29.88159	-91.52511	US	1
San Marcos	Texas	29.88327	-97.94139	US	1
Chackbay	Louisiana	29.88354	-90.79732	US	1
Lockhart	Texas	29.88494	-97.67	US	1
Port Arthur	Texas	29.88519	-93.94233	US	1
Jersey Village	Texas	29.88772	-95.563	US	1
Saint Augustine	Florida	29.89469	-81.31452	US	1
Violet	Louisiana	29.89576	-89.89784	US	1
Marrero	Louisiana	29.89937	-90.10035	US	1
Boutte	Louisiana	29.90243	-90.38814	US	1
Harvey	Louisiana	29.90354	-90.07729	US	1
La Grange	Texas	29.9055	-96.87665	US	1
Westwego	Louisiana	29.90604	-90.1423	US	1
Grand Bayou Mobile Home Park	Louisiana	29.90802	-90.77711	US	1
Terrytown	Louisiana	29.91021	-90.03257	US	1
Jeanerette	Louisiana	29.91104	-91.66345	US	1
Crosby	Texas	29.91189	-95.06215	US	1
Avondale	Louisiana	29.91298	-90.20369	US	1
Gretna	Louisiana	29.91465	-90.05396	US	1
Waggaman	Louisiana	29.91854	-90.21091	US	1
Fannett	Texas	29.92605	-94.25074	US	1
Oak Cliff Place	Texas	29.92712	-95.62672	US	1
Meraux	Louisiana	29.93017	-89.91623	US	1
Luling	Louisiana	29.93215	-90.36647	US	1
Aldine	Texas	29.93245	-95.38021	US	1
Bridge City	Louisiana	29.93326	-90.17007	US	1
Villano Beach	Florida	29.93858	-81.30202	US	1
Harahan	Louisiana	29.94048	-90.20313	US	1
Napoleonville	Louisiana	29.94048	-91.02482	US	1
South Vacherie	Louisiana	29.94283	-90.69348	US	1
Chalmette	Louisiana	29.94296	-89.96537	US	1
Destrehan	Louisiana	29.94322	-90.35345	US	1
Starke	Florida	29.94413	-82.10983	US	1
Saint Rose	Louisiana	29.94687	-90.32313	US	1
Mexico Beach	Florida	29.94809	-85.41995	US	1
Delcambre	Louisiana	29.94826	-91.98873	US	1
Groves	Texas	29.94827	-93.91712	US	1
Bellville	Texas	29.95023	-96.25719	US	1
Ama	Louisiana	29.95215	-90.29647	US	1
Arabi	Louisiana	29.95437	-90.00535	US	1
New Orleans	Louisiana	29.95465	-90.07507	US	1
Elmwood	Louisiana	29.95659	-90.1898	US	1
Uhland	Texas	29.95772	-97.78611	US	1
Erath	Louisiana	29.95826	-92.03596	US	1
River Ridge	Louisiana	29.9602	-90.21563	US	1
Pierre Part	Louisiana	29.9652	-91.20316	US	1
Jefferson	Louisiana	29.96604	-90.15313	US	1
Comfort	Texas	29.96771	-98.90503	US	1
Cypress	Texas	29.96911	-95.69717	US	1
Nederland	Texas	29.97438	-93.9924	US	1
Abbeville	Louisiana	29.97465	-92.13429	US	1
Hahnville	Louisiana	29.97659	-90.40897	US	1
New Sarpy	Louisiana	29.97817	-90.38963	US	1
Metairie Terrace	Louisiana	29.97854	-90.16396	US	1
Metairie	Louisiana	29.98409	-90.15285	US	1
Kyle	Texas	29.98911	-97.87723	US	1
Port Neches	Texas	29.99132	-93.95851	US	1
Green Cove Springs	Florida	29.99191	-81.67815	US	1
Kenner	Louisiana	29.99409	-90.24174	US	1
Central Gardens	Texas	29.99549	-94.01406	US	1
Hackberry	Louisiana	29.99605	-93.3421	US	1
North Vacherie	Louisiana	29.99687	-90.70565	US	1
Wimberley	Texas	29.99744	-98.09862	US	1
Kaplan	Louisiana	29.99798	-92.28485	US	1
Atascocita	Texas	29.99883	-95.1766	US	1
Humble	Texas	29.99883	-95.26216	US	1
Norco	Louisiana	29.99909	-90.4123	US	1
New Iberia	Louisiana	30.00354	-91.81873	US	1
Montz	Louisiana	30.00687	-90.46869	US	1
Smithville	Texas	30.00855	-97.15943	US	1
Rocksprings	Texas	30.01576	-100.20536	US	1
Convent	Louisiana	30.02076	-90.82982	US	1
Bridge City	Texas	30.02077	-93.84573	US	1
Lake Butler	Florida	30.02274	-82.33956	US	1
Gueydan	Louisiana	30.02604	-92.50847	US	1
Paulina	Louisiana	30.02631	-90.71315	US	1
Woodcreek	Texas	30.02827	-98.11112	US	1
Lutcher	Louisiana	30.04048	-90.69898	US	1
Edgard	Louisiana	30.04326	-90.56009	US	1
Dayton	Texas	30.04661	-94.8852	US	1
Gramercy	Louisiana	30.04742	-90.68981	US	1
Kerrville	Texas	30.04743	-99.14032	US	1
China	Texas	30.04799	-94.33574	US	1
Asbury Lake	Florida	30.04913	-81.82149	US	1
Belle Rose	Louisiana	30.05048	-91.04149	US	1
Mayo	Florida	30.053	-83.17486	US	1
Reserve	Louisiana	30.05381	-90.55175	US	1
Garyville	Louisiana	30.05604	-90.61926	US	1
Waller	Texas	30.05661	-95.9269	US	1
Liberty	Texas	30.05799	-94.79548	US	1
Pine Island	Texas	30.058	-96.03746	US	1
Grand Point	Louisiana	30.06131	-90.75343	US	1
Laplace	Louisiana	30.06698	-90.48147	US	1
Middleburg	Florida	30.06885	-81.86038	US	1
Montegut	Louisiana	30.07076	-90.50203	US	0
Ingram	Texas	30.07743	-99.24032	US	1
Spring	Texas	30.07994	-95.41716	US	1
Lake Arthur	Louisiana	30.08076	-92.67153	US	1
St. Johns	Florida	30.0815	-81.54774	US	0
West Orange	Texas	30.08215	-93.75822	US	1
Buda	Texas	30.08521	-97.84028	US	1
Tyndall Air Force Base	Florida	30.08535	-85.60731	US	1
Beaumont	Texas	30.08605	-94.10185	US	1
Cade	Louisiana	30.08742	-91.9054	US	1
Orange	Texas	30.09299	-93.73655	US	1
Prairie View	Texas	30.09327	-95.98773	US	1
Fleming Island	Florida	30.0933	-81.71898	US	1
Tomball	Texas	30.09716	-95.61605	US	1
Hempstead	Texas	30.09744	-96.07829	US	1
Blanco	Texas	30.09799	-98.42141	US	1
Youngsville	Louisiana	30.09965	-91.99012	US	1
Donaldsonville	Louisiana	30.10114	-90.99412	US	1
Milton	Louisiana	30.10381	-92.07651	US	1
Maurice	Louisiana	30.10854	-92.12457	US	1
Bastrop	Texas	30.11049	-97.31527	US	1
Fruit Cove	Florida	30.11107	-81.64176	US	1
Wewahitchka	Florida	30.1127	-85.20047	US	1
Perry	Florida	30.11766	-83.58274	US	1
Saint Martinville	Louisiana	30.1252	-91.83345	US	1
Wyldwood	Texas	30.12938	-97.47277	US	1
Lakeside	Florida	30.12996	-81.76815	US	1
Parker	Florida	30.13104	-85.60326	US	1
Vidor	Texas	30.1316	-94.01545	US	1
Onion Creek	Texas	30.1366	-97.78417	US	1
Sour Lake	Texas	30.14021	-94.41102	US	1
Manchaca	Texas	30.14077	-97.83306	US	1
Sanderson	Texas	30.14241	-102.39403	US	1
Lower Grand Lagoon	Florida	30.14409	-85.75076	US	1
Broussard	Louisiana	30.14715	-91.96123	US	1
Bevil Oaks	Texas	30.15021	-94.26963	US	1
Porter Heights	Texas	30.15188	-95.32188	US	1
Callaway	Florida	30.15298	-85.56993	US	1
Springfield	Florida	30.15326	-85.61132	US	1
New Caney	Texas	30.15522	-95.21132	US	1
The Woodlands	Texas	30.15799	-95.48938	US	1
Panama City	Florida	30.15946	-85.65983	US	1
Oak Ridge North	Texas	30.16022	-95.44438	US	1
Circle D-KC Estates	Texas	30.161	-97.23473	US	1
Upper Grand Lagoon	Florida	30.16326	-85.74076	US	1
Pinewood Estates	Texas	30.16438	-94.32158	US	1
Shady Hollow	Texas	30.16493	-97.86223	US	1
Orange Park	Florida	30.16607	-81.70648	US	1
Brenham	Texas	30.16688	-96.39774	US	1
Carlyss	Louisiana	30.16882	-93.37599	US	1
White Castle	Louisiana	30.16992	-91.14705	US	1
Oakleaf Plantation	Florida	30.17083	-81.83549	US	1
Cedar Grove	Florida	30.17103	-85.6252	US	1
Pinehurst	Texas	30.17105	-95.68245	US	1
Crawfordville	Florida	30.17604	-84.37518	US	1
Panama City Beach	Florida	30.17659	-85.80549	US	1
Palm Valley	Florida	30.17746	-81.38758	US	1
Bellair-Meadowbrook Terrace	Florida	30.17881	-81.74341	US	1
Roman Forest	Texas	30.1791	-95.16243	US	1
Shenandoah	Texas	30.18022	-95.45577	US	1
Woodbranch	Texas	30.18105	-95.18882	US	1
Prien	Louisiana	30.18187	-93.27377	US	1
Giddings	Texas	30.18272	-96.93637	US	1
Sorrento	Louisiana	30.18436	-90.85926	US	1
Garfield	Texas	30.18744	-97.55778	US	1
Lake City	Florida	30.18968	-82.63929	US	1
Dripping Springs	Texas	30.19021	-98.08668	US	1
Vinton	Louisiana	30.19076	-93.58127	US	1
Camp Swift	Texas	30.19077	-97.29221	US	1
Watertown	Florida	30.19245	-82.61457	US	1
Sawgrass	Florida	30.19274	-81.37064	US	1
Patton Village	Texas	30.19299	-95.16882	US	1
Pretty Bayou	Florida	30.19659	-85.6966	US	1
Hiland Park	Florida	30.20103	-85.62687	US	1
Mauriceville	Texas	30.20354	-93.86628	US	1
Five Points	Florida	30.20912	-82.63735	US	1
Magnolia	Texas	30.20938	-95.75078	US	1
Lake Charles	Louisiana	30.21309	-93.2044	US	1
Crowley	Louisiana	30.21409	-92.37458	US	1
Catahoula	Louisiana	30.21464	-91.709	US	1
Carville	Louisiana	30.21742	-91.09621	US	1
Jennings	Louisiana	30.22243	-92.65708	US	1
Lafayette	Louisiana	30.22409	-92.01984	US	1
Eden Isle	Louisiana	30.22853	-89.79867	US	1
Wellborn	Florida	30.23106	-82.81957	US	1
Splendora	Texas	30.23299	-95.16104	US	1
Rayne	Louisiana	30.23493	-92.26846	US	1
Duson	Louisiana	30.23576	-92.1854	US	1
Scott	Louisiana	30.23576	-92.09457	US	1
Welsh	Louisiana	30.23604	-92.82265	US	1
Sulphur	Louisiana	30.23659	-93.37738	US	1
Iowa	Louisiana	30.23687	-93.01376	US	1
Gonzales	Louisiana	30.23853	-90.9201	US	1
Laguna Beach	Florida	30.23965	-85.9241	US	1
Ponte Vedra Beach	Florida	30.23969	-81.38564	US	1
Westlake	Louisiana	30.24215	-93.25071	US	1
Lynn Haven	Florida	30.24548	-85.64826	US	1
Gulf Shores	Alabama	30.24604	-87.70082	US	1
Pearlington	Mississippi	30.24658	-89.61117	US	1
Hornsby Bend	Texas	30.24743	-97.58333	US	1
Dauphin Island	Alabama	30.25548	-88.10972	US	1
Saint Gabriel	Louisiana	30.2577	-91.09927	US	1
Lumberton	Texas	30.26577	-94.19963	US	1
Austin	Texas	30.26715	-97.74306	US	1
Breaux Bridge	Louisiana	30.27353	-91.89928	US	1
Slidell	Louisiana	30.27519	-89.78117	US	1
Fredericksburg	Texas	30.2752	-98.87198	US	1
Ossun	Louisiana	30.27603	-92.11235	US	1
Johnson City	Texas	30.27687	-98.41197	US	1
Rollingwood	Texas	30.27687	-97.79112	US	1
Macclenny	Florida	30.28218	-82.12206	US	1
Barton Creek	Texas	30.28521	-97.86917	US	1
University of Texas	Texas	30.28604	-97.73889	US	1
Waveland	Mississippi	30.28686	-89.37616	US	1
Plaquemine	Louisiana	30.29005	-91.23497	US	1
Orange Beach	Alabama	30.29437	-87.57359	US	1
Jacksonville Beach	Florida	30.29469	-81.39314	US	1
Live Oak	Florida	30.29495	-82.98402	US	1
Lost Creek	Texas	30.29548	-97.84445	US	1
French Settlement	Louisiana	30.29599	-90.7963	US	1
Deweyville	Texas	30.29771	-93.7435	US	1
West Lake Hills	Texas	30.29798	-97.80195	US	1
Harper	Texas	30.29992	-99.24421	US	1
Moss Bluff	Louisiana	30.3027	-93.19071	US	1
Baldwin	Florida	30.30274	-81.97539	US	1
Prairieville	Louisiana	30.30297	-90.97205	US	1
Bee Cave	Texas	30.30854	-97.94501	US	1
Bay Saint Louis	Mississippi	30.30881	-89.33005	US	1
Marfa	Texas	30.30973	-104.02134	US	1
Conroe	Texas	30.31188	-95.45605	US	1
Neptune Beach	Florida	30.31191	-81.39647	US	1
Henderson	Louisiana	30.31325	-91.79039	US	1
Lacombe	Louisiana	30.31353	-89.94313	US	1
Woodville	Florida	30.31409	-84.2474	US	1
Pass Christian	Mississippi	30.31575	-89.24754	US	1
Carencro	Louisiana	30.31714	-92.04901	US	1
Seaside	Florida	30.32103	-86.14161	US	1
Iota	Louisiana	30.33131	-92.49569	US	1
Jacksonville	Florida	30.33218	-81.65565	US	1
Cut and Shoot	Texas	30.33327	-95.35799	US	1
Atlantic Beach	Florida	30.33441	-81.3987	US	1
Cecilia	Louisiana	30.33714	-91.85317	US	1
Manor	Texas	30.34076	-97.55695	US	1
Cleveland	Texas	30.34132	-95.08549	US	1
Gardere	Louisiana	30.34575	-91.14011	US	1
Somerville	Texas	30.34604	-96.5283	US	1
The Hills	Texas	30.34798	-97.98501	US	1
Silsbee	Texas	30.3491	-94.17796	US	1
Elgin	Texas	30.34965	-97.37027	US	1
Long Beach	Mississippi	30.35048	-89.15282	US	1
Addis	Louisiana	30.3538	-91.26539	US	1
Evadale	Texas	30.35493	-94.07268	US	1
Gulf Breeze	Florida	30.35714	-87.16386	US	1
Mandeville	Louisiana	30.35825	-90.06563	US	1
Alpine	Texas	30.35862	-103.66206	US	1
Killian	Louisiana	30.35881	-90.5862	US	1
Oak Hills Place	Louisiana	30.35992	-91.0876	US	1
Village Saint George	Louisiana	30.36214	-91.06733	US	1
Lakeway	Texas	30.36377	-97.97959	US	1
Youngstown	Florida	30.36436	-85.43826	US	1
Pascagoula	Mississippi	30.36576	-88.55613	US	1
Gulfport	Mississippi	30.36742	-89.09282	US	1
Kountze	Texas	30.3716	-94.31241	US	1
Oriole Beach	Florida	30.37381	-87.09136	US	1
Miramar Beach	Florida	30.37437	-86.35856	US	1
Pearl River	Louisiana	30.37603	-89.7484	US	1
Tiger Point	Florida	30.37853	-87.05552	US	1
De Lisle	Mississippi	30.37936	-89.26449	US	1
Panorama Village	Texas	30.38104	-95.49355	US	1
Old Jefferson	Louisiana	30.38269	-91.01705	US	1
Warrington	Florida	30.38409	-87.27497	US	1
Gautier	Mississippi	30.38575	-88.61169	US	1
Navasota	Texas	30.38798	-96.08773	US	1
Woodlawn Beach	Florida	30.38825	-86.9908	US	1
Gulf Park Estates	Mississippi	30.39187	-88.76114	US	1
Destin	Florida	30.39353	-86.49578	US	1
Brusly	Louisiana	30.39436	-91.25372	US	1
Diamondhead	Mississippi	30.39464	-89.36394	US	1
Santa Rosa Beach	Florida	30.39603	-86.22883	US	1
Biloxi	Mississippi	30.39603	-88.88531	US	1
Arnaudville	Louisiana	30.3977	-91.93151	US	1
Shenandoah	Louisiana	30.4013	-91.00094	US	1
Navarre	Florida	30.40159	-86.86357	US	1
Church Point	Louisiana	30.40298	-92.21513	US	1
Bayou La Batre	Alabama	30.40352	-88.24852	US	1
West Gulfport	Mississippi	30.40409	-89.0942	US	1
Inniswold	Louisiana	30.40491	-91.08344	US	1
Foley	Alabama	30.40659	-87.6836	US	1
Briarcliff	Texas	30.40742	-98.04446	US	1
Kiln	Mississippi	30.40908	-89.43505	US	1
Mary Esther	Florida	30.41015	-86.66509	US	1
Sunset	Louisiana	30.41131	-92.06845	US	1
Ocean Springs	Mississippi	30.41131	-88.82781	US	1
Moss Point	Mississippi	30.41159	-88.53446	US	1
Lillian	Alabama	30.41298	-87.43692	US	1
Westminster	Louisiana	30.4138	-91.0876	US	0
Elberta	Alabama	30.41436	-87.59776	US	1
Hudson Bend	Texas	30.41714	-97.92918	US	1
Lexington	Texas	30.4191	-97.01165	US	1
Fort Walton Beach	Florida	30.42059	-86.61707	US	1
Myrtle Grove	Florida	30.42103	-87.30747	US	1
Pensacola	Florida	30.42131	-87.21691	US	1
Willis	Texas	30.42493	-95.47994	US	1
D'Iberville	Mississippi	30.42631	-88.89086	US	1
West Pensacola	Florida	30.42659	-87.27969	US	1
East Pensacola Heights	Florida	30.42881	-87.17997	US	1
Gulf Hills	Mississippi	30.43048	-88.84225	US	1
Bristol	Florida	30.43247	-84.97702	US	1
Buna	Texas	30.43298	-93.9624	US	1
Saint Martin	Mississippi	30.43798	-88.86809	US	1
Tallahassee	Florida	30.43826	-84.28073	US	1
Ponchatoula	Louisiana	30.4388	-90.44148	US	1
Pflugerville	Texas	30.43937	-97.62	US	1
Ocean City	Florida	30.44103	-86.61356	US	1
Lake Lorraine	Florida	30.44159	-86.56523	US	1
Jollyville	Texas	30.4427	-97.77501	US	1
Goulding	Florida	30.44298	-87.22247	US	1
Baton Rouge	Louisiana	30.44332	-91.18747	US	1
Blountstown	Florida	30.44379	-85.04744	US	1
Wells Branch	Texas	30.44604	-97.67945	US	1
Holley	Florida	30.44686	-86.90691	US	1
DeQuincy	Louisiana	30.45048	-93.43322	US	1
Port Allen	Louisiana	30.45214	-91.21011	US	1
Anderson Mill	Texas	30.45492	-97.80584	US	1
Wright	Florida	30.45575	-86.63829	US	1
Hickory Hills	Mississippi	30.45687	-88.63919	US	1
Windemere	Texas	30.45886	-97.66066	US	1
Eglin Air Force Base	Florida	30.45907	-86.55026	US	1
Lago Vista	Texas	30.4602	-97.98835	US	1
Bellview	Florida	30.46159	-87.31497	US	1
Eglin Village	Florida	30.46298	-86.5394	US	1
Brent	Florida	30.46881	-87.23608	US	1
Madison	Florida	30.46938	-83.41293	US	1
Leonville	Louisiana	30.47047	-91.97845	US	1
Point Clear	Alabama	30.47408	-87.91916	US	1
Covington	Louisiana	30.47549	-90.10042	US	1
Grand Bay	Alabama	30.47631	-88.34223	US	1
Nicholson	Mississippi	30.47714	-89.69367	US	1
Abita Springs	Louisiana	30.47864	-90.04008	US	1
Elton	Louisiana	30.48131	-92.6957	US	1
Basile	Louisiana	30.4852	-92.59597	US	1
Kinder	Louisiana	30.48548	-92.8507	US	1
Escatawpa	Mississippi	30.487	-88.552	US	1
Anderson	Texas	30.48715	-95.9869	US	1
Denham Springs	Louisiana	30.4874	-90.95753	US	1
Summerdale	Alabama	30.4877	-87.69971	US	1
Walker	Louisiana	30.48797	-90.86149	US	1
Junction	Texas	30.48936	-99.77201	US	1
Maringouin	Louisiana	30.4913	-91.51955	US	1
Eunice	Louisiana	30.49437	-92.41763	US	1
Helena	Mississippi	30.49464	-88.49585	US	1
Lyman	Mississippi	30.49474	-89.12561	US	1
Jonestown	Texas	30.49547	-97.92335	US	1
Midway	Florida	30.49548	-84.45435	US	1
Shepherd	Texas	30.49798	-94.9966	US	1
Freeport	Florida	30.49825	-86.13605	US	1
Merrydale	Louisiana	30.5013	-91.10844	US	1
Livingston	Louisiana	30.50213	-90.74787	US	1
Albany	Louisiana	30.50436	-90.58231	US	1
Hammond	Louisiana	30.50463	-90.46293	US	1
Cedar Park	Texas	30.5052	-97.82029	US	1
Round Rock	Texas	30.50826	-97.6789	US	1
Valparaiso	Florida	30.50853	-86.50273	US	1
Ferry Pass	Florida	30.5102	-87.21247	US	1
Nassau Village-Ratliff	Florida	30.51111	-81.80925	US	1
Brushy Creek	Texas	30.51353	-97.73973	US	1
Niceville	Florida	30.51686	-86.48217	US	1
Jasper	Florida	30.51827	-82.94819	US	1
Lawtell	Louisiana	30.51853	-92.18485	US	1
Ensley	Florida	30.51881	-87.27275	US	1
Fairhope	Alabama	30.52297	-87.90333	US	1
Wildwood	Texas	30.52409	-94.44158	US	1
Picayune	Mississippi	30.52556	-89.67788	US	1
Erwinville	Louisiana	30.53102	-91.40789	US	1
Caldwell	Texas	30.53132	-96.69303	US	1
Opelousas	Louisiana	30.53353	-92.08151	US	1
Latimer	Mississippi	30.53464	-88.8667	US	1
Krotz Springs	Louisiana	30.53686	-91.75289	US	1
New Waverly	Texas	30.5377	-95.48328	US	1
Vancleave	Mississippi	30.54047	-88.68752	US	1
Hutto	Texas	30.5427	-97.54667	US	1
Horseshoe Bay	Texas	30.54429	-98.37394	US	1
Monticello	Florida	30.54515	-83.8713	US	1
Natalbany	Louisiana	30.54622	-90.48619	US	1
Brownsfield	Louisiana	30.54658	-91.12066	US	1
Theodore	Alabama	30.54769	-88.17528	US	1
Robertsdale	Alabama	30.5538	-87.71193	US	1
Central	Louisiana	30.55435	-91.03677	US	1
Cottonwood Shores	Texas	30.55575	-98.32391	US	1
Livonia	Louisiana	30.55908	-91.55594	US	1
Port Barre	Louisiana	30.5602	-91.95401	US	1
Callahan	Florida	30.56218	-81.83066	US	1
Meadowlakes	Texas	30.56245	-98.29867	US	1
Hide-A-Way Lake	Mississippi	30.56492	-89.6402	US	1
Sonora	Texas	30.56685	-100.64343	US	1
Taylor	Texas	30.57076	-97.40944	US	1
Watson	Louisiana	30.57574	-90.95316	US	1
Marble Falls	Texas	30.57841	-98.27507	US	1
Leander	Texas	30.57881	-97.85307	US	1
Gonzalez	Florida	30.58158	-87.29136	US	1
Quincy	Florida	30.58714	-84.58325	US	1
Fort Davis	Texas	30.58821	-103.89463	US	1
Baker	Louisiana	30.58824	-91.16816	US	1
Granite Shoals	Texas	30.58908	-98.38392	US	1
Tillmans Corner	Alabama	30.59019	-88.17084	US	1
Coldspring	Texas	30.59242	-95.12938	US	1
Bagdad	Florida	30.5988	-87.03223	US	1
Pace	Florida	30.59936	-87.16108	US	1
Daphne	Alabama	30.60353	-87.9036	US	1
Cantonment	Florida	30.60853	-87.33998	US	0
Thorndale	Texas	30.61381	-97.20555	US	1
East Milton	Florida	30.61519	-87.02163	US	1
Carriere	Mississippi	30.61686	-89.65256	US	1
Gretna	Florida	30.61714	-84.65991	US	1
Loxley	Alabama	30.61825	-87.75305	US	1
Oberlin	Louisiana	30.6202	-92.76265	US	1
Havana	Florida	30.62381	-84.41463	US	1
College Station	Texas	30.62798	-96.33441	US	1
Yulee	Florida	30.6319	-81.60649	US	1
Milton	Florida	30.63241	-87.03969	US	1
Georgetown	Texas	30.63269	-97.67723	US	1
Mamou	Louisiana	30.63381	-92.4193	US	1
Independence	Louisiana	30.63551	-90.50335	US	1
Saucier	Mississippi	30.63575	-89.13504	US	1
Wade	Mississippi	30.64242	-88.56974	US	1
Zachary	Louisiana	30.64852	-91.1565	US	1
Rockdale	Texas	30.65548	-97.00137	US	1
Kingsland	Texas	30.65824	-98.44058	US	1
Kirbyville	Texas	30.66048	-93.89268	US	1
Hurley	Mississippi	30.66103	-88.49418	US	1
Liberty Hill	Texas	30.66491	-97.92252	US	1
Fernandina Beach	Florida	30.66968	-81.46259	US	1
Bryan	Texas	30.67436	-96.36996	US	1
Spanish Fort	Alabama	30.67491	-87.91527	US	1
Wallace	Florida	30.67741	-87.17997	US	1
Ville Platte	Louisiana	30.68797	-92.27152	US	1
Point Baker	Florida	30.69019	-87.05358	US	1
Hilliard	Florida	30.69107	-81.91733	US	1
Melville	Louisiana	30.69297	-91.744	US	1
Mobile	Alabama	30.69436	-88.04305	US	1
West Livingston	Texas	30.69825	-95.00188	US	1
Serenada	Texas	30.69936	-97.69195	US	1
New Roads	Louisiana	30.70157	-91.43622	US	1
Statenville	Georgia	30.70327	-83.02764	US	1
Chattahoochee	Florida	30.70546	-84.84574	US	1
Sneads	Florida	30.70801	-84.92552	US	1
Ozona	Texas	30.71017	-101.20067	US	1
Livingston	Texas	30.71103	-94.93299	US	1
Granger	Texas	30.71769	-97.44278	US	1
DeFuniak Springs	Florida	30.72102	-86.11522	US	1
Huntsville	Texas	30.72353	-95.55078	US	1
Molino	Florida	30.72408	-87.31414	US	1
Amite	Louisiana	30.72657	-90.50898	US	1
St. Marys	Georgia	30.73051	-81.54649	US	1
Plateau	Alabama	30.73562	-88.06063	US	1
Prichard	Alabama	30.7388	-88.07889	US	1
Buchanan Dam	Texas	30.7399	-98.43114	US	1
Bertram	Texas	30.7438	-98.05558	US	1
Mason	Texas	30.74879	-99.23061	US	1
Merryville	Louisiana	30.75437	-93.54045	US	1
St Marys	Georgia	30.75677	-81.57173	US	1
Burnet	Texas	30.75824	-98.22836	US	1
Llano	Texas	30.75935	-98.67504	US	1
Crestview	Florida	30.76213	-86.57051	US	1
Chickasaw	Alabama	30.7638	-88.07472	US	1
Roseland	Louisiana	30.76491	-90.51176	US	1
Marianna	Florida	30.77436	-85.22687	US	1
Woodville	Texas	30.7752	-94.41548	US	1
Semmes	Alabama	30.77824	-88.25917	US	1
Saint Francisville	Louisiana	30.7799	-91.3765	US	1
Chipley	Florida	30.78186	-85.53854	US	1
Pine Prairie	Louisiana	30.78381	-92.42541	US	1
Quitman	Georgia	30.78492	-83.55988	US	1
Bogalusa	Louisiana	30.79102	-89.84869	US	1
Bonifay	Florida	30.79186	-85.67965	US	1
Boston	Georgia	30.79186	-83.78989	US	1
Bartlett	Texas	30.79491	-97.42556	US	1
Kings Bay Base	Georgia	30.79836	-81.56589	US	1
Kingsland	Georgia	30.79996	-81.68983	US	1
Onalaska	Texas	30.80575	-95.11633	US	1
Oakdale	Louisiana	30.81603	-92.66042	US	1
Saraland	Alabama	30.82074	-88.07056	US	1
Jarrell	Texas	30.82491	-97.60445	US	1
Greensburg	Louisiana	30.83074	-90.67176	US	1
Folkston	Georgia	30.83095	-82.01131	US	1
Valdosta	Georgia	30.83334	-83.28032	US	1
Thomasville	Georgia	30.83658	-83.97878	US	1
Jackson	Louisiana	30.8374	-91.21761	US	1
Poplarville	Mississippi	30.84019	-89.53423	US	1
Batchelor	Louisiana	30.84046	-91.66151	US	1
Florence	Texas	30.8413	-97.79363	US	1
Remerton	Georgia	30.84409	-83.31043	US	1
DeRidder	Louisiana	30.84631	-93.28905	US	1
Franklinton	Louisiana	30.84731	-90.15527	US	1
Newton	Texas	30.84853	-93.7574	US	1
Satsuma	Alabama	30.85324	-88.05611	US	1
Cameron	Texas	30.85325	-96.97693	US	1
Wiggins	Mississippi	30.85824	-89.13533	US	1
Eldorado	Texas	30.86017	-100.60093	US	1
Clinton	Louisiana	30.86574	-91.01566	US	1
Cairo	Georgia	30.87751	-84.20214	US	1
Holland	Texas	30.87824	-97.40167	US	1
Hearne	Texas	30.87852	-96.59303	US	1
Bay Minette	Alabama	30.88296	-87.77305	US	1
Creola	Alabama	30.89185	-88.03972	US	1
Fort Stockton	Texas	30.89404	-102.87932	US	1
Bainbridge	Georgia	30.9038	-84.57547	US	1
Iraan	Texas	30.91405	-101.89791	US	1
Menard	Texas	30.91767	-99.78646	US	1
Rosepine	Louisiana	30.91991	-93.28239	US	1
Jasper	Texas	30.9202	-93.99658	US	1
Lucedale	Mississippi	30.92519	-88.59002	US	1
Sparks	Texas	30.92852	-97.35972	US	1
Rogers	Texas	30.93157	-97.22666	US	1
Kentwood	Louisiana	30.93824	-90.50898	US	1
Trinity	Texas	30.94519	-95.3755	US	1
Salado	Texas	30.94713	-97.53862	US	1
Madisonville	Texas	30.94991	-95.91162	US	1
Bunkie	Louisiana	30.95325	-92.18263	US	1
Graceville	Florida	30.95685	-85.5166	US	1
Malone	Florida	30.95769	-85.16215	US	1
Woodbine	Georgia	30.96396	-81.72416	US	1
Century	Florida	30.97324	-87.26386	US	1
Glenmora	Louisiana	30.97658	-92.58514	US	1
Calvert	Texas	30.97797	-96.67386	US	1
Simmesport	Louisiana	30.98352	-91.80012	US	1
Cottonport	Louisiana	30.98408	-92.05346	US	1
Little River-Academy	Texas	30.98629	-97.35861	US	1
Hahira	Georgia	30.99131	-83.37266	US	1
Corrigan	Texas	30.99686	-94.82715	US	1
Flomaton	Alabama	31.00018	-87.26081	US	1
Lumberton	Mississippi	31.00129	-89.45229	US	1
Florala	Alabama	31.00518	-86.328	US	1
Atmore	Alabama	31.02379	-87.49387	US	1
Franklin	Texas	31.02602	-96.48524	US	1
Geneva	Alabama	31.03296	-85.86382	US	1
Homerville	Georgia	31.0366	-82.74708	US	1
Van Horn	Texas	31.04029	-104.83073	US	1
Donalsonville	Georgia	31.04046	-84.87909	US	1
Lakeland	Georgia	31.04104	-83.07515	US	1
Cottonwood	Alabama	31.04879	-85.30493	US	1
Fort Polk South	Louisiana	31.0511	-93.21578	US	1
Groveton	Texas	31.05491	-95.12577	US	1
Belton	Texas	31.05601	-97.46445	US	1
Mansura	Louisiana	31.05797	-92.04901	US	1
Lampasas	Texas	31.06378	-98.1817	US	1
Sam Rayburn	Texas	31.06408	-94.03575	US	1
Meigs	Georgia	31.07241	-84.08907	US	1
Rosebud	Texas	31.07296	-96.9786	US	1
Ray City	Georgia	31.07464	-83.19932	US	1
Nolanville	Texas	31.07879	-97.60557	US	1
Hilltop Lakes	Texas	31.07935	-96.20385	US	1
Kempner	Texas	31.08101	-98.00252	US	1
Harker Heights	Texas	31.08351	-97.65974	US	1
Mount Vernon	Alabama	31.08518	-88.01333	US	1
Centreville	Mississippi	31.08962	-91.06844	US	1
Citronelle	Alabama	31.09073	-88.22806	US	1
East Brewton	Alabama	31.09323	-87.06275	US	1
Lecompte	Louisiana	31.09463	-92.40041	US	1
Temple	Texas	31.09823	-97.34278	US	1
Hartford	Alabama	31.1024	-85.69688	US	1
Fort Polk North	Louisiana	31.10302	-93.17913	US	1
Woodville	Mississippi	31.10462	-91.29956	US	1
Brewton	Alabama	31.10518	-87.07219	US	1
Slocomb	Alabama	31.10823	-85.59438	US	1
Samson	Alabama	31.11295	-86.04605	US	1
New Llano	Louisiana	31.11491	-93.27155	US	1
Tylertown	Mississippi	31.11601	-90.14203	US	1
Killeen	Texas	31.11712	-97.7278	US	1
Rehobeth	Alabama	31.12296	-85.45271	US	1
Copperas Cove	Texas	31.12406	-97.90308	US	1
Marksville	Louisiana	31.12797	-92.06624	US	1
Pelham	Georgia	31.12802	-84.15304	US	1
Fort Cavazos	Texas	31.13489	-97.77561	US	1
Brady	Texas	31.13517	-99.33506	US	1
McCamey	Texas	31.13598	-102.2243	US	1
Adel	Georgia	31.13727	-83.42408	US	1
Malvern	Alabama	31.13934	-85.5191	US	1
Magnolia	Mississippi	31.14323	-90.45871	US	1
Purvis	Mississippi	31.14324	-89.40979	US	1
Leesville	Louisiana	31.14352	-93.261	US	1
Woodworth	Louisiana	31.14658	-92.49736	US	1
Morgans Point Resort	Texas	31.14823	-97.46334	US	1
Brunswick	Georgia	31.15013	-81.49147	US	1
Saint Simons Island	Georgia	31.15051	-81.36954	US	1
Leakesville	Mississippi	31.15574	-88.5578	US	1
Liberty	Mississippi	31.15823	-90.81232	US	1
Taylor	Alabama	31.1649	-85.46827	US	1
Sparks	Georgia	31.16686	-83.43738	US	1
Saint Simon Mills	Georgia	31.17079	-81.40732	US	1
Colquitt	Georgia	31.17129	-84.73325	US	1
Sierra Blanca	Texas	31.17457	-105.35718	US	1
Moultrie	Georgia	31.17991	-83.78906	US	1
Ashford	Alabama	31.18296	-85.23632	US	1
Diboll	Texas	31.18713	-94.78104	US	1
Big Lake	Texas	31.19154	-101.46039	US	1
San Saba	Texas	31.19572	-98.7181	US	1
Cowarts	Alabama	31.20018	-85.30465	US	1
Dock Junction	Georgia	31.20245	-81.51677	US	1
New Augusta	Mississippi	31.20263	-89.03668	US	1
Nahunta	Georgia	31.20439	-81.98123	US	1
Troy	Texas	31.20684	-97.30278	US	1
Nashville	Georgia	31.20742	-83.25015	US	1
Waycross	Georgia	31.21368	-82.3557	US	1
Eden	Texas	31.21628	-99.84563	US	1
Rankin	Texas	31.22265	-101.93791	US	1
Dothan	Alabama	31.22323	-85.39049	US	1
Camilla	Georgia	31.23129	-84.21046	US	1
Deenwood	Georgia	31.235	-82.375	US	1
Sunnyside	Georgia	31.23938	-82.34207	US	1
McComb	Mississippi	31.24379	-90.45315	US	1
Columbia	Mississippi	31.25184	-89.83758	US	1
Centerville	Texas	31.25796	-95.97829	US	1
Webb	Alabama	31.26045	-85.27327	US	1
Mertzon	Texas	31.26183	-100.81733	US	1
Sterling	Georgia	31.27245	-81.56149	US	1
Huntington	Texas	31.27769	-94.57659	US	1
Opp	Alabama	31.28267	-86.25551	US	1
Summit	Mississippi	31.28379	-90.46843	US	1
Pearson	Georgia	31.2977	-82.85237	US	1
Fort Hancock	Texas	31.29846	-105.84525	US	1
Kinsey	Alabama	31.29906	-85.34438	US	1
Level Plains	Alabama	31.29962	-85.77799	US	1
Bruceville-Eddy	Texas	31.30517	-97.25167	US	1
Blackshear	Georgia	31.30605	-82.24207	US	1
Marlin	Texas	31.30629	-96.89804	US	1
Andalusia	Alabama	31.30808	-86.48243	US	1
Moody	Texas	31.30823	-97.3614	US	1
Daleville	Alabama	31.31017	-85.71299	US	1
Alexandria	Louisiana	31.31129	-92.44514	US	1
Newton	Georgia	31.31296	-84.33574	US	1
Enterprise	Alabama	31.31517	-85.85522	US	1
Holly Springs	Mississippi	31.31573	-89.97786	US	1
Crockett	Texas	31.31824	-95.45661	US	1
Midland City	Alabama	31.31906	-85.49382	US	1
West Hattiesburg	Mississippi	31.31906	-89.37506	US	1
Pineville	Louisiana	31.3224	-92.4343	US	1
Hudson	Texas	31.32268	-94.77826	US	1
Hattiesburg	Mississippi	31.32712	-89.29034	US	1
Newton	Alabama	31.33517	-85.60521	US	1
Arnold Line	Mississippi	31.33517	-89.3734	US	1
Naco	Arizona	31.33538	-109.94813	US	1
Lufkin	Texas	31.33824	-94.7291	US	1
Nogales	Arizona	31.34038	-110.93425	US	1
Hemphill	Texas	31.34074	-93.84685	US	1
Willacoochee	Georgia	31.34076	-83.04598	US	1
Omega	Georgia	31.34102	-83.5935	US	1
Fort Novosel	Alabama	31.34282	-85.71538	US	1
Douglas	Arizona	31.34455	-109.54534	US	1
Petal	Mississippi	31.34656	-89.26006	US	1
Richton	Mississippi	31.34934	-88.94005	US	1
Headland	Alabama	31.35128	-85.34216	US	1
Pirtleville	Arizona	31.35716	-109.56352	US	1
Deville	Louisiana	31.3574	-92.16541	US	1
Jewett	Texas	31.36157	-96.14413	US	1
Glendale	Mississippi	31.36462	-89.30617	US	1
Darien	Georgia	31.37023	-81.43399	US	1
Blakely	Georgia	31.37768	-84.93409	US	1
Hickory Creek	Texas	31.37879	-95.32133	US	1
Rawls Springs	Mississippi	31.38073	-89.37145	US	1
New Brockton	Alabama	31.38572	-85.92939	US	1
Lorena	Texas	31.38656	-97.21556	US	1
Crane	Texas	31.39736	-102.35014	US	1
Redland	Texas	31.40435	-94.72132	US	1
Enigma	Georgia	31.41297	-83.32905	US	1
Elba	Alabama	31.41461	-86.06772	US	1
Ball	Louisiana	31.41546	-92.4118	US	1
Sumrall	Mississippi	31.41739	-89.54229	US	1
Pecos	Texas	31.42291	-103.49323	US	1
Milam	Texas	31.4324	-93.84574	US	1
Evergreen	Alabama	31.4335	-86.95692	US	1
Frisco City	Alabama	31.4335	-87.40138	US	1
Unionville	Georgia	31.43491	-83.50961	US	1
Gatesville	Texas	31.43516	-97.74391	US	1
Arlington	Georgia	31.4399	-84.72492	US	1
McGregor	Texas	31.44406	-97.40918	US	1
Tornillo	Texas	31.4454	-106.08831	US	1
Bisbee	Arizona	31.44815	-109.92841	US	1
Goldthwaite	Texas	31.44989	-98.57088	US	1
Tifton	Georgia	31.45046	-83.5085	US	1
Sierra Vista Southeast	Arizona	31.45385	-110.21637	US	1
Ozark	Alabama	31.45906	-85.64049	US	1
Hewitt	Texas	31.46239	-97.19584	US	1
Bude	Mississippi	31.46295	-90.8501	US	1
San Angelo	Texas	31.46377	-100.43704	US	1
Buffalo	Texas	31.46379	-96.05802	US	1
Chatom	Alabama	31.46517	-88.25446	US	1
Robinson	Texas	31.46767	-97.11472	US	1
Putney	Georgia	31.47018	-84.11768	US	1
Rio Rico	Arizona	31.47148	-110.97648	US	1
Meadville	Mississippi	31.47239	-90.89677	US	1
Riesel	Texas	31.47489	-96.92333	US	1
Grapeland	Texas	31.49185	-95.47856	US	1
Fabens	Texas	31.50234	-106.15859	US	1
Woodway	Texas	31.506	-97.20501	US	1
Paint Rock	Texas	31.50849	-99.92008	US	1
Douglas	Georgia	31.50881	-82.84987	US	1
Jackson	Alabama	31.50905	-87.89444	US	1
Center	Texas	31.51073	-96.4247	US	1
Nicholls	Georgia	31.51742	-82.63486	US	1
Colfax	Louisiana	31.51906	-92.70682	US	1
Ames	Texas	31.52099	-97.77947	US	1
Beverly Hills	Texas	31.52156	-97.15389	US	1
Groesbeck	Texas	31.52434	-96.53387	US	1
Beverly	Texas	31.52517	-97.14195	US	1
Monroeville	Alabama	31.52794	-87.32471	US	1
San Augustine	Texas	31.5299	-94.10603	US	1
Sylvester	Georgia	31.53092	-83.83693	US	1
Morgan	Georgia	31.53767	-84.59936	US	1
Alma	Georgia	31.53937	-82.46236	US	1
Mart	Texas	31.54239	-96.8336	US	1
Waco	Texas	31.54933	-97.14667	US	1
Monticello	Mississippi	31.55378	-90.10731	US	1
Sierra Vista	Arizona	31.55454	-110.30369	US	1
Edison	Georgia	31.55823	-84.73825	US	1
Natchez	Mississippi	31.56017	-91.40329	US	1
Vidalia	Louisiana	31.56544	-91.42595	US	1
Belmont	Mississippi	31.56877	-88.48391	US	1
Many	Louisiana	31.56878	-93.48406	US	1
Abbeville	Alabama	31.57184	-85.25049	US	1
Morgantown	Mississippi	31.57267	-91.34761	US	1
Jack	Alabama	31.57405	-86.00023	US	1
Albany	Georgia	31.57851	-84.15574	US	1
Brookhaven	Mississippi	31.57906	-90.44065	US	1
Grape Creek	Texas	31.57932	-100.5476	US	1
Minorca	Louisiana	31.57933	-91.48179	US	1
San Elizario	Texas	31.58511	-106.27276	US	1
Clint	Texas	31.59234	-106.22414	US	1
Bellmead	Texas	31.59405	-97.10889	US	1
Monahans	Texas	31.5943	-102.89265	US	1
Ocilla	Georgia	31.59447	-83.2513	US	1
Prentiss	Mississippi	31.5985	-89.86702	US	1
Nacogdoches	Texas	31.60351	-94.65549	US	1
Ellisville	Mississippi	31.60405	-89.19561	US	1
Jesup	Georgia	31.60785	-81.88634	US	1
Fort Gaines	Georgia	31.60924	-85.04933	US	1
Tubac	Arizona	31.61259	-111.04592	US	1
Elkhart	Texas	31.62517	-95.5794	US	1
Broxton	Georgia	31.62519	-82.88681	US	1
Jonesville	Louisiana	31.62656	-91.81818	US	1
Teague	Texas	31.62711	-96.28386	US	1
Huachuca City	Arizona	31.62787	-110.33397	US	1
Lacy-Lakeview	Texas	31.62933	-97.10278	US	1
Ferriday	Louisiana	31.63017	-91.55456	US	1
Zwolle	Louisiana	31.63156	-93.64407	US	1
Socorro Mission Number 1 Colonia	Texas	31.63622	-106.29054	US	1
Northcrest	Texas	31.63655	-97.09972	US	1
Georgiana	Alabama	31.6371	-86.74192	US	1
West Ferriday	Louisiana	31.64044	-91.57318	US	1
Collins	Mississippi	31.64544	-89.55535	US	1
Alto	Texas	31.65045	-95.07272	US	1
Socorro	Texas	31.65456	-106.30331	US	1
Agua Dulce	Texas	31.65511	-106.13887	US	1
Valley Mills	Texas	31.65933	-97.47224	US	1
Waynesboro	Mississippi	31.67488	-88.64615	US	1
Mexia	Texas	31.67989	-96.4822	US	1
Jena	Louisiana	31.68323	-92.13374	US	1
Midway	Louisiana	31.69212	-92.15236	US	1
Whetstone	Arizona	31.69251	-110.35013	US	1
Horizon City	Texas	31.69261	-106.20748	US	1
Laurel	Mississippi	31.69405	-89.13061	US	1
Gholson	Texas	31.701	-97.2164	US	1
Wesson	Mississippi	31.70128	-90.39759	US	1
Hamilton	Texas	31.70377	-98.12392	US	1
Mentone	Texas	31.70513	-103.59935	US	1
Ashburn	Georgia	31.70601	-83.65322	US	1
Ludowici	Georgia	31.70799	-81.74234	US	1
Grove Hill	Alabama	31.70877	-87.77722	US	1
Clio	Alabama	31.70878	-85.6105	US	1
Brownwood	Texas	31.70932	-98.99116	US	1
Fayette	Mississippi	31.71155	-91.06066	US	1
Tombstone	Arizona	31.71287	-110.06758	US	1
Fitzgerald	Georgia	31.71491	-83.25265	US	1
Luverne	Alabama	31.71655	-86.26385	US	1
Bangs	Texas	31.7171	-99.13255	US	1
Brundidge	Alabama	31.72016	-85.81606	US	1
Fairfield	Texas	31.72461	-96.16525	US	1
Arivaca Junction	Arizona	31.72731	-111.0612	US	1
Leesburg	Georgia	31.73212	-84.17074	US	1
Vienna Bend	Louisiana	31.73239	-93.041	US	1
Ballinger	Texas	31.73821	-99.94731	US	1
Santa Anna	Texas	31.74209	-99.32173	US	1
Early	Texas	31.7421	-98.94561	US	1
Wink	Texas	31.75124	-103.15989	US	1
El Paso	Texas	31.75872	-106.48693	US	1
Natchitoches	Louisiana	31.76072	-93.08627	US	1
Palestine	Texas	31.76212	-95.63079	US	1
Cuthbert	Georgia	31.77127	-84.78937	US	1
Harrisonburg	Louisiana	31.77211	-91.82152	US	1
Dawson	Georgia	31.77382	-84.448	US	1
Walthourville	Georgia	31.7741	-81.63261	US	1
Baxley	Georgia	31.77825	-82.34846	US	1
Clifton	Texas	31.78238	-97.57669	US	1
Wortham	Texas	31.78794	-96.46248	US	1
Sharon	Mississippi	31.7896	-89.09867	US	1
Rusk	Texas	31.79601	-95.15022	US	1
Sunland Park	New Mexico	31.7965	-106.57999	US	1
West	Texas	31.80238	-97.09167	US	1
Midway	Georgia	31.80577	-81.43066	US	1
Troy	Alabama	31.80877	-85.96995	US	1
Homestead Meadows South	Texas	31.81097	-106.16427	US	1
Fort Bliss	Texas	31.81357	-106.41224	US	1
Lake Brownwood	Texas	31.824	-99.099	US	1
Coleman	Texas	31.82737	-99.42645	US	1
Columbus	New Mexico	31.8276	-107.64002	US	1
Greenville	Alabama	31.8296	-86.61775	US	1
Taylorsville	Mississippi	31.8296	-89.42812	US	1
Sterling City	Texas	31.83625	-100.98483	US	1
West Odessa	Texas	31.84235	-102.49876	US	1
Odessa	Texas	31.84568	-102.36764	US	1
Hinesville	Georgia	31.84688	-81.59595	US	1
Hubbard	Texas	31.84849	-96.79721	US	1
Homestead Meadows North	Texas	31.84963	-106.17285	US	1
Green Valley	Arizona	31.85425	-110.9937	US	1
Kermit	Texas	31.85763	-103.09267	US	1
Laguna Park	Texas	31.85932	-97.37974	US	1
Hazlehurst	Mississippi	31.86044	-90.39593	US	1
Urania	Louisiana	31.86378	-92.29597	US	1
Garden City	Texas	31.86402	-101.48123	US	1
Hazlehurst	Georgia	31.86963	-82.5943	US	1
Fort Stewart	Georgia	31.87217	-81.61001	US	1
Magee	Mississippi	31.87377	-89.73369	US	1
Clayton	Alabama	31.87822	-85.44966	US	1
Eufaula	Alabama	31.89127	-85.14549	US	1
Robert Lee	Texas	31.89237	-100.48482	US	1
Campti	Louisiana	31.8935	-93.11822	US	1
Comanche	Texas	31.89737	-98.60366	US	1
Olla	Louisiana	31.90294	-92.24319	US	1
Timpson	Texas	31.90378	-94.3952	US	1
Saint David	Arizona	31.90425	-110.21424	US	1
Canutillo	Texas	31.91149	-106.60027	US	1
Sells	Arizona	31.91202	-111.88123	US	1
Thomasville	Alabama	31.91349	-87.73584	US	1
Saint Joseph	Louisiana	31.91849	-91.23345	US	1
Meridian	Texas	31.92321	-97.65669	US	1
Winnfield	Louisiana	31.92558	-92.64131	US	1
Lumber City	Georgia	31.92935	-82.67958	US	1
Skidaway Island	Georgia	31.93494	-81.04705	US	1
Glennville	Georgia	31.93659	-81.92845	US	1
Richmond Hill	Georgia	31.93827	-81.30344	US	1
Montgomery	Georgia	31.94049	-81.12205	US	1
East Sahuarita	Arizona	31.94286	-110.92842	US	1
Tenaha	Texas	31.94378	-94.24409	US	1
La Union	New Mexico	31.95066	-106.66166	US	1
Rochelle	Georgia	31.95101	-83.45627	US	1
Vinton	Texas	31.95121	-106.60249	US	1
Whitney	Texas	31.95182	-97.3214	US	1
Winters	Texas	31.95653	-99.96231	US	1
Sahuarita	Arizona	31.95758	-110.95565	US	1
Westway	Texas	31.95871	-106.57805	US	1
Port Gibson	Mississippi	31.96099	-90.98399	US	1
Mendenhall	Mississippi	31.96182	-89.87008	US	1
Cordele	Georgia	31.96351	-83.78239	US	1
Jacksonville	Texas	31.96378	-95.2705	US	1
Corona de Tucson	Arizona	31.96536	-110.77564	US	1
Benson	Arizona	31.96786	-110.29452	US	1
Logansport	Louisiana	31.97545	-93.99797	US	1
Bay Springs	Mississippi	31.97904	-89.28728	US	1
New Summerfield	Texas	31.98072	-95.09383	US	1
Isle of Hope	Georgia	31.98188	-81.06094	US	1
Hico	Texas	31.98293	-98.03365	US	1
Georgetown	Georgia	31.98326	-81.22733	US	1
Fort Deposit	Alabama	31.98459	-86.57859	US	1
Crystal Springs	Mississippi	31.98738	-90.35704	US	1
Mescal	Arizona	31.99008	-110.43535	US	1
Camden	Alabama	31.99098	-87.29055	US	1
Abbeville	Georgia	31.99212	-83.30682	US	1
Midland	Texas	31.99735	-102.07791	US	1
Anthony	Texas	31.99927	-106.60555	US	1
Tybee Island	Georgia	32.00022	-80.84567	US	1
Wilmington Island	Georgia	32.00355	-80.97372	US	1
Anthony	New Mexico	32.00399	-106.60583	US	1
Henderson	Georgia	32.00813	-81.25887	US	1
Hillsboro	Texas	32.01099	-97.13001	US	1
Inverness	Alabama	32.01488	-85.74606	US	1
Coushatta	Louisiana	32.01488	-93.34212	US	1
Chaparral	New Mexico	32.02376	-106.38566	US	1
Clarks	Louisiana	32.02655	-92.13903	US	1
Whitemarsh Island	Georgia	32.02882	-81.01678	US	1
Raleigh	Mississippi	32.03349	-89.52229	US	1
Thunderbolt	Georgia	32.03354	-81.04983	US	1
Mansfield	Louisiana	32.03766	-93.70018	US	1
Quitman	Mississippi	32.04015	-88.7281	US	1
Vail	Arizona	32.04786	-110.71203	US	1
Lumpkin	Georgia	32.05099	-84.79909	US	1
Frankston	Texas	32.05266	-95.50635	US	1
Preston	Georgia	32.06599	-84.53742	US	1
Summit	Arizona	32.06702	-110.95148	US	1
McRae	Georgia	32.06795	-82.9007	US	1
Berino	New Mexico	32.07093	-106.62138	US	1
Americus	Georgia	32.07239	-84.23269	US	1
Newellton	Louisiana	32.07265	-91.24095	US	1
Helena	Georgia	32.07379	-82.91459	US	1
Three Points	Arizona	32.07675	-111.31371	US	1
Banks Springs	Louisiana	32.0821	-92.09291	US	1
Savannah	Georgia	32.08354	-81.09983	US	1
Dublin	Texas	32.08514	-98.34199	US	1
Reidsville	Georgia	32.08686	-82.1179	US	1
Richland	Georgia	32.08793	-84.66742	US	1
Berryville	Texas	32.08849	-95.4719	US	1
Butler	Alabama	32.08959	-88.22197	US	1
Vienna	Georgia	32.09156	-83.79545	US	1
Corsicana	Texas	32.09543	-96.46887	US	1
Terry	Mississippi	32.09626	-90.29426	US	1
Columbia	Louisiana	32.10516	-92.07791	US	1
De Leon	Texas	32.11097	-98.53588	US	1
Vado	New Mexico	32.11176	-106.6625	US	1
Jal	New Mexico	32.11318	-103.19351	US	1
Garden City	Georgia	32.11437	-81.154	US	1
Pooler	Georgia	32.11548	-81.24706	US	1
Stanton	Texas	32.12929	-101.78846	US	1
Stonewall	Mississippi	32.13181	-88.79338	US	1
Valencia West	Arizona	32.13238	-111.11414	US	1
Bloomingdale	Georgia	32.13242	-81.299	US	1
Kerens	Texas	32.13321	-96.22775	US	1
Pembroke	Georgia	32.13634	-81.62348	US	1
Bullard	Texas	32.13988	-95.32023	US	1
Drexel Heights	Arizona	32.14119	-111.02843	US	1
Union Springs	Alabama	32.14432	-85.71495	US	1
Troup	Texas	32.1446	-95.1205	US	1
Alamo	Georgia	32.14712	-82.77792	US	1
Port Wentworth	Georgia	32.14909	-81.16317	US	1
Henderson	Texas	32.15322	-94.79938	US	1
Florence	Mississippi	32.15348	-90.1312	US	1
San Miguel	New Mexico	32.15538	-106.735	US	1
Carthage	Texas	32.15738	-94.33742	US	1
Itasca	Texas	32.15959	-97.15001	US	1
Claxton	Georgia	32.16158	-81.904	US	1
Winnsboro	Louisiana	32.16321	-91.72068	US	1
Mesquite	New Mexico	32.16454	-106.69666	US	1
Cleary	Mississippi	32.16543	-90.18064	US	1
Malakoff	Texas	32.1696	-96.01247	US	1
Mount Vernon	Georgia	32.17851	-82.59458	US	1
Byram	Mississippi	32.17932	-90.24537	US	1
Hayneville	Alabama	32.18403	-86.58025	US	1
Italy	Texas	32.18404	-96.88472	US	1
Tucson Estates	Arizona	32.18758	-111.09093	US	1
Hilton Head Island	South Carolina	32.19382	-80.73816	US	1
Plum Grove	Texas	32.1957	-96.98945	US	1
Eastman	Georgia	32.19767	-83.17765	US	1
South Tucson	Arizona	32.19952	-110.96842	US	1
Lyons	Georgia	32.20435	-82.32179	US	1
Athens	Texas	32.20487	-95.85552	US	1
Gorman	Texas	32.21375	-98.67061	US	1
Hilton Head	South Carolina	32.21632	-80.75261	US	1
Vidalia	Georgia	32.21769	-82.41346	US	1
Stephenville	Texas	32.2207	-98.20226	US	1
Tucson	Arizona	32.22174	-110.92648	US	1
Whitehouse	Texas	32.22682	-95.2255	US	1
Glen Rose	Texas	32.23459	-97.75531	US	1
Bluffton	South Carolina	32.23715	-80.86039	US	1
Ellaville	Georgia	32.23821	-84.30908	US	1
Richland	Mississippi	32.23904	-90.15842	US	1
Jonesboro	Louisiana	32.24127	-92.71599	US	1
Big Spring	Texas	32.2504	-101.47874	US	1
Tanque Verde	Arizona	32.25174	-110.73731	US	1
Willcox	Arizona	32.25285	-109.83201	US	1
Raymond	Mississippi	32.25931	-90.4226	US	1
Unadilla	Georgia	32.26155	-83.73657	US	1
Tool	Texas	32.26792	-96.17025	US	1
Deming	New Mexico	32.2687	-107.75864	US	1
Mesilla	New Mexico	32.27009	-106.80084	US	1
Grandview	Texas	32.27042	-97.17918	US	1
Brandon	Mississippi	32.2732	-89.98592	US	1
Pearl	Mississippi	32.27459	-90.13203	US	1
Overton	Texas	32.2746	-94.97855	US	1
Stonewall	Louisiana	32.28183	-93.82407	US	1
University Park	New Mexico	32.28343	-106.75334	US	1
Hawkinsville	Georgia	32.28377	-83.47212	US	1
Pike Road	Alabama	32.28431	-86.10302	US	1
Loving	New Mexico	32.28623	-104.09577	US	1
Hardeeville	South Carolina	32.28714	-81.08067	US	1
Oglethorpe	Georgia	32.29377	-84.06102	US	1
Flowing Wells	Arizona	32.29396	-111.00982	US	1
Rincon	Georgia	32.29603	-81.23539	US	1
Catalina Foothills	Arizona	32.29785	-110.9187	US	1
Jackson	Mississippi	32.29876	-90.18481	US	1
Brownsboro	Texas	32.30237	-95.61357	US	1
Montezuma	Georgia	32.30516	-84.02741	US	1
Cusseta	Georgia	32.30543	-84.7727	US	1
Linden	Alabama	32.30625	-87.79807	US	1
Chandler	Texas	32.30793	-95.47996	US	1
Flowood	Mississippi	32.30959	-90.13898	US	1
Las Cruces	New Mexico	32.31232	-106.77834	US	1
Pelahatchie	Mississippi	32.31292	-89.79841	US	1
Tatum	Texas	32.31599	-94.51659	US	1
Keeler Farm	New Mexico	32.31607	-107.76023	US	1
Andrews	Texas	32.31872	-102.54572	US	1
Buena Vista	Georgia	32.31904	-84.51714	US	1
Seven Points	Texas	32.32042	-96.21303	US	1
Newton	Mississippi	32.32126	-89.16339	US	1
Casas Adobes	Arizona	32.32341	-110.9951	US	1
Beechwood	Mississippi	32.32765	-90.82677	US	1
Ringgold	Louisiana	32.32849	-93.27989	US	1
Potosi	Texas	32.3293	-99.65647	US	1
Ennis	Texas	32.32931	-96.62527	US	1
Edwards	Mississippi	32.33015	-90.60565	US	1
Gun Barrel City	Texas	32.33459	-96.15136	US	1
Guyton	Georgia	32.3363	-81.3915	US	1
Clinton	Mississippi	32.34153	-90.32176	US	1
Picture Rocks	Arizona	32.34591	-111.24621	US	1
Cleburne	Texas	32.34764	-97.38668	US	1
Lordsburg	New Mexico	32.35036	-108.70866	US	1
San Ysidro	New Mexico	32.35093	-106.81112	US	1
Tyler	Texas	32.35126	-95.30106	US	1
Vicksburg	Mississippi	32.35265	-90.87788	US	1
Morton	Mississippi	32.35376	-89.65452	US	1
Pecan Plantation	Texas	32.36042	-97.67558	US	1
Meridian	Mississippi	32.36431	-88.70366	US	1
Forest	Mississippi	32.36459	-89.47423	US	1
Mabank	Texas	32.36653	-96.10081	US	1
Montgomery	Alabama	32.36681	-86.29997	US	1
Ajo	Arizona	32.37172	-112.86071	US	1
Springfield	Georgia	32.37241	-81.3115	US	1
Soperton	Georgia	32.37712	-82.59236	US	1
Selmont-West Selmont	Alabama	32.37843	-87.0074	US	1
Port Royal	South Carolina	32.37896	-80.69265	US	1
Brooklet	Georgia	32.37963	-81.66317	US	1
White Sands	New Mexico	32.38093	-106.47944	US	1
Shell Point	South Carolina	32.38353	-80.73594	US	1
Kilgore	Texas	32.38626	-94.87577	US	1
Waxahachie	Texas	32.38653	-96.84833	US	1
Cochran	Georgia	32.38683	-83.35461	US	1
Colorado City	Texas	32.38817	-100.86456	US	1
Cisco	Texas	32.38819	-98.97923	US	1
Doña Ana	New Mexico	32.38954	-106.8139	US	1
Oro Valley	Arizona	32.39091	-110.96649	US	1
Chester	Georgia	32.39378	-83.15293	US	1
Baird	Texas	32.39402	-99.39424	US	1
Keene	Texas	32.39681	-97.3239	US	1
Metter	Georgia	32.39712	-82.06012	US	1
Eastland	Texas	32.40152	-98.81756	US	1
Clyde	Texas	32.40596	-99.49369	US	1
Alvarado	Texas	32.40653	-97.21168	US	1
Nellieburg	Mississippi	32.40681	-88.77727	US	1
Selma	Alabama	32.40736	-87.0211	US	1
Tallulah	Louisiana	32.40848	-91.18678	US	1
Tortolita	Arizona	32.41035	-111.01732	US	1
Marion	Mississippi	32.41736	-88.64782	US	1
Carlsbad	New Mexico	32.42067	-104.22884	US	1
Tuskegee	Alabama	32.42415	-85.69096	US	1
Ridgeland	Mississippi	32.42848	-90.13231	US	1
DeCordova	Texas	32.42986	-97.69503	US	1
Palmer	Texas	32.43125	-96.66777	US	1
Beaufort	South Carolina	32.4317	-80.66993	US	1
Venus	Texas	32.43347	-97.10251	US	1
Burton	South Carolina	32.43575	-80.724	US	1
Marana	Arizona	32.43674	-111.22538	US	1
Eunice	New Mexico	32.43734	-103.15908	US	1
Avra Valley	Arizona	32.43785	-111.31539	US	1
Decatur	Mississippi	32.43903	-89.10839	US	1
Granbury	Texas	32.44208	-97.7942	US	1
Kemp	Texas	32.44264	-96.22998	US	1
La Huerta	New Mexico	32.4429	-104.22106	US	1
Greenwood	Louisiana	32.44293	-93.97296	US	1
Liberty City	Texas	32.44543	-94.94855	US	1
Roscoe	Texas	32.44595	-100.53872	US	1
Emerald Mountain	Alabama	32.44793	-86.09429	US	1
Abilene	Texas	32.44874	-99.73314	US	1
Richwood	Louisiana	32.44876	-92.08486	US	1
Statesboro	Georgia	32.44879	-81.78317	US	1
Godley	Texas	32.44903	-97.52669	US	1
Uniontown	Alabama	32.44958	-87.51417	US	1
Laurel Bay	South Carolina	32.45019	-80.78483	US	1
Conehatta	Mississippi	32.45125	-89.28534	US	1
Marshallville	Georgia	32.45626	-83.94019	US	1
Tye	Texas	32.45762	-99.87148	US	1
Delhi	Louisiana	32.45764	-91.49317	US	1
Perry	Georgia	32.45821	-83.73157	US	1
Hillsboro	Mississippi	32.45931	-89.51146	US	1
Columbus	Georgia	32.46098	-84.98771	US	1
Joshua	Texas	32.46153	-97.38807	US	1
Madison	Mississippi	32.46181	-90.11536	US	1
Prattville	Alabama	32.46402	-86.4597	US	1
Ladonia	Alabama	32.4682	-85.0791	US	1
Ranger	Texas	32.46985	-98.67895	US	1
Bawcomville	Louisiana	32.47042	-92.16736	US	1
Merkel	Texas	32.47068	-100.01287	US	1
Sweetwater	Texas	32.47095	-100.40594	US	1
Phenix City	Alabama	32.47098	-85.00077	US	1
Rayville	Louisiana	32.47736	-91.75485	US	1
Waskom	Texas	32.47876	-94.05963	US	1
Millbrook	Alabama	32.47986	-86.36192	US	1
Ridgeland	South Carolina	32.48074	-80.98039	US	1
Midlothian	Texas	32.48236	-96.99445	US	1
York	Alabama	32.48625	-88.29642	US	1
San Luis	Arizona	32.487	-114.78218	US	1
Brownsville	Louisiana	32.48709	-92.1543	US	1
Oak Trail Shores	Texas	32.48875	-97.8342	US	1
Hideaway	Texas	32.49042	-95.45746	US	1
Blue Ridge	Alabama	32.49264	-86.19052	US	1
Coosada	Alabama	32.49791	-86.33136	US	1
Collinsville	Mississippi	32.49792	-88.84588	US	1
Longview	Texas	32.5007	-94.74049	US	1
Radium Springs	New Mexico	32.5012	-106.92807	US	1
Hallsville	Texas	32.50432	-94.57409	US	1
Catalina	Arizona	32.50556	-110.92111	US	1
Valley Grande	Alabama	32.50902	-86.98749	US	1
Monroe	Louisiana	32.50931	-92.1193	US	1
Lindale	Texas	32.5157	-95.4094	US	1
Claiborne	Louisiana	32.51598	-92.1918	US	1
Bossier City	Louisiana	32.51599	-93.73212	US	1
Demopolis	Alabama	32.51764	-87.8364	US	1
Red Oak	Texas	32.51764	-96.80444	US	1
West Monroe	Louisiana	32.51848	-92.14764	US	1
Oak Leaf	Texas	32.52042	-96.85472	US	1
Ruston	Louisiana	32.52321	-92.63793	US	1
Van	Texas	32.52486	-95.63718	US	1
Shreveport	Louisiana	32.52515	-93.75018	US	1
Ovilla	Texas	32.52653	-96.88639	US	1
Grambling	Louisiana	32.52765	-92.71404	US	1
White Oak	Texas	32.52792	-94.86133	US	1
Haughton	Louisiana	32.53265	-93.50406	US	1
Ferris	Texas	32.53403	-96.66555	US	1
Lakeshore	Louisiana	32.53514	-92.02958	US	1
Tallassee	Alabama	32.53597	-85.89329	US	1
Gladewater	Texas	32.53653	-94.94272	US	1
Elmore	Alabama	32.53874	-86.31497	US	1
Sibley	Louisiana	32.53932	-93.29628	US	1
Saddlebrooke	Arizona	32.53945	-110.90057	US	1
Smiths Station	Alabama	32.54014	-85.09855	US	1
Dublin	Georgia	32.54044	-82.90375	US	1
Burleson	Texas	32.54208	-97.32085	US	1
Flora	Mississippi	32.5432	-90.30926	US	1
Wetumpka	Alabama	32.54374	-86.21191	US	1
Marshall	Texas	32.54487	-94.36742	US	1
East Dublin	Georgia	32.54822	-82.87181	US	1
Glenn Heights	Texas	32.54875	-96.85667	US	1
Arcadia	Louisiana	32.54904	-92.92016	US	1
Meridian Station	Mississippi	32.55049	-88.61849	US	1
Fort Valley	Georgia	32.55376	-83.88741	US	1
Red Chute	Louisiana	32.55598	-93.61323	US	1
Eastwood	Louisiana	32.55626	-93.56712	US	1
Canton	Texas	32.55652	-95.8633	US	1
Butler	Georgia	32.55709	-84.23825	US	1
Reynolds	Georgia	32.55987	-84.0963	US	1
Mansfield	Texas	32.56319	-97.14168	US	1
Swartz	Louisiana	32.56875	-91.98513	US	1
Union	Mississippi	32.57153	-89.12145	US	1
Rendon	Texas	32.57625	-97.2414	US	1
Seabrook Island	South Carolina	32.57713	-80.17065	US	1
Crowley	Texas	32.57903	-97.36252	US	1
Blanchard	Louisiana	32.58098	-93.89268	US	1
Twin City	Georgia	32.58294	-82.15512	US	1
Pine Level	Alabama	32.58374	-86.46553	US	1
Big Sandy	Texas	32.58375	-95.10883	US	1
Imperial Beach	California	32.58394	-117.11308	US	1
Livingston	Alabama	32.5843	-88.18725	US	1
Cedar Hill	Texas	32.58847	-96.95612	US	1
Combine	Texas	32.58847	-96.5086	US	1
Hawkins	Texas	32.58847	-95.20411	US	1
Kaufman	Texas	32.58902	-96.30887	US	1
Wilmer	Texas	32.58902	-96.68527	US	1
Kearney Park	Mississippi	32.58903	-90.31537	US	1
DeSoto	Texas	32.58986	-96.85695	US	1
Walnut Grove	Mississippi	32.59042	-89.4584	US	1
Lancaster	Texas	32.59208	-96.75611	US	1
Somerton	Arizona	32.59644	-114.70968	US	1
Monticello	Louisiana	32.59653	-91.394	US	1
Swainsboro	Georgia	32.59739	-82.33374	US	1
Shamrock	Texas	32.5993	-96.8875	US	1
San Manuel	Arizona	32.59979	-110.63093	US	1
Campo	California	32.60645	-116.46891	US	1
Deatsville	Alabama	32.60819	-86.39581	US	1
Kiawah Island	South Carolina	32.60824	-80.08482	US	1
Robins Air Force Base	Georgia	32.60911	-83.58444	US	1
Auburn	Alabama	32.60986	-85.48078	US	1
Oracle	Arizona	32.61091	-110.77093	US	1
Canton	Mississippi	32.61264	-90.03675	US	1
Minden	Louisiana	32.61543	-93.28684	US	1
Warner Robins	Georgia	32.61574	-83.62664	US	1
Western Lake	Texas	32.62338	-97.81155	US	1
Crandall	Texas	32.62791	-96.45582	US	1
Centerville	Georgia	32.63014	-83.68963	US	1
Everman	Texas	32.63097	-97.28918	US	1
Marion	Alabama	32.63235	-87.31917	US	1
Eclectic	Alabama	32.63541	-86.03441	US	1
Holtville	Alabama	32.63624	-86.32664	US	1
Seagoville	Texas	32.63958	-96.53832	US	1
Chula Vista	California	32.64005	-117.0842	US	1
Opelika	Alabama	32.64541	-85.37828	US	1
Kennedale	Texas	32.6468	-97.22585	US	1
Hutchins	Texas	32.6493	-96.71305	US	1
Duncanville	Texas	32.6518	-96.90834	US	1
Byron	Georgia	32.65376	-83.75963	US	1
Folly Beach	South Carolina	32.65518	-79.94037	US	1
Edgecliff Village	Texas	32.65763	-97.34279	US	1
Fortuna Foothills	Arizona	32.65783	-114.41189	US	1
Bonita	California	32.65783	-117.03003	US	1
Mineola	Texas	32.66319	-95.48829	US	1
Hatch	New Mexico	32.66536	-107.15307	US	1
Forest Hill	Texas	32.67208	-97.26918	US	1
Wellton	Arizona	32.67283	-114.14688	US	1
Benbrook	Texas	32.67319	-97.46058	US	1
Grand Saline	Texas	32.67346	-95.70941	US	1
Talbotton	Georgia	32.67764	-84.53937	US	1
National City	California	32.67811	-117.0992	US	1
Calexico	California	32.67895	-115.49888	US	1
Talty	Texas	32.68319	-96.38554	US	1
Coronado	California	32.68589	-117.18309	US	1
Jeffersonville	Georgia	32.68765	-83.34656	US	1
Benton	Louisiana	32.69487	-93.74185	US	1
Aledo	Texas	32.69596	-97.60225	US	1
Sterlington	Louisiana	32.69625	-92.08597	US	1
Edgewood	Texas	32.69818	-95.88524	US	1
Hurley	New Mexico	32.69924	-108.13199	US	1
Marbury	Alabama	32.70124	-86.47109	US	1
Hobbs	New Mexico	32.70261	-103.13604	US	1
Dalworthington Gardens	Texas	32.70291	-97.15529	US	1
Greensboro	Alabama	32.70415	-87.5955	US	1
La Presa	California	32.70811	-116.99725	US	1
Annetta	Texas	32.7093	-97.67614	US	1
Wills Point	Texas	32.7093	-96.0083	US	1
Donovan Estates	Arizona	32.70935	-114.67822	US	1
Holly Lake Ranch	Texas	32.71336	-95.19756	US	1
Pantego	Texas	32.7143	-97.1564	US	1
Coldwater	Mississippi	32.71486	-89.21423	US	1
San Diego	California	32.71571	-117.16472	US	1
Jamul	California	32.717	-116.87613	US	1
Snyder	Texas	32.71789	-100.91762	US	1
Meggett	South Carolina	32.71796	-80.23899	US	1
Seminole	Texas	32.71899	-102.64491	US	1
Avenue B and C	Arizona	32.71904	-114.66005	US	1
Mammoth	Arizona	32.72257	-110.64065	US	1
Albany	Texas	32.72345	-99.2973	US	1
James Island	South Carolina	32.72374	-79.96284	US	1
Knoxville	Georgia	32.72431	-83.99769	US	1
Yuma	Arizona	32.72532	-114.6244	US	1
Fort Worth	Texas	32.72541	-97.32085	US	1
Balch Springs	Texas	32.72874	-96.62277	US	1
Gilmer	Texas	32.72875	-94.94244	US	1
Wrightsville	Georgia	32.72933	-82.71986	US	1
Swift Trail Junction	Arizona	32.72979	-109.71397	US	1
Heber	California	32.73089	-115.52972	US	1
Carthage	Mississippi	32.73264	-89.53618	US	1
Hollywood	South Carolina	32.73434	-80.24177	US	1
Arlington	Texas	32.73569	-97.10807	US	1
Terrell	Texas	32.73596	-96.27526	US	1
Cockrell Hill	Texas	32.73624	-96.88695	US	1
Lamesa	Texas	32.7376	-101.95099	US	1
Lemon Grove	California	32.74255	-117.03142	US	1
Spring Valley	California	32.74477	-116.99892	US	1
Roby	Texas	32.74483	-100.37761	US	1
Grand Prairie	Texas	32.74596	-96.99778	US	1
Rancho San Diego	California	32.74727	-116.9353	US	1
Forney	Texas	32.74818	-96.47193	US	1
Sylvania	Georgia	32.75044	-81.63678	US	1
Estill	South Carolina	32.75489	-81.24205	US	1
Breckenridge	Texas	32.75568	-98.90229	US	1
Arizona City	Arizona	32.75589	-111.67096	US	1
Eloy	Arizona	32.7559	-111.55484	US	1
Anson	Texas	32.7565	-99.89621	US	1
Hudson Oaks	Texas	32.75707	-97.7067	US	1
Westworth	Texas	32.75735	-97.41085	US	1
Jefferson	Texas	32.75736	-94.34519	US	1
Hamilton	Georgia	32.75791	-84.87493	US	1
Cactus Flat	Arizona	32.7584	-109.71619	US	1
Weatherford	Texas	32.7593	-97.79725	US	1
White Settlement	Texas	32.75957	-97.45835	US	1
Bayard	New Mexico	32.76174	-108.1306	US	1
Willow Park	Texas	32.76263	-97.65058	US	1
Ravenel	South Carolina	32.76323	-80.2501	US	1
Sullivans Island	South Carolina	32.76323	-79.83675	US	1
Casa de Oro-Mount Helix	California	32.76397	-116.96877	US	1
Mesquite	Texas	32.7668	-96.59916	US	1
Palo Pinto	Texas	32.76735	-98.29866	US	1
De Kalb	Mississippi	32.76763	-88.65088	US	1
La Mesa	California	32.76783	-117.02308	US	1
Atoka	New Mexico	32.76956	-104.38885	US	1
Silver City	New Mexico	32.77007	-108.28033	US	1
Gail	Texas	32.77038	-101.44541	US	1
Philadelphia	Mississippi	32.77152	-89.11673	US	1
Farmerville	Louisiana	32.77347	-92.4057	US	1
Charleston	South Carolina	32.77632	-79.93275	US	1
River Oaks	Texas	32.77707	-97.39446	US	1
Bastrop	Louisiana	32.77828	-91.91144	US	1
Santa Clara	New Mexico	32.77952	-108.15032	US	1
Dallas	Texas	32.78306	-96.80667	US	1
Pearl River	Mississippi	32.78347	-89.22784	US	1
Isle of Palms	South Carolina	32.78684	-79.7948	US	1
Homer	Louisiana	32.79192	-93.05503	US	1
El Centro	California	32.792	-115.56305	US	1
Seeley	California	32.79311	-115.69111	US	1
Arenas Valley	New Mexico	32.79396	-108.18421	US	1
Mount Pleasant	South Carolina	32.79407	-79.86259	US	1
El Cajon	California	32.79477	-116.96253	US	1
Quitman	Texas	32.79596	-95.45106	US	1
Sardis	Georgia	32.79652	-84.63881	US	1
Sunnyvale	Texas	32.79652	-96.56082	US	1
Haltom City	Texas	32.79957	-97.26918	US	1
Ore City	Texas	32.80014	-94.72076	US	1
Granite Hills	California	32.80311	-116.90475	US	1
Travis Ranch	Texas	32.80356	-96.47347	US	1
Millen	Georgia	32.80405	-81.94928	US	1
Lake Worth	Texas	32.80485	-97.44502	US	1
Lake Providence	Louisiana	32.80499	-91.17098	US	1
Sansom Park	Texas	32.80596	-97.40307	US	1
Boles Acres	New Mexico	32.80703	-105.9861	US	1
Crest	California	32.80727	-116.86808	US	1
Bostonia	California	32.80755	-116.93642	US	1
Mineral Wells	Texas	32.80846	-98.11282	US	1
Holtville	California	32.81116	-115.38026	US	1
Irwinton	Georgia	32.81126	-83.17265	US	1
Irving	Texas	32.81402	-96.94889	US	1
Richland Hills	Texas	32.81596	-97.22807	US	1
Valley	Alabama	32.81874	-85.17939	US	1
Harbison Canyon	California	32.82033	-116.83002	US	1
Pine Valley	California	32.82144	-116.52918	US	1
Bernice	Louisiana	32.82209	-92.65793	US	1
Lakeside	Texas	32.82235	-97.49335	US	1
Hurst	Texas	32.82346	-97.17057	US	1
Winter Gardens	California	32.83116	-116.93336	US	1
Dadeville	Alabama	32.83124	-85.76357	US	1
Highland Park	Texas	32.83346	-96.79195	US	1
Safford	Arizona	32.83395	-109.70758	US	1
North Richland Hills	Texas	32.8343	-97.2289	US	1
Huguley	Alabama	32.83457	-85.22966	US	1
Alpine	California	32.83505	-116.76641	US	1
Heath	Texas	32.83651	-96.47499	US	1
Euless	Texas	32.83707	-97.08195	US	1
Santee	California	32.83838	-116.97392	US	1
Clanton	Alabama	32.83874	-86.62943	US	1
Eutaw	Alabama	32.84059	-87.88762	US	1
Macon	Georgia	32.84069	-83.6324	US	1
Artesia	New Mexico	32.84233	-104.4033	US	1
McLendon-Chisholm	Texas	32.84235	-96.38054	US	1
Bedford	Texas	32.84402	-97.14307	US	1
La Jolla	California	32.84727	-117.2742	US	0
Imperial	California	32.84755	-115.56944	US	1
Holloman Air Force Base	New Mexico	32.84827	-106.09977	US	1
Thatcher	Arizona	32.84923	-109.75925	US	1
University Park	Texas	32.85013	-96.80028	US	1
Varnville	South Carolina	32.85044	-81.07927	US	1
Rotan	Texas	32.85205	-100.46566	US	1
Descanso	California	32.85283	-116.61585	US	1
North Charleston	South Carolina	32.85462	-79.97481	US	1
Yazoo City	Mississippi	32.85513	-90.40565	US	1
Blue Mound	Texas	32.85652	-97.33891	US	1
Lakeside	California	32.85727	-116.92225	US	1
Watauga	Texas	32.85791	-97.25474	US	1
Manchester	Georgia	32.85985	-84.61993	US	1
Saginaw	Texas	32.86013	-97.36391	US	1
Oak Grove	Louisiana	32.86096	-91.38845	US	1
Wadley	Georgia	32.86682	-82.40402	US	1
Lanett	Alabama	32.86874	-85.1905	US	1
Vivian	Louisiana	32.87153	-93.9874	US	1
Emory	Texas	32.87457	-95.76552	US	1
West Point	Georgia	32.87791	-85.18327	US	1
Hampton	South Carolina	32.87794	-81.12761	US	1
Casa Grande	Arizona	32.8795	-111.75735	US	1
Eucalyptus Hills	California	32.87977	-116.94669	US	1
Colleyville	Texas	32.88096	-97.15501	US	1
Gordon	Georgia	32.88209	-83.33238	US	1
Pickens	Mississippi	32.88374	-89.97147	US	1
Hamlin	Texas	32.88483	-100.12649	US	1
Thomaston	Georgia	32.88819	-84.32659	US	1
Rockford	Alabama	32.88957	-86.21969	US	1
Eagle Mountain	Texas	32.89346	-97.44446	US	1
West Tawakoni	Texas	32.89373	-96.02941	US	1
Azle	Texas	32.89513	-97.54586	US	1
Pima	Arizona	32.89656	-109.82835	US	1
Alamogordo	New Mexico	32.89953	-105.96027	US	1
Lafayette	Alabama	32.89985	-85.40106	US	1
Sorrento Valley	California	32.89991	-117.19451	US	0
Mayersville	Mississippi	32.90207	-91.05122	US	1
Rowlett	Texas	32.9029	-96.56388	US	1
Walterboro	South Carolina	32.90517	-80.66677	US	1
Rolling Fork	Mississippi	32.90652	-90.87816	US	1
Quinlan	Texas	32.9104	-96.13553	US	1
Garland	Texas	32.91262	-96.63888	US	1
Mira Mesa	California	32.9156	-117.14392	US	0
Thorsby	Alabama	32.91568	-86.71582	US	1
Hanahan	South Carolina	32.91851	-80.02203	US	1
Pelican Bay	Texas	32.92096	-97.51836	US	1
Farmers Branch	Texas	32.92651	-96.89612	US	1
Rockwall	Texas	32.93123	-96.45971	US	1
Hannahs Mill	Georgia	32.93291	-84.34936	US	1
Grapevine	Texas	32.93429	-97.07807	US	1
Keller	Texas	32.93457	-97.25168	US	1
Tennille	Georgia	32.93599	-82.81153	US	1
Brent	Alabama	32.93735	-87.16472	US	1
Southlake	Texas	32.94124	-97.13418	US	1
Fate	Texas	32.94151	-96.38137	US	1
Alexander City	Alabama	32.94401	-85.95385	US	1
Lovington	New Mexico	32.94401	-103.34855	US	1
Seagraves	Texas	32.94427	-102.56491	US	1
Stamford	Texas	32.94539	-99.80287	US	1
Centreville	Alabama	32.9462	-87.11669	US	1
Gila Bend	Arizona	32.94782	-112.71683	US	1
Richardson	Texas	32.94818	-96.72972	US	1
Carrollton	Texas	32.95373	-96.89028	US	1
Coppell	Texas	32.95457	-97.01501	US	1
Winnsboro	Texas	32.95734	-95.29022	US	1
Fairfax	South Carolina	32.95905	-81.2365	US	1
Del Mar	California	32.95949	-117.26531	US	1
Rancho Penasquitos	California	32.95949	-117.11531	US	0
Jemison	Alabama	32.95985	-86.74665	US	1
Addison	Texas	32.96179	-96.82917	US	1
Haynesville	Louisiana	32.96208	-93.14016	US	1
Poway	California	32.96282	-117.03586	US	1
Denver City	Texas	32.96455	-102.8291	US	1
Springtown	Texas	32.96596	-97.68364	US	1
Cullen	Louisiana	32.96903	-93.45073	US	1
Goodman	Mississippi	32.97013	-89.91231	US	1
Pecan Acres	Texas	32.97013	-97.47474	US	1
Haslet	Texas	32.97485	-97.3478	US	1
Royse City	Texas	32.97512	-96.33248	US	1
Sachse	Texas	32.97623	-96.59527	US	1
Coolidge	Arizona	32.97784	-111.51762	US	1
La Luz	New Mexico	32.97787	-105.94193	US	1
Brawley	California	32.97866	-115.53027	US	1
Davisboro	Georgia	32.97904	-82.60791	US	1
Goose Creek	South Carolina	32.98101	-80.03259	US	1
Sandersville	Georgia	32.98154	-82.81014	US	1
Ladson	South Carolina	32.98573	-80.10981	US	1
Solana Beach	California	32.99115	-117.27115	US	1
Westlake	Texas	32.99124	-97.19501	US	1
Fairbanks Ranch	California	32.99393	-117.18726	US	1
Briar	Texas	32.99512	-97.5428	US	1
Pittsburg	Texas	32.9954	-94.96577	US	1
Moundville	Alabama	32.99762	-87.63001	US	1
Trophy Club	Texas	32.9979	-97.18362	US	1
Hughes Springs	Texas	32.99846	-94.63076	US	1
Newark	Texas	33.00124	-97.48447	US	1
Louisville	Georgia	33.00154	-82.41124	US	1
Roanoke	Texas	33.00401	-97.22585	US	1
Springhill	Louisiana	33.00597	-93.46684	US	1
San Diego Country Estates	California	33.00671	-116.78364	US	1
Lincolnville	South Carolina	33.00684	-80.15537	US	1
Allendale	South Carolina	33.00793	-81.30844	US	1
Gray	Georgia	33.00958	-83.53378	US	1
Linden	Texas	33.01235	-94.36547	US	1
Flower Mound	Texas	33.01457	-97.09696	US	1
Murphy	Texas	33.01512	-96.61305	US	1
Wylie	Texas	33.01512	-96.53888	US	1
Summerville	South Carolina	33.0185	-80.17565	US	1
Plano	Texas	33.01984	-96.69889	US	1
Rancho Santa Fe	California	33.02032	-117.20281	US	1
Lavon	Texas	33.02762	-96.43415	US	1
Greenville	Georgia	33.02874	-84.71298	US	1
Blackwater	Arizona	33.03117	-111.58263	US	1
Florence	Arizona	33.03145	-111.38734	US	1
Daingerfield	Texas	33.03179	-94.72187	US	1
Forsyth	Georgia	33.0343	-83.93824	US	1
Sangaree	South Carolina	33.03545	-80.12787	US	1
Encinitas	California	33.03699	-117.29198	US	1
Westmorland	California	33.03727	-115.62138	US	1
Awendaw	South Carolina	33.03767	-79.61313	US	1
LaGrange	Georgia	33.03929	-85.03133	US	1
Saint Paul	Texas	33.04123	-96.55027	US	1
Ramona	California	33.04171	-116.86808	US	1
Nevada	Texas	33.04234	-96.37387	US	1
Lewisville	Texas	33.04623	-96.99417	US	1
Clifton	Arizona	33.0509	-109.29618	US	1
Morenci	Arizona	33.052	-109.328	US	1
Rhome	Texas	33.05346	-97.47197	US	1
Barnesville	Georgia	33.05457	-84.15575	US	1
Parker	Texas	33.0554	-96.62194	US	1
Kearny	Arizona	33.05701	-110.91067	US	1
Kosciusko	Mississippi	33.058	-89.58956	US	1
Maricopa	Arizona	33.05811	-112.04764	US	1
Aurora	Texas	33.06068	-97.50336	US	1
Josephine	Texas	33.06123	-96.3072	US	1
Double Oak	Texas	33.06512	-97.11057	US	1
Goodwater	Alabama	33.06567	-86.0533	US	1
Caddo Mills	Texas	33.06567	-96.22776	US	1
Hardwick	Georgia	33.0682	-83.22349	US	1
Bartonville	Texas	33.07318	-97.13168	US	1
Tularosa	New Mexico	33.07397	-106.0186	US	1
Durant	Mississippi	33.07513	-89.85453	US	1
Sacaton	Arizona	33.07672	-111.7393	US	1
Julian	California	33.07866	-116.60196	US	1
Boyd	Texas	33.07873	-97.5653	US	1
Stewartville	Alabama	33.07929	-86.24442	US	1
Milledgeville	Georgia	33.08014	-83.2321	US	1
Lucas	Texas	33.08429	-96.57666	US	1
Justin	Texas	33.08484	-97.29613	US	1
The Colony	Texas	33.08901	-96.88639	US	1
Waynesboro	Georgia	33.08987	-82.01567	US	1
Lantana	Texas	33.09073	-97.12416	US	1
San Pasqual	California	33.09171	-116.95392	US	0
Highland Village	Texas	33.09179	-97.04668	US	1
Ridgeville	South Carolina	33.09572	-80.31537	US	1
Copper Canyon	Texas	33.09595	-97.09668	US	1
New Fairview	Texas	33.09917	-97.44639	US	1
Montevallo	Alabama	33.10067	-86.86416	US	1
Zebulon	Georgia	33.10235	-84.3427	US	1
Calera	Alabama	33.1029	-86.7536	US	1
Allen	Texas	33.10317	-96.67055	US	1
Macon	Mississippi	33.1054	-88.56088	US	1
Graham	Texas	33.10706	-98.5895	US	1
Eudora	Arkansas	33.10957	-91.26206	US	1
Shelby	Alabama	33.1104	-86.58415	US	1
Lexington	Mississippi	33.11318	-90.05314	US	1
Atlanta	Texas	33.11374	-94.16435	US	1
Hagerman	New Mexico	33.11511	-104.32691	US	1
West Blocton	Alabama	33.11817	-87.125	US	1
Escondido	California	33.11921	-117.08642	US	1
Lake Dallas	Texas	33.11929	-97.02556	US	1
Casa Blanca	Arizona	33.12033	-111.88819	US	1
Argyle	Texas	33.12123	-97.18335	US	1
Louisville	Mississippi	33.12374	-89.05506	US	1
Calipatria	California	33.1256	-115.51415	US	1
Lake San Marcos	California	33.12615	-117.20837	US	0
Northlake	Texas	33.12734	-97.26557	US	1
Crossett	Arkansas	33.12818	-91.96124	US	1
Truth or Consequences	New Mexico	33.1284	-107.25281	US	1
Aliceville	Alabama	33.12957	-88.15142	US	1
Aspermont	Texas	33.13343	-100.22733	US	1
Bylas	Arizona	33.13428	-110.12004	US	1
Boiling Springs	South Carolina	33.13515	-81.43122	US	1
Greenville	Texas	33.13845	-96.11081	US	1
Sulphur Springs	Texas	33.13845	-95.60107	US	1
West Crossett	Arkansas	33.14096	-91.99402	US	1
San Marcos	California	33.14337	-117.16614	US	1
Fayetteville	Alabama	33.14567	-86.40581	US	1
Elephant Butte	New Mexico	33.14868	-107.18475	US	1
Queen City	Texas	33.14874	-94.15019	US	1
Frisco	Texas	33.15067	-96.82361	US	1
Roanoke	Alabama	33.15123	-85.37217	US	1
Hackberry	Texas	33.15234	-96.91778	US	1
Corinth	Texas	33.15401	-97.06473	US	1
Lowry Crossing	Texas	33.15484	-96.54721	US	1
Mount Pleasant	Texas	33.15679	-94.96827	US	1
Mescalero	New Mexico	33.15759	-105.77415	US	1
Haskell	Texas	33.1576	-99.7337	US	1
Fairview	Texas	33.1579	-96.63166	US	1
Carlsbad	California	33.15809	-117.35059	US	1
Coaling	Alabama	33.15901	-87.34083	US	1
The Trails of Frisco	Texas	33.16087	-96.87182	US	1
Little Elm	Texas	33.16262	-96.93751	US	1
Farmersville	Texas	33.16345	-96.35998	US	1
Shady Shores	Texas	33.16512	-97.02945	US	1
North Crossett	Arkansas	33.16568	-91.94152	US	1
Tahoka	Texas	33.16676	-101.79377	US	1
Runaway Bay	Texas	33.16789	-97.87837	US	1
Hollandale	Mississippi	33.16901	-90.85399	US	1
Sylacauga	Alabama	33.17317	-86.25164	US	1
Hogansville	Georgia	33.17318	-84.91494	US	1
Vance	Alabama	33.17428	-87.23361	US	1
Columbiana	Alabama	33.17817	-86.60721	US	1
Throckmorton	Texas	33.17872	-99.17758	US	1
Princeton	Texas	33.18012	-96.49804	US	1
Brownfield	Texas	33.1812	-102.27435	US	1
Tchula	Mississippi	33.1829	-90.22286	US	1
Ponder	Texas	33.1829	-97.28724	US	1
Mignon	Alabama	33.18345	-86.26109	US	0
Belzoni	Mississippi	33.18429	-90.48926	US	1
Saint George	South Carolina	33.186	-80.57565	US	1
Plains	Texas	33.18871	-102.82799	US	1
Mount Vernon	Texas	33.18873	-95.22133	US	1
Oak Point	Texas	33.19012	-96.99167	US	1
San Tan Valley	Arizona	33.1911	-111.528	US	1
Post	Texas	33.19122	-101.379	US	1
Oceanside	California	33.19587	-117.37948	US	1
Moncks Corner	South Carolina	33.19632	-80.01429	US	1
Dexter	New Mexico	33.19733	-104.37302	US	1
McKinney	Texas	33.19762	-96.61527	US	1
Vista	California	33.20004	-117.24254	US	1
Naples	Texas	33.20318	-94.68021	US	1
North Bibb	Alabama	33.20401	-87.15305	US	1
Woodstock	Alabama	33.20678	-87.15	US	1
El Dorado	Arkansas	33.20763	-92.66627	US	1
Wrens	Georgia	33.20765	-82.39179	US	1
Tuscaloosa	Alabama	33.20984	-87.56917	US	1
Bridgeport	Texas	33.21012	-97.75476	US	1
Sun Lakes	Arizona	33.21116	-111.87542	US	1
Paloma Creek South	Texas	33.21136	-96.93554	US	1
Denton	Texas	33.21484	-97.13307	US	1
Valley Center	California	33.21837	-117.0342	US	1
Jacksboro	Texas	33.21845	-98.15866	US	1
Paloma Creek	Texas	33.2253	-96.93742	US	1
Hidden Meadows	California	33.22531	-117.11253	US	1
Savannah	Texas	33.22603	-96.90786	US	1
Hamburg	Arkansas	33.22818	-91.79763	US	1
Camp Pendleton South	California	33.22844	-117.37929	US	1
Northport	Alabama	33.22901	-87.57723	US	1
Providence Village	Texas	33.2334	-96.96158	US	1
Gibson	Georgia	33.23348	-82.59541	US	1
Holt	Alabama	33.23401	-87.48445	US	1
Wilsonville	Alabama	33.23428	-86.48359	US	1
Decatur	Texas	33.23428	-97.58614	US	1
Brooksville	Mississippi	33.23457	-88.58227	US	1
Grantville	Georgia	33.23484	-84.83577	US	1
Prosper	Texas	33.23623	-96.80111	US	1
Niland	California	33.24004	-115.51888	US	1
Indian Springs	Georgia	33.24262	-83.92074	US	1
East Griffin	Georgia	33.24373	-84.22881	US	1
Alabaster	Alabama	33.24428	-86.81638	US	1
Barnwell	South Carolina	33.24487	-81.35872	US	1
Griffin	Georgia	33.24678	-84.26409	US	1
Commerce	Texas	33.24706	-95.89997	US	1
Jayton	Texas	33.24815	-100.57373	US	1
Queen Creek	Arizona	33.24866	-111.6343	US	1
Brookwood	Alabama	33.25567	-87.32083	US	1
Borrego Springs	California	33.25587	-116.37501	US	1
Krum	Texas	33.26151	-97.23807	US	1
Carrollton	Alabama	33.26169	-88.09503	US	1
Experiment	Georgia	33.26539	-84.28159	US	1
Magnolia	Arkansas	33.26707	-93.23933	US	1
Ashland	Alabama	33.27373	-85.83607	US	1
Sparta	Georgia	33.2757	-82.97626	US	1
Franklin	Georgia	33.27762	-85.098	US	1
Childersburg	Alabama	33.27817	-86.35498	US	1
Lake View	Alabama	33.28067	-87.1375	US	1
Krugerville	Texas	33.28151	-96.99056	US	1
Pelham	Alabama	33.28567	-86.80999	US	1
Melissa	Texas	33.28595	-96.57277	US	1
Bonsall	California	33.28892	-117.22559	US	1
Gold Camp	Arizona	33.29367	-111.30429	US	1
Superior	Arizona	33.29395	-111.09623	US	1
Jackson	Georgia	33.29457	-83.96602	US	1
Chico	Texas	33.29595	-97.79892	US	1
Helena	Alabama	33.29622	-86.8436	US	1
Bamberg	South Carolina	33.2971	-81.03482	US	1
Salton City	California	33.29865	-115.95611	US	1
Senoia	Georgia	33.30234	-84.55382	US	1
Aubrey	Texas	33.30428	-96.98612	US	1
Monticello	Georgia	33.30485	-83.68323	US	1
Chandler	Arizona	33.30616	-111.84125	US	1
Wedowee	Alabama	33.309	-85.48467	US	1
Ackerman	Mississippi	33.31012	-89.17284	US	1
Peridot	Arizona	33.31034	-110.45538	US	1
Lineville	Alabama	33.31067	-85.75441	US	1
Hephzibah	Georgia	33.31403	-82.09679	US	1
Camp Pendleton North	California	33.31465	-117.31603	US	1
Bonneau Beach	South Carolina	33.31989	-80.00036	US	1
Gordo	Alabama	33.32012	-87.9028	US	1
Denmark	South Carolina	33.32265	-81.14232	US	1
Holly Hill	South Carolina	33.32266	-80.4137	US	1
Celina	Texas	33.32456	-96.78444	US	1
Jackson	South Carolina	33.32542	-81.78789	US	1
Eatonton	Georgia	33.3268	-83.3885	US	1
Lake Village	Arkansas	33.32873	-91.28178	US	1
Ruidoso Downs	New Mexico	33.32897	-105.60443	US	1
Ruidoso	New Mexico	33.33175	-105.67304	US	1
Maud	Texas	33.3329	-94.3427	US	1
Chelsea	Alabama	33.34011	-86.63026	US	1
Ahwatukee Foothills	Arizona	33.34171	-111.98403	US	1
Avalon	California	33.34281	-118.32785	US	1
Harpersville	Alabama	33.344	-86.43804	US	1
San Carlos	Arizona	33.34562	-110.45504	US	1
Locust Grove	Georgia	33.34595	-84.10908	US	1
Anna	Texas	33.349	-96.5486	US	1
Westover	Alabama	33.34955	-86.53582	US	1
East Newnan	Georgia	33.35067	-84.7766	US	1
Waldo	Arkansas	33.35151	-93.29573	US	1
Gilbert	Arizona	33.35283	-111.78903	US	1
Indian Springs Village	Alabama	33.35539	-86.75443	US	1
Blackville	South Carolina	33.35793	-81.27066	US	1
Redwater	Texas	33.35818	-94.25436	US	1
Alvord	Texas	33.35845	-97.69475	US	1
Lewisville	Arkansas	33.35846	-93.57768	US	1
Laveen	Arizona	33.36282	-112.16932	US	1
Sanger	Texas	33.36317	-97.1739	US	1
Smackover	Arkansas	33.36485	-92.72488	US	1
Stamps	Arkansas	33.3654	-93.49518	US	1
Six Shooter Canyon	Arizona	33.36678	-110.7746	US	1
Buckeye	Arizona	33.37032	-112.58378	US	1
Olney	Texas	33.37066	-98.75284	US	1
Wolfe City	Texas	33.37067	-96.06886	US	1
Guadalupe	Arizona	33.37088	-111.96292	US	1
Gold Canyon	Arizona	33.37145	-111.43691	US	1
Cooper	Texas	33.37344	-95.68829	US	1
Fallbrook	California	33.37642	-117.25115	US	1
Georgetown	South Carolina	33.37683	-79.2945	US	1
Reform	Alabama	33.37845	-88.0153	US	1
Leonard	Texas	33.37955	-96.24748	US	1
Newnan	Georgia	33.38067	-84.79966	US	1
Vincent	Alabama	33.38455	-86.41192	US	1
Hampton	Georgia	33.38706	-84.28298	US	1
Globe	Arizona	33.39422	-110.7865	US	1
Roswell	New Mexico	33.39437	-104.52491	US	1
Pilot Point	Texas	33.3965	-96.96056	US	1
Peachtree City	Georgia	33.39678	-84.59576	US	1
Highland Lakes	Alabama	33.39838	-86.6513	US	1
Miami	Arizona	33.39922	-110.86872	US	1
Bessemer	Alabama	33.40178	-86.95444	US	1
Meadowbrook	Alabama	33.40205	-86.69665	US	1
Williston	South Carolina	33.40265	-81.42011	US	1
Central Heights-Midland City	Arizona	33.40372	-110.81541	US	1
Desert Shores	California	33.4042	-116.03972	US	1
Saint Stephen	South Carolina	33.40433	-79.92174	US	1
Hoover	Alabama	33.40539	-86.81138	US	1
Leland	Mississippi	33.40539	-90.8976	US	1
Warrenton	Georgia	33.40708	-82.66208	US	1
Greenville	Mississippi	33.40898	-91.05978	US	1
Rainbow	California	33.41031	-117.14781	US	1
Claypool	Arizona	33.41117	-110.84261	US	1
West Warrenton	Georgia	33.41217	-82.67517	US	1
Tempe Junction	Arizona	33.41421	-111.94348	US	1
Harlem	Georgia	33.41458	-82.31262	US	1
Tempe	Arizona	33.41477	-111.90931	US	1
Apache Junction	Arizona	33.41505	-111.54958	US	1
Knox City	Texas	33.41815	-99.81898	US	1
Van Alstyne	Texas	33.4215	-96.57721	US	1
New Ellenton	South Carolina	33.42153	-81.68567	US	1
Mesa	Arizona	33.42227	-111.82264	US	1
Texarkana	Texas	33.42513	-94.04769	US	1
Lipscomb	Alabama	33.42566	-86.92666	US	1
Wake Village	Texas	33.42679	-94.1063	US	1
San Clemente	California	33.42697	-117.61199	US	1
Lake Purdy	Alabama	33.43011	-86.68054	US	1
Shoal Creek	Alabama	33.43076	-86.61092	US	1
Brighton	Alabama	33.43428	-86.94721	US	1
Goodyear	Arizona	33.43532	-112.35821	US	1
Avondale	Arizona	33.4356	-112.3496	US	1
Brook Highland	Alabama	33.43566	-86.67388	US	1
Talladega	Alabama	33.43594	-86.1058	US	1
Lovejoy	Georgia	33.43622	-84.31437	US	1
Slaton	Texas	33.43731	-101.64349	US	1
Firing Range	Georgia	33.43752	-82.69068	US	1
Central City	Arizona	33.44001	-112.05805	US	0
Texarkana	Arkansas	33.44179	-94.03769	US	1
Nash	Texas	33.44235	-94.13075	US	1
Aguanga	California	33.44281	-116.86502	US	1
McDonough	Georgia	33.44734	-84.14686	US	1
Gunter	Texas	33.44789	-96.74749	US	1
Phoenix	Arizona	33.44838	-112.07404	US	1
Vestavia Hills	Alabama	33.44872	-86.78777	US	1
Fayetteville	Georgia	33.44873	-84.45493	US	1
Munday	Texas	33.44926	-99.62286	US	1
Tolleson	Arizona	33.45004	-112.25932	US	1
Moorhead	Mississippi	33.45012	-90.50564	US	1
Grovetown	Georgia	33.45042	-82.19818	US	1
Starkville	Mississippi	33.45049	-88.81961	US	1
Indianola	Mississippi	33.45095	-90.65509	US	1
Hueytown	Alabama	33.45122	-86.99666	US	1
Andrews	South Carolina	33.45128	-79.5609	US	1
Metcalfe	Mississippi	33.454	-91.00733	US	1
Sundown	Texas	33.45621	-102.48936	US	1
New Boston	Texas	33.45984	-94.41548	US	1
Midfield	Alabama	33.4615	-86.90888	US	1
Cahaba Heights	Alabama	33.464	-86.73193	US	1
Red Lick	Texas	33.46485	-94.17103	US	1
Bonanza	Georgia	33.46567	-84.33659	US	1
Oasis	California	33.46586	-116.09889	US	1
Hooks	Texas	33.46623	-94.28853	US	1
Dana Point	California	33.46697	-117.69811	US	1
Concord	Alabama	33.46761	-87.03111	US	1
New Hope	Mississippi	33.46817	-88.3267	US	1
Vandiver	Alabama	33.47066	-86.51332	US	1
Bogata	Texas	33.47067	-95.21384	US	1
Thomson	Georgia	33.47069	-82.50457	US	1
Augusta	Georgia	33.47097	-81.97484	US	1
Tyrone	Georgia	33.47123	-84.59715	US	1
Homewood	Alabama	33.47177	-86.80082	US	1
Spur	Texas	33.47648	-100.85569	US	1
Edisto	South Carolina	33.47654	-80.8987	US	1
Rock Creek	Alabama	33.47705	-87.08027	US	1
Encanto	Arizona	33.47937	-112.07823	US	0
Irondale	Georgia	33.48067	-84.35881	US	1
Winona	Mississippi	33.48207	-89.72814	US	1
Fairfield	Alabama	33.48594	-86.91194	US	1
Pleasant Grove	Alabama	33.49094	-86.97027	US	1
Orangeburg	South Carolina	33.49182	-80.85565	US	1
Litchfield Park	Arizona	33.49337	-112.35794	US	1
Temecula	California	33.49364	-117.14836	US	1
Itta Bena	Mississippi	33.49512	-90.31981	US	1
Columbus	Mississippi	33.49567	-88.42726	US	1
Clearwater	South Carolina	33.4968	-81.89206	US	1
Alhambra	Arizona	33.49838	-112.13432	US	1
Mountain Brook	Alabama	33.50094	-86.75221	US	1
San Juan Capistrano	California	33.50169	-117.66255	US	1
North Augusta	South Carolina	33.5018	-81.96512	US	1
Maryvale	Arizona	33.50199	-112.17765	US	1
Wilkinson Heights	South Carolina	33.5021	-80.83315	US	1
Wolfforth	Texas	33.50592	-102.00906	US	1
Brookdale	South Carolina	33.50682	-80.82342	US	1
Carrollton	Mississippi	33.50818	-89.92036	US	1
Howe	Texas	33.50872	-96.61221	US	1
De Kalb	Texas	33.50873	-94.61632	US	1
Scottsdale	Arizona	33.50921	-111.89903	US	1
Whitewright	Texas	33.51289	-96.39248	US	1
Burnettown	South Carolina	33.51541	-81.849	US	1
Sylvan Springs	Alabama	33.51566	-87.01499	US	1
Greenwood	Mississippi	33.51623	-90.17953	US	1
Martinez	Georgia	33.51736	-82.07567	US	1
Palmetto	Georgia	33.51789	-84.66965	US	1
Langley	South Carolina	33.51791	-81.844	US	1
Tom Bean	Texas	33.52011	-96.48387	US	1
Birmingham	Alabama	33.52066	-86.80249	US	1
Jonesboro	Georgia	33.5215	-84.35381	US	1
Laguna Niguel	California	33.52253	-117.70755	US	1
Dermott	Arkansas	33.52539	-91.43595	US	1
Gloverville	South Carolina	33.52597	-81.83011	US	1
Munford	Alabama	33.52983	-85.9508	US	1
Belvedere	South Carolina	33.53097	-81.94484	US	1
Paradise Valley	Arizona	33.53115	-111.94265	US	1
Ransom Canyon	Texas	33.53342	-101.67961	US	1
Evans	Georgia	33.53375	-82.13067	US	1
Minor	Alabama	33.53733	-86.94055	US	1
Hampton	Arkansas	33.53789	-92.46988	US	1
Bowdon	Georgia	33.53789	-85.25328	US	1
Irondale	Alabama	33.53816	-86.70721	US	1
Glendale	Arizona	33.53865	-112.18599	US	1
Eupora	Mississippi	33.54068	-89.26701	US	1
Laguna Beach	California	33.54225	-117.78311	US	1
Sunflower	Mississippi	33.5429	-90.53703	US	1
Stockbridge	Georgia	33.54428	-84.23381	US	1
Capitan	New Mexico	33.54536	-105.5722	US	1
Appling	Georgia	33.54608	-82.3173	US	1
Leeds	Alabama	33.54816	-86.54443	US	1
Citrus Park	Arizona	33.54865	-112.44433	US	1
Chattahoochee Hills	Georgia	33.55063	-84.76049	US	1
Warrenville	South Carolina	33.55097	-81.804	US	1
Murrells Inlet	South Carolina	33.551	-79.04143	US	1
Murrieta	California	33.55391	-117.21392	US	1
Crawfordville	Georgia	33.55402	-82.89598	US	1
Anza	California	33.55503	-116.67363	US	1
Bowie	Texas	33.559	-97.84865	US	1
Aiken	South Carolina	33.56042	-81.71955	US	1
Murrieta Hot Springs	California	33.56058	-117.15809	US	0
Collinsville	Texas	33.5615	-96.91111	US	1
Graniteville	South Carolina	33.56375	-81.80789	US	1
Aliso Viejo	California	33.56504	-117.72712	US	1
Fairburn	Georgia	33.56706	-84.58104	US	1
Forestdale	Alabama	33.57011	-86.89638	US	1
Ladera Ranch	California	33.57086	-117.63561	US	1
Mecca	California	33.57219	-116.0782	US	1
Riverdale	Georgia	33.57261	-84.41326	US	1
Porterdale	Georgia	33.57511	-83.8938	US	1
Greensboro	Georgia	33.57568	-83.18238	US	1
Lake Kiowa	Texas	33.57705	-97.01306	US	1
Bonham	Texas	33.57733	-96.17831	US	1
Lubbock	Texas	33.57786	-101.85517	US	1
Carrollton	Georgia	33.58011	-85.07661	US	1
Peoria	Arizona	33.5806	-112.23738	US	1
Morrow	Georgia	33.58317	-84.33937	US	1
Tarrant	Alabama	33.58344	-86.77277	US	1
Honey Grove	Texas	33.58344	-95.90997	US	1
Benjamin	Texas	33.58398	-99.79231	US	1
Camden	Arkansas	33.58456	-92.83433	US	1
Pell City	Alabama	33.58621	-86.28609	US	1
Union City	Georgia	33.58706	-84.54243	US	1
Levelland	Texas	33.58732	-102.37796	US	1
Moody	Alabama	33.59094	-86.49082	US	1
South Fulton	Georgia	33.59259	-84.67294	US	1
Garden City	South Carolina	33.59295	-79.00865	US	1
Youngtown	Arizona	33.59393	-112.30294	US	1
Seymour	Texas	33.59426	-99.26035	US	1
Archer City	Texas	33.59566	-98.62561	US	1
Madison	Georgia	33.59568	-83.46794	US	1
Covington	Georgia	33.59678	-83.86018	US	1
Sun City	Arizona	33.59754	-112.27182	US	1
Wildomar	California	33.59891	-117.28004	US	1
Mission Viejo	California	33.60002	-117.672	US	1
Adamsville	Alabama	33.60094	-86.95611	US	1
Murphys Estates	South Carolina	33.60125	-81.94428	US	1
Shaw	Mississippi	33.60211	-90.77458	US	1
Ehrenberg	Arizona	33.60419	-114.52523	US	1
Coto De Caza	California	33.60419	-117.58699	US	1
Fultondale	Alabama	33.60483	-86.79388	US	1
Mesa Verde	California	33.60586	-114.73107	US	1
Surfside Beach	South Carolina	33.606	-78.97309	US	1
Riverside	Alabama	33.60621	-86.20442	US	1
Lake City	Georgia	33.6065	-84.3352	US	1
Walthall	Mississippi	33.60734	-89.27729	US	1
West Point	Mississippi	33.60762	-88.65033	US	1
Arkansas City	Arkansas	33.60872	-91.20678	US	1
Blythe	California	33.6103	-114.59635	US	1
Laguna Woods	California	33.6103	-117.72533	US	1
Bells	Texas	33.61038	-96.41082	US	1
Clarksville	Texas	33.61066	-95.05272	US	1
San Joaquin Hills	California	33.61169	-117.83672	US	0
Fountain Hills	Arizona	33.61171	-111.71736	US	1
Laguna Hills	California	33.61252	-117.71283	US	1
Warren	Arkansas	33.61261	-92.06458	US	1
El Mirage	Arizona	33.61309	-112.3246	US	1
Bynum	Alabama	33.61316	-85.96108	US	1
Lincoln	Alabama	33.61316	-86.11831	US	1
Oxford	Alabama	33.61427	-85.83496	US	1
Union Point	Georgia	33.61568	-83.0746	US	1
Newport Beach	California	33.61891	-117.92895	US	1
Oxford	Georgia	33.619	-83.86741	US	1
Trussville	Alabama	33.61983	-86.60888	US	1
Guthrie	Texas	33.62064	-100.32289	US	1
Graysville	Alabama	33.62066	-86.97138	US	1
Dickens	Texas	33.62175	-100.83652	US	1
Forest Park	Georgia	33.62205	-84.36909	US	1
Gainesville	Texas	33.62594	-97.13335	US	1
Vista Santa Rosa	California	33.6278	-116.21806	US	1
McGehee	Arkansas	33.629	-91.39956	US	1
Monticello	Arkansas	33.629	-91.79096	US	1
Southmayd	Texas	33.63038	-96.76916	US	1
Surprise	Arizona	33.63059	-112.33322	US	1
Columbus Air Force Base	Mississippi	33.63239	-88.45153	US	1
Duck Hill	Mississippi	33.63318	-89.71119	US	1
Mount Zion	Georgia	33.63428	-85.18717	US	1
Sherman	Texas	33.63566	-96.60888	US	1
Lindsay	Texas	33.63594	-97.22279	US	1
Brookside	Alabama	33.63788	-86.91666	US	1
Lakeland Village	California	33.63863	-117.34393	US	1
UC Irvine	California	33.63967	-117.84164	US	1
Thermal	California	33.6403	-116.13945	US	1
Rancho Santa Margarita	California	33.64086	-117.6031	US	1
Costa Mesa	California	33.64113	-117.91867	US	1
Sedco Hills	California	33.64169	-117.29087	US	1
Carrizozo	New Mexico	33.64174	-105.87721	US	1
Turtle Rock	California	33.64335	-117.81015	US	1
Conley	Georgia	33.64483	-84.32576	US	1
Center Point	Alabama	33.64566	-86.6836	US	1
Lake Forest	California	33.64697	-117.68922	US	1
Grayson Valley	Alabama	33.64816	-86.63943	US	1
Heflin	Alabama	33.64899	-85.58746	US	1
Quail Hill	California	33.65114	-117.77551	US	1
University Town Center	California	33.65157	-117.83427	US	1
Muenster	Texas	33.65177	-97.37641	US	1
West End-Cobb Town	Alabama	33.6525	-85.8742	US	1
Chalkville	Alabama	33.65316	-86.64777	US	1
College Park	Georgia	33.65344	-84.44937	US	1
Whitesboro	Texas	33.65622	-96.90695	US	1
Social Circle	Georgia	33.65623	-83.71823	US	1
Irvine Health and Science Complex	California	33.65803	-117.76525	US	1
Choccolocco	Alabama	33.65927	-85.70357	US	1
Berry	Alabama	33.65983	-87.60001	US	1
Anniston	Alabama	33.65983	-85.83163	US	1
Crosbyton	Texas	33.66008	-101.23793	US	1
Gardendale	Alabama	33.6601	-86.81277	US	1
Hapeville	Georgia	33.66011	-84.4102	US	1
Huntington Beach	California	33.6603	-117.99923	US	1
Paris	Texas	33.66094	-95.55551	US	1
Blossom	Texas	33.6615	-95.38579	US	1
Sun City West	Arizona	33.66198	-112.34127	US	1
University Park	California	33.66246	-117.80953	US	1
Trabuco Canyon	California	33.66252	-117.59033	US	1
Reno	Texas	33.66316	-95.46245	US	1
La Quinta	California	33.66336	-116.31001	US	1
Quartzsite	Arizona	33.66391	-114.22995	US	1
Montague	Texas	33.66483	-97.72059	US	1
Saint Matthews	South Carolina	33.66488	-80.77787	US	1
Idalou	Texas	33.66647	-101.68294	US	1
Hope	Arkansas	33.66706	-93.59157	US	1
Conyers	Georgia	33.66761	-84.01769	US	1
Kingstree	South Carolina	33.66766	-79.83063	US	1
Lake Elsinore	California	33.66808	-117.32726	US	1
Irvine	California	33.66946	-117.82311	US	1
Lorenzo	Texas	33.67064	-101.53516	US	1
Mount Olive	Alabama	33.67094	-86.8561	US	1
Oak Creek	California	33.67398	-117.77123	US	1
Ralls	Texas	33.67425	-101.38766	US	1
Ashdown	Arkansas	33.67429	-94.13131	US	1
Pine Mountain	Georgia	33.67594	-84.11492	US	1
Odenville	Alabama	33.67732	-86.39665	US	1
Portola Hills	California	33.67919	-117.63116	US	0
East Point	Georgia	33.67955	-84.43937	US	1
Coachella	California	33.6803	-116.17389	US	1
Caledonia	Mississippi	33.68289	-88.32448	US	1
Socastee	South Carolina	33.6835	-78.99837	US	1
Deer Valley	Arizona	33.68393	-112.13488	US	1
Fayette	Alabama	33.68455	-87.83085	US	1
Canyon Lake	California	33.68502	-117.27309	US	1
Westpark	California	33.68527	-117.81371	US	1
Margaret	Alabama	33.68621	-86.47498	US	1
Foothill Ranch	California	33.68641	-117.66088	US	0
Argo	Alabama	33.68778	-86.50051	US	1
Cypress Village	California	33.68787	-117.75916	US	1
Shallowater	Texas	33.68897	-101.99823	US	1
Pinson	Alabama	33.68899	-86.68332	US	1
Myrtle Beach	South Carolina	33.68906	-78.88669	US	1
Saint Jo	Texas	33.69483	-97.52252	US	1
Manning	South Carolina	33.69516	-80.21091	US	1
El Camino Real	California	33.69662	-117.77668	US	1
Saks	Alabama	33.69871	-85.83969	US	1
Tustin Legacy	California	33.70006	-117.82588	US	1
Clay	Alabama	33.7026	-86.59971	US	1
Gresham Park	Georgia	33.70344	-84.31437	US	1
Stonegate	California	33.70534	-117.74009	US	1
Lakeview Estates	Georgia	33.70678	-84.03158	US	1
Quail Valley	California	33.70697	-117.24504	US	0
Winchester	California	33.70697	-117.08447	US	1
Panthersville	Georgia	33.70733	-84.27187	US	1
Stonecrest	Georgia	33.70849	-84.13485	US	1
Fountain Valley	California	33.70918	-117.95367	US	1
Sun City	California	33.70919	-117.19726	US	0
Walnut Village	California	33.70972	-117.79655	US	1
Lithonia	Georgia	33.71233	-84.10519	US	1
Reserve	New Mexico	33.71311	-108.75784	US	1
Northwood	California	33.71372	-117.76091	US	1
Indian Wells	California	33.71791	-116.34311	US	1
Indio	California	33.7207	-116.21677	US	1
Bremen	Georgia	33.72122	-85.1455	US	1
Forestbrook	South Carolina	33.72239	-78.95809	US	1
Rio Verde	Arizona	33.72254	-111.67569	US	1
Palm Desert	California	33.72255	-116.37697	US	1
Morton	Texas	33.7251	-102.75938	US	1
Meadowbrook	California	33.72578	-117.28509	US	1
Ruleville	Mississippi	33.72595	-90.55148	US	1
Candler-McAfee	Georgia	33.72672	-84.27246	US	1
Menifee	California	33.72835	-117.14642	US	1
Dora	Alabama	33.72872	-87.09028	US	1
Villa Rica	Georgia	33.73205	-84.91911	US	1
San Pedro	California	33.73585	-118.29229	US	0
Washington	Georgia	33.73679	-82.73931	US	1
Temple	Georgia	33.73705	-85.03244	US	1
Green Acres	California	33.73808	-117.07642	US	1
Rancho Mirage	California	33.73974	-116.41279	US	1
East Hemet	California	33.74002	-116.93891	US	1
Idyllwild	California	33.74002	-116.71891	US	1
Dixiana	Alabama	33.74021	-86.64938	US	1
Seal Beach	California	33.74141	-118.10479	US	1
Walnut Grove	Georgia	33.74261	-83.8524	US	1
Bermuda Dunes	California	33.7428	-116.28918	US	1
Homeland	California	33.74308	-117.1092	US	1
Cleveland	Mississippi	33.744	-90.72482	US	1
Idyllwild-Pine Cove	California	33.74429	-116.72587	US	1
Rancho Palos Verdes	California	33.74446	-118.38702	US	1
Ragland	Alabama	33.74454	-86.15581	US	1
Tallapoosa	Georgia	33.74455	-85.28801	US	1
Midway City	California	33.74474	-117.98923	US	0
Redan	Georgia	33.74538	-84.13158	US	1
Santa Ana	California	33.74557	-117.86783	US	1
Romoland	California	33.74585	-117.17503	US	0
Tustin	California	33.74585	-117.82617	US	1
Hemet	California	33.74761	-116.97307	US	1
Valle Vista	California	33.7478	-116.89336	US	1
Morris	Alabama	33.74816	-86.8086	US	1
Atlanta	Georgia	33.749	-84.38798	US	1
Douglasville	Georgia	33.7515	-84.74771	US	1
Reynoldstown	Georgia	33.75194	-84.35444	US	1
Weaver	Alabama	33.75205	-85.81135	US	1
Belvedere Park	Georgia	33.75483	-84.26742	US	1
Sumiton	Alabama	33.75566	-87.05	US	1
Denison	Texas	33.75566	-96.53666	US	1
Vernon	Alabama	33.75705	-88.10892	US	1
Rolling Hills	California	33.75739	-118.35752	US	1
Westminster	California	33.75918	-118.00673	US	1
Pottsboro	Texas	33.75927	-96.66944	US	1
Cordova	Alabama	33.75983	-87.18333	US	1
North Tustin	California	33.76446	-117.79394	US	1
Good Hope	California	33.76474	-117.26698	US	1
Long Beach	California	33.76696	-118.18923	US	1
Grenada	Mississippi	33.769	-89.80842	US	1
Avondale Estates	Georgia	33.77149	-84.26714	US	1
Kimberly	Alabama	33.77344	-86.81388	US	1
Garden Grove	California	33.77391	-117.94145	US	1
Alexandria	Alabama	33.77399	-85.88552	US	1
Decatur	Georgia	33.77483	-84.29631	US	1
Springville	Alabama	33.77505	-86.47191	US	1
Oak Grove	South Carolina	33.77821	-80.96676	US	1
Cathedral City	California	33.77974	-116.46529	US	1
Wilmington	California	33.78002	-118.26257	US	1
Druid Hills	Georgia	33.78038	-84.33604	US	1
Salome	Arizona	33.78114	-113.61465	US	1
Perris	California	33.78252	-117.22865	US	1
Ohatchee	Alabama	33.78343	-86.00247	US	1
San Jacinto	California	33.78391	-116.95864	US	1
Canyon Day	Arizona	33.78477	-110.02649	US	1
Rossmoor	California	33.78557	-118.08506	US	1
Lone Star	Texas	33.78566	-95.38773	US	1
Nocona	Texas	33.78677	-97.72586	US	1
Orange	California	33.78779	-117.85311	US	1
Rolling Hills Estates	California	33.78779	-118.35813	US	1
Edgefield	South Carolina	33.78958	-81.92956	US	1
Scottdale	Georgia	33.78983	-84.26409	US	1
North Decatur	Georgia	33.79038	-84.30603	US	1
Lomita	California	33.79224	-118.31507	US	1
Lincolnton	Georgia	33.79235	-82.47902	US	1
Lithia Springs	Georgia	33.794	-84.66049	US	1
Monroe	Georgia	33.79484	-83.71323	US	1
Palos Verdes Estates	California	33.80105	-118.39245	US	1
Nuevo	California	33.80141	-117.14587	US	1
Stanton	California	33.80252	-117.99312	US	1
Buchanan	Georgia	33.8026	-85.18856	US	1
Prescott	Arkansas	33.80261	-93.38101	US	1
Los Alamitos	California	33.80307	-118.07256	US	1
Signal Hill	California	33.80446	-118.16785	US	0
Stone Mountain	Georgia	33.80816	-84.1702	US	1
Clarkston	Georgia	33.80955	-84.23964	US	1
Drew	Mississippi	33.80956	-90.52648	US	1
Anton	Texas	33.8112	-102.16379	US	1
Powderly	Texas	33.81122	-95.5244	US	1
Austell	Georgia	33.81261	-84.63438	US	1
Fordyce	Arkansas	33.81372	-92.41293	US	1
Jacksonville	Alabama	33.81382	-85.7613	US	1
Warrior	Alabama	33.81427	-86.80944	US	1
Villa Park	California	33.81446	-117.81311	US	0
North Myrtle Beach	South Carolina	33.81601	-78.68002	US	1
Holliday	Texas	33.81621	-98.69506	US	1
North Druid Hills	Georgia	33.81677	-84.31326	US	1
Cypress	California	33.81696	-118.03729	US	1
Gaston	South Carolina	33.8171	-81.10093	US	1
Henrietta	Texas	33.81732	-98.19532	US	1
Johnsonville	South Carolina	33.81794	-79.44922	US	1
Mableton	Georgia	33.81872	-84.58243	US	1
Thousand Palms	California	33.82002	-116.39029	US	1
West Carson	California	33.82168	-118.29257	US	1
Carefree	Arizona	33.82226	-111.9182	US	1
Aberdeen	Mississippi	33.82511	-88.54366	US	1
Palm Springs	California	33.8303	-116.54529	US	1
Jasper	Alabama	33.83122	-87.27751	US	1
Hawaiian Gardens	California	33.8314	-118.07284	US	1
Carson	California	33.83141	-118.28202	US	1
Tonto Basin	Arizona	33.83171	-111.29457	US	1
Johnston	South Carolina	33.83208	-81.80094	US	1
Abernathy	Texas	33.8323	-101.84295	US	1
Privateer	South Carolina	33.83321	-80.41425	US	1
Cave Creek	Arizona	33.83333	-111.95083	US	1
Mead Valley	California	33.83335	-117.29615	US	1
Anaheim	California	33.83529	-117.9145	US	1
Torrance	California	33.83585	-118.34063	US	1
Conway	South Carolina	33.836	-79.04781	US	1
Whiteriver	Arizona	33.83699	-109.96427	US	1
Ashville	Alabama	33.83704	-86.25442	US	1
Lakeview	California	33.83863	-117.11809	US	1
Loganville	Georgia	33.839	-83.90074	US	1
El Cerrito Corona	California	33.84057	-117.52283	US	1
Mountain Park	Georgia	33.84427	-84.12936	US	1
Gadsden	South Carolina	33.84571	-80.76592	US	1
La Palma	California	33.8464	-118.04673	US	1
Lakewood	South Carolina	33.84683	-80.35008	US	1
Redondo Beach	California	33.84918	-118.38841	US	1
Sherwood Shores	Texas	33.85232	-96.81778	US	1
Colbert	Oklahoma	33.85316	-96.50249	US	1
Rosedale	Mississippi	33.85344	-91.02789	US	1
Lakewood	California	33.85363	-118.13396	US	1
Tucker	Georgia	33.85455	-84.21714	US	1
Calhoun City	Mississippi	33.85539	-89.31146	US	1
Derma	Mississippi	33.85567	-89.28452	US	1
Snellville	Georgia	33.85733	-84.01991	US	1
Cerritos	California	33.85835	-118.06479	US	1
Brookhaven	Georgia	33.85844	-84.3402	US	1
Powder Springs	Georgia	33.85955	-84.68382	US	1
Hermosa Beach	California	33.86224	-118.39952	US	1
Watkinsville	Georgia	33.8629	-83.40877	US	1
Vinings	Georgia	33.86483	-84.46437	US	1
Artesia	California	33.86585	-118.08312	US	1
Anthem	Arizona	33.86726	-112.14682	US	1
Buena Park	California	33.86751	-117.99812	US	1
Petersburg	Texas	33.86952	-101.59739	US	1
Lexington	Georgia	33.86984	-83.11182	US	1
Fullerton	California	33.87029	-117.92534	US	1
Lake City	South Carolina	33.871	-79.75535	US	1
Placentia	California	33.87224	-117.87034	US	1
Little River	South Carolina	33.87323	-78.61418	US	1
Mineral Springs	Arkansas	33.87512	-93.9138	US	1
Corona	California	33.87529	-117.56644	US	1
Hiram	Georgia	33.87566	-84.76216	US	1
Vardaman	Mississippi	33.87567	-89.17729	US	1
Home Gardens	California	33.87807	-117.52088	US	1
Mound Bayou	Mississippi	33.87817	-90.72732	US	1
Sunset Beach	North Carolina	33.88073	-78.51223	US	1
South Sumter	South Carolina	33.881	-80.345	US	1
Bellflower	California	33.88168	-118.11701	US	1
Woodcrest	California	33.88224	-117.35727	US	1
Preston	Texas	33.88232	-96.63305	US	1
Wedgewood	South Carolina	33.88377	-80.51258	US	1
Smyrna	Georgia	33.88399	-84.51438	US	1
Manhattan Beach	California	33.88474	-118.41091	US	1
Dumas	Arkansas	33.88705	-91.49179	US	1
Lawndale	California	33.88724	-118.35257	US	1
Gardena	California	33.88835	-118.30896	US	1
Yorba Linda	California	33.88863	-117.81311	US	1
Alondra Park	California	33.88946	-118.33091	US	1
Paramount	California	33.88946	-118.15979	US	1
Sky Valley	California	33.89001	-116.35251	US	1
Lilburn	Georgia	33.8901	-84.14297	US	1
Calabash	North Carolina	33.89073	-78.56834	US	1
Carbon Hill	Alabama	33.89177	-87.52612	US	1
Smoke Rise	Alabama	33.89177	-86.82027	US	1
Chamblee	Georgia	33.89205	-84.29881	US	1
March Air Force Base	California	33.89209	-117.2631	US	1
Hayden	Alabama	33.8926	-86.75777	US	1
Wedgefield	South Carolina	33.89266	-80.51814	US	1
West Rancho Dominguez	California	33.8939	-118.27063	US	1
Grayson	Georgia	33.89427	-83.95574	US	1
Idabel	Oklahoma	33.89566	-94.82633	US	1
Compton	California	33.89585	-118.22007	US	1
East Rancho Dominguez	California	33.89807	-118.19535	US	1
Doraville	Georgia	33.89816	-84.28326	US	1
Houston	Mississippi	33.89845	-88.99923	US	1
Carolina Shores	North Carolina	33.90101	-78.58057	US	1
Sulligent	Alabama	33.90177	-88.13448	US	1
Cane Savannah	South Carolina	33.90182	-80.45036	US	1
Norwalk	California	33.90224	-118.08173	US	1
Hopkins	South Carolina	33.90432	-80.87703	US	1
Locust Fork	Alabama	33.9076	-86.61527	US	1
Batesburg	South Carolina	33.90792	-81.54733	US	1
Batesburg-Leesville	South Carolina	33.91014	-81.53733	US	1
Pineridge	South Carolina	33.91043	-81.10454	US	1
Long Beach	North Carolina	33.91045	-78.11777	US	1
South Congaree	South Carolina	33.91099	-81.13565	US	1
McCormick	South Carolina	33.91346	-82.29346	US	1
Wichita Falls	Texas	33.91371	-98.49339	US	1
New River	Arizona	33.91587	-112.13599	US	1
Del Aire	California	33.91613	-118.36952	US	1
Hawthorne	California	33.9164	-118.35257	US	1
Fair Oaks	Georgia	33.91649	-84.54465	US	1
Leesville	South Carolina	33.91653	-81.51344	US	1
Oak Island	North Carolina	33.91656	-78.16111	US	1
Brea	California	33.91668	-117.90006	US	1
Willowbrook	California	33.91696	-118.25507	US	1
La Mirada	California	33.91724	-118.01201	US	1
Littlefield	Texas	33.91731	-102.3249	US	1
Cabazon	California	33.91752	-116.78724	US	1
Southport	North Carolina	33.91821	-78.01933	US	1
El Segundo	California	33.91918	-118.41647	US	1
Sumter	South Carolina	33.92044	-80.34147	US	1
Pea Ridge	Arkansas	33.92066	-91.33679	US	1
Gurdon	Arkansas	33.92094	-93.15406	US	1
West Athens	California	33.92335	-118.30341	US	1
Dallas	Georgia	33.92371	-84.84077	US	1
Desert Edge	California	33.92417	-116.44139	US	1
Sandy Springs	Georgia	33.92427	-84.37854	US	1
East La Mirada	California	33.92446	-117.98895	US	1
Southside	Alabama	33.92454	-86.02247	US	1
Piedmont	Alabama	33.92455	-85.61135	US	1
East Sumter	South Carolina	33.92544	-80.29619	US	1
Banning	California	33.92557	-116.87641	US	1
Garnet	California	33.927	-116.477	US	1
Winfield	Alabama	33.92899	-87.81725	US	1
Saint James	North Carolina	33.92934	-78.11638	US	1
Beaumont	California	33.92946	-116.97725	US	1
Lynwood	California	33.93029	-118.21146	US	1
Norco	California	33.93113	-117.54866	US	1
La Habra	California	33.93196	-117.94617	US	1
Red Bank	South Carolina	33.93209	-81.23843	US	1
Calera	Oklahoma	33.93454	-96.4286	US	1
Marietta	Oklahoma	33.93704	-97.11668	US	1
Moreno Valley	California	33.93752	-117.23059	US	1
Lennox	California	33.93807	-118.35258	US	1
Horatio	Arkansas	33.93845	-94.35715	US	1
Steele	Alabama	33.93982	-86.20164	US	1
Downey	California	33.94001	-118.13257	US	1
Pittsboro	Mississippi	33.94039	-89.33757	US	1
Norcross	Georgia	33.94121	-84.21353	US	1
Westmont	California	33.9414	-118.3023	US	1
Star City	Arkansas	33.94288	-91.84347	US	1
Nashville	Arkansas	33.94567	-93.84713	US	1
Dunwoody	Georgia	33.94621	-84.33465	US	1
Santa Fe Springs	California	33.94724	-118.08535	US	1
Oneonta	Alabama	33.94815	-86.47276	US	1
Bogart	Georgia	33.94928	-83.53461	US	1
South Whittier	California	33.95015	-118.03917	US	1
Mikoma	Mississippi	33.95039	-90.28398	US	1
Shelby	Mississippi	33.95094	-90.76788	US	1
Iowa Park	Texas	33.95148	-98.66867	US	1
Marietta	Georgia	33.9526	-84.54993	US	1
Riverside	California	33.95335	-117.39616	US	1
South Gate	California	33.95474	-118.21202	US	1
Rainbow City	Alabama	33.95482	-86.04192	US	1
Cherryvale	South Carolina	33.95571	-80.45814	US	1
Lawrenceville	Georgia	33.95621	-83.98796	US	1
Glencoe	Alabama	33.95704	-85.93247	US	1
Stateburg	South Carolina	33.95765	-80.53481	US	1
Rison	Arkansas	33.95843	-92.19015	US	1
Cudahy	California	33.96057	-118.18535	US	1
La Habra Heights	California	33.96085	-117.95062	US	1
Athens	Georgia	33.96095	-83.37794	US	1
Inglewood	California	33.96168	-118.35313	US	1
Desert Hot Springs	California	33.96173	-116.50353	US	1
Eastvale	California	33.96358	-117.56418	US	1
Statham	Georgia	33.96511	-83.59655	US	1
Bell Gardens	California	33.96529	-118.15146	US	1
Guin	Alabama	33.96566	-87.91475	US	1
Cayce	South Carolina	33.96571	-81.07398	US	1
Winterville	Georgia	33.96706	-83.27821	US	1
Florence-Graham	California	33.96772	-118.24438	US	1
Walnut Park	California	33.96807	-118.22507	US	1
Wickenburg	Arizona	33.96864	-112.72962	US	1
Peachtree Corners	Georgia	33.9701	-84.22159	US	1
Cherry Valley	California	33.97252	-116.97725	US	1
Los Serranos	California	33.97279	-117.70811	US	1
Shallotte	North Carolina	33.97323	-78.38584	US	1
Pedley	California	33.97529	-117.47588	US	1
West Whittier-Los Nietos	California	33.976	-118.06909	US	1
Rowland Heights	California	33.97612	-117.90534	US	1
Bell	California	33.97751	-118.18702	US	1
Russell	Georgia	33.97872	-83.70017	US	1
Whittier	California	33.97918	-118.03284	US	1
Lexington	South Carolina	33.98154	-81.23621	US	1
Marina del Rey	California	33.98162	-118.45371	US	0
Huntington Park	California	33.98168	-118.22507	US	1
Oakland	South Carolina	33.98293	-80.48842	US	1
Pico Rivera	California	33.98307	-118.09673	US	1
Berkeley Lake	Georgia	33.98371	-84.18658	US	1
Crowell	Texas	33.98397	-99.72482	US	1
Amory	Mississippi	33.98428	-88.4881	US	1
Floydada	Texas	33.98452	-101.33766	US	1
Maywood	California	33.98668	-118.18535	US	1
Dacula	Georgia	33.98872	-83.89796	US	1
Country Club Estates	Georgia	33.98928	-83.4096	US	1
Venice	California	33.99084	-118.46008	US	0
Cleveland	Alabama	33.99093	-86.57749	US	1
Bruce	Mississippi	33.99206	-89.34896	US	1
Jurupa Valley	California	33.99251	-117.51644	US	1
Winder	Georgia	33.99261	-83.72017	US	1
Hacienda Heights	California	33.99307	-117.96868	US	1
West Columbia	South Carolina	33.99349	-81.07398	US	1
Chino Hills	California	33.9938	-117.75888	US	1
Durant	Oklahoma	33.99399	-96.37082	US	1
Ladera Heights	California	33.99418	-118.37535	US	0
View Park-Windsor Hills	California	33.99551	-118.34835	US	0
Pamplico	South Carolina	33.996	-79.57006	US	1
Rubidoux	California	33.99613	-117.4056	US	1
Kure Beach	North Carolina	33.99684	-77.90721	US	1
Hokes Bluff	Alabama	33.99815	-85.86636	US	1
Kingston	Oklahoma	33.99871	-96.71972	US	1
Red Hill	South Carolina	33.99961	-79.2581	US	1
Commerce	California	34.00057	-118.15979	US	1
Columbia	South Carolina	34.00071	-81.03481	US	1
Saluda	South Carolina	34.00152	-81.77205	US	1
North Fork	Arizona	34.00167	-109.96355	US	1
Okolona	Mississippi	34.00178	-88.75533	US	1
Vermont Square	California	34.00204	-118.29896	US	1
Rockmart	Georgia	34.0026	-85.04161	US	1
Duluth	Georgia	34.00288	-84.14464	US	1
Calimesa	California	34.0039	-117.06198	US	1
Charleston	Mississippi	34.00678	-90.05676	US	1
Montebello	California	34.00946	-118.10535	US	1
Hugo	Oklahoma	34.01066	-95.50968	US	1
Cedartown	Georgia	34.01123	-85.25593	US	1
Glen Avon	California	34.01168	-117.48477	US	1
Sunnyslope	California	34.01196	-117.43338	US	1
Matador	Texas	34.01202	-100.82208	US	1
Chino	California	34.01223	-117.68894	US	1
Paducah	Texas	34.0123	-100.30206	US	1
South San Jose Hills	California	34.01279	-117.90478	US	1
Auburn	Georgia	34.01372	-83.82768	US	1
Gadsden	Alabama	34.01434	-86.00639	US	1
Tutwiler	Mississippi	34.01483	-90.43176	US	1
Highgrove	California	34.01585	-117.33338	US	1
Dalzell	South Carolina	34.01682	-80.43008	US	1
Forest Acres	South Carolina	34.01932	-80.98981	US	1
Santa Monica	California	34.01949	-118.49138	US	1
La Puente	California	34.02001	-117.94951	US	1
Walnut	California	34.02029	-117.86534	US	1
Culver City	California	34.02112	-118.39647	US	0
Attalla	Alabama	34.02176	-86.08859	US	1
Roswell	Georgia	34.02316	-84.36159	US	1
Kennesaw	Georgia	34.02343	-84.61549	US	1
East Los Angeles	California	34.0239	-118.17202	US	1
Malibu	California	34.02577	-118.7804	US	1
Diamond Bar	California	34.02862	-117.81034	US	1
Johns Creek	Georgia	34.02893	-84.19858	US	1
Electra	Texas	34.02926	-98.91896	US	1
Broken Bow	Oklahoma	34.02928	-94.7391	US	1
Boiling Spring Lakes	North Carolina	34.03045	-78.06721	US	1
Yucaipa	California	34.03363	-117.04309	US	1
Boyle Heights	California	34.0339	-118.20535	US	0
Grand Terrace	California	34.0339	-117.31365	US	1
Carolina Beach	North Carolina	34.03517	-77.8936	US	1
Avocado Heights	California	34.03612	-117.99118	US	1
Sawtelle	California	34.0363	-118.44949	US	1
Las Flores	California	34.03723	-118.63592	US	0
De Queen	Arkansas	34.03789	-94.34132	US	1
Belvedere	California	34.04057	-118.16924	US	0
Mid-City	California	34.04126	-118.36058	US	1
Saint Andrews	South Carolina	34.043	-81.101	US	1
Cibecue	Arizona	34.04477	-110.48539	US	1
Valinda	California	34.04529	-117.94367	US	1
Aragon	Georgia	34.04565	-85.05606	US	1
Morongo Valley	California	34.04695	-116.58085	US	1
Pacific Palisades	California	34.04806	-118.52647	US	1
Loma Linda	California	34.04835	-117.26115	US	1
Seven Oaks	South Carolina	34.04876	-81.14648	US	1
South San Gabriel	California	34.04915	-118.09462	US	1
Suwanee	Georgia	34.05149	-84.0713	US	1
West Puente Valley	California	34.05168	-117.9684	US	1
South El Monte	California	34.05195	-118.04673	US	1
Los Angeles	California	34.05223	-118.24368	US	1
Pomona	California	34.05529	-117.75228	US	1
Century City	California	34.05557	-118.41786	US	0
Redlands	California	34.05557	-117.18254	US	1
Westwood	California	34.05612	-118.43063	US	0
Loris	South Carolina	34.05628	-78.8903	US	1
Koreatown	California	34.05779	-118.30091	US	0
Socorro	New Mexico	34.0584	-106.89142	US	1
Ballplay	Alabama	34.05871	-85.80802	US	1
Woodfield	South Carolina	34.05932	-80.93092	US	1
Hanceville	Alabama	34.06065	-86.7675	US	1
Murfreesboro	Arkansas	34.06233	-93.6899	US	1
Monterey Park	California	34.06251	-118.12285	US	1
Sea Breeze	North Carolina	34.06323	-77.89137	US	1
Ontario	California	34.06334	-117.65089	US	1
Comer	Georgia	34.06372	-83.12543	US	1
Dentsville	South Carolina	34.06404	-80.95815	US	1
Hale Center	Texas	34.06424	-101.84379	US	1
Acworth	Georgia	34.06635	-84.67837	US	1
Bolivia	North Carolina	34.06767	-78.14833	US	1
El Monte	California	34.06862	-118.02757	US	1
West Covina	California	34.06862	-117.93895	US	1
Mentone	California	34.07001	-117.13448	US	1
Bloomington	California	34.07029	-117.39588	US	1
Black Canyon City	Arizona	34.07087	-112.15071	US	1
Beverly Hills	California	34.07362	-118.40036	US	1
Colton	California	34.0739	-117.31365	US	1
Alpharetta	Georgia	34.07538	-84.29409	US	1
Montclair	California	34.07751	-117.68978	US	1
Arcade	Georgia	34.07789	-83.56155	US	1
Echo Park	California	34.07808	-118.26066	US	0
Larchmont	California	34.07974	-118.31758	US	1
Rosemead	California	34.08057	-118.07285	US	1
Blountsville	Alabama	34.08149	-86.5911	US	1
Bel Air	California	34.08334	-118.44869	US	1
Baldwin Park	California	34.08529	-117.9609	US	1
Irmo	South Carolina	34.08598	-81.18315	US	1
Silver Lake	California	34.08668	-118.27023	US	0
Nettleton	Mississippi	34.089	-88.62227	US	1
Covina	California	34.09001	-117.89034	US	1
West Hollywood	California	34.09001	-118.36174	US	0
Madill	Oklahoma	34.09038	-96.77167	US	1
East San Gabriel	California	34.09168	-118.09118	US	0
Fontana	California	34.09223	-117.43505	US	1
Calhoun Falls	South Carolina	34.09234	-82.59569	US	1
Topanga	California	34.09362	-118.60147	US	1
Alhambra	California	34.09529	-118.12701	US	1
San Gabriel	California	34.09611	-118.10583	US	1
Hoschton	Georgia	34.0965	-83.76128	US	1
Claremont	California	34.09668	-117.71978	US	1
Upland	California	34.09751	-117.64839	US	1
Burkburnett	Texas	34.09787	-98.57061	US	1
Hollywood	California	34.09834	-118.32674	US	0
Oakland	Oklahoma	34.1001	-96.79389	US	1
La Verne	California	34.10084	-117.76784	US	1
Woodstock	Georgia	34.10149	-84.51938	US	1
North El Monte	California	34.10279	-118.02423	US	1
Charter Oak	California	34.10306	-117.84589	US	1
Rancho Cucamonga	California	34.1064	-117.59311	US	1
Rialto	California	34.1064	-117.37032	US	1
Sugar Hill	Georgia	34.10649	-84.03352	US	1
San Dimas	California	34.10668	-117.80673	US	1
Irwindale	California	34.10695	-117.93534	US	1
Temple City	California	34.10723	-118.05785	US	1
Cave Spring	Georgia	34.1076	-85.33634	US	1
San Bernardino	California	34.10834	-117.28977	US	1
Braselton	Georgia	34.10927	-83.76267	US	1
Eagar	Arizona	34.11124	-109.29238	US	1
Elberton	Georgia	34.11159	-82.86863	US	1
Nicholson	Georgia	34.114	-83.43155	US	1
Yucca Valley	California	34.11417	-116.43224	US	1
Carlisle-Rockledge	Alabama	34.11445	-86.12407	US	1
Citrus	California	34.11501	-117.89173	US	1
Mayflower Village	California	34.11501	-118.00979	US	1
Good Hope	Alabama	34.11593	-86.86361	US	1
South Pasadena	California	34.11612	-118.15035	US	1
Shannon	Mississippi	34.11622	-88.71172	US	1
Atwater Village	California	34.1164	-118.25646	US	1
Jefferson	Georgia	34.11705	-83.57239	US	1
Dierks	Arkansas	34.11928	-94.01658	US	1
Lake Murray of Richland	South Carolina	34.12048	-81.2645	US	1
Buford	Georgia	34.12066	-84.00435	US	1
Arkadelphia	Arkansas	34.12093	-93.05378	US	1
San Marino	California	34.1214	-118.10646	US	1
Danielsville	Georgia	34.12428	-83.22126	US	1
Lockney	Texas	34.12452	-101.44155	US	1
Caddo	Oklahoma	34.12676	-96.26332	US	1
Emerson	Georgia	34.12704	-84.75549	US	1
Highland	California	34.12834	-117.20865	US	1
Milton	Georgia	34.13216	-84.30067	US	1
Springerville	Arizona	34.13355	-109.28834	US	1
Azusa	California	34.13362	-117.90756	US	1
Myrtle Grove	North Carolina	34.13462	-77.88165	US	1
Joshua Tree	California	34.13473	-116.31307	US	1
Timmonsville	South Carolina	34.13488	-79.93979	US	1
Twentynine Palms	California	34.13556	-116.05417	US	1
Glendora	California	34.13612	-117.86534	US	1
Agoura Hills	California	34.13639	-118.77453	US	1
East Pasadena	California	34.13814	-118.07384	US	1
Universal City	California	34.1389	-118.35341	US	0
Duarte	California	34.13945	-117.97729	US	1
Arcadia	California	34.13973	-118.03534	US	1
Big River	California	34.14002	-114.36134	US	1
Hamilton	Alabama	34.14232	-87.98864	US	1
Glendale	California	34.14251	-118.25508	US	1
Pinetop-Lakeside	Arizona	34.14254	-109.96038	US	1
Agoura	California	34.14306	-118.73787	US	1
Euharlee	Georgia	34.14482	-84.933	US	1
Westlake Village	California	34.14584	-118.80565	US	1
Double Springs	Alabama	34.14637	-87.40247	US	1
Bradbury	California	34.14695	-117.9709	US	1
Pasadena	California	34.14778	-118.14452	US	1
Port Hueneme	California	34.14778	-119.19511	US	1
Monrovia	California	34.14806	-117.99895	US	1
Studio City	California	34.14862	-118.39647	US	0
Silver Lake	North Carolina	34.14878	-77.9136	US	1
Tabor City	North Carolina	34.14878	-78.87669	US	1
Parker	Arizona	34.15002	-114.28912	US	1
Sherman Oaks	California	34.15112	-118.44925	US	0
Water Valley	Mississippi	34.1515	-89.63147	US	1
Centre	Alabama	34.15204	-85.67885	US	1
Muscoy	California	34.15418	-117.34421	US	1
Vernon	Texas	34.15536	-99.26628	US	1
San Antonio Heights	California	34.15556	-117.65644	US	1
Calabasas	California	34.15778	-118.63842	US	1
Channel Islands Beach	California	34.15806	-119.22316	US	1
Encino	California	34.15917	-118.50119	US	0
Hidden Hills	California	34.16028	-118.65231	US	1
Sierra Madre	California	34.16167	-118.05285	US	1
Wilson	Oklahoma	34.16204	-97.42586	US	1
Congress	Arizona	34.16253	-112.85074	US	1
Whitesboro	Alabama	34.16343	-86.06942	US	1
Lake of the Woods	Arizona	34.16393	-109.98955	US	1
Cartersville	Georgia	34.16533	-84.80231	US	1
Chapin	South Carolina	34.16598	-81.34982	US	1
Waurika	Oklahoma	34.16704	-97.99754	US	1
Woodland Hills	California	34.16834	-118.60592	US	0
Thousand Oaks	California	34.17056	-118.83759	US	1
Elgin	South Carolina	34.17098	-80.79425	US	1
North Hollywood	California	34.17223	-118.37897	US	0
Holly Springs	Georgia	34.17399	-84.50132	US	1
Sardis City	Alabama	34.17426	-86.12275	US	1
Ardmore	Oklahoma	34.17426	-97.14363	US	1
Cullman	Alabama	34.17482	-86.84361	US	1
Ninety Six	South Carolina	34.17513	-82.02401	US	1
Lone Grove	Oklahoma	34.17537	-97.26279	US	1
Abbeville	South Carolina	34.17817	-82.37901	US	1
Marion	South Carolina	34.17822	-79.40061	US	1
Ringling	Oklahoma	34.17843	-97.59253	US	1
Oak Park	California	34.17917	-118.76287	US	1
Masonboro	North Carolina	34.17934	-77.84748	US	1
Leesburg	Alabama	34.17982	-85.76136	US	1
Sulphur Springs	Arkansas	34.18065	-92.12348	US	1
Burbank	California	34.18084	-118.30897	US	1
Olton	Texas	34.18341	-102.13463	US	1
Casa Conejo	California	34.18362	-118.94343	US	0
Plainview	Texas	34.18479	-101.70684	US	1
Flowery Branch	Georgia	34.1851	-83.92518	US	1
Valley Glen	California	34.18568	-118.42032	US	0
Portales	New Mexico	34.18619	-103.3344	US	1
Van Nuys	California	34.18667	-118.44897	US	0
Lindale	Georgia	34.18676	-85.17467	US	1
Dickson	Oklahoma	34.18732	-96.98446	US	1
Cienega Springs	Arizona	34.18863	-114.22467	US	1
Altadena	California	34.18973	-118.13118	US	1
Verona	Mississippi	34.19427	-88.71977	US	1
Greenwood	South Carolina	34.1954	-82.16179	US	1
Florence	South Carolina	34.19543	-79.76256	US	1
West Hills	California	34.19731	-118.64398	US	0
Oxnard	California	34.1975	-119.17705	US	1
La Cañada Flintridge	California	34.19917	-118.18785	US	1
Clarksdale	Mississippi	34.20011	-90.57093	US	1
Boaz	Alabama	34.20065	-86.16637	US	1
Horton	Alabama	34.20093	-86.29692	US	1
Canoga Park	California	34.20112	-118.59814	US	0
Reseda	California	34.20112	-118.53647	US	1
Lambert	Mississippi	34.20178	-90.28343	US	1
Commerce	Georgia	34.204	-83.45711	US	1
Mullins	South Carolina	34.20572	-79.25449	US	1
Cumming	Georgia	34.20732	-84.14019	US	1
Running Springs	California	34.20779	-117.1092	US	1
Wrightsville Beach	North Carolina	34.2085	-77.79637	US	1
Prosperity	South Carolina	34.20931	-81.53316	US	1
Seagate	North Carolina	34.20934	-77.84359	US	1
Seth Ward	Texas	34.21174	-101.69017	US	1
Winnetka	California	34.21334	-118.57203	US	1
Plantersville	Mississippi	34.21344	-88.6645	US	1
Blythewood	South Carolina	34.21432	-80.97398	US	1
Camarillo	California	34.21639	-119.0376	US	1
Bishopville	South Carolina	34.21821	-80.24841	US	1
Cedar Bluff	Alabama	34.22009	-85.60774	US	1
Muleshoe	Texas	34.22647	-102.72383	US	1
Haleyville	Alabama	34.22649	-87.62141	US	1
Lugoff	South Carolina	34.22737	-80.68925	US	1
Oakwood	Georgia	34.2276	-83.88435	US	1
Northridge	California	34.22834	-118.53675	US	0
Pine Bluff	Arkansas	34.22843	-92.0032	US	1
Belville	North Carolina	34.23	-77.9892	US	1
Payson	Arizona	34.23087	-111.32514	US	1
Antlers	Oklahoma	34.23121	-95.62025	US	1
La Crescenta-Montrose	California	34.23216	-118.23529	US	1
Earth	Texas	34.23314	-102.41075	US	1
Healdton	Oklahoma	34.23315	-97.4878	US	1
Wilmington	North Carolina	34.23556	-77.94604	US	1
El Rio	California	34.23578	-119.16383	US	1
Tishomingo	Oklahoma	34.23621	-96.67861	US	1
North Hills	California	34.23639	-118.48472	US	0
Canton	Georgia	34.23676	-84.49076	US	1
Crestline	California	34.24195	-117.2856	US	1
Big Bear Lake	California	34.2439	-116.91142	US	1
Camden	South Carolina	34.24654	-80.60702	US	1
Pontotoc	Mississippi	34.24788	-88.99867	US	1
Lake Arrowhead	California	34.24834	-117.18921	US	1
Tujunga	California	34.25223	-118.28841	US	0
Maysville	Georgia	34.25288	-83.56155	US	1
Sun Valley	Arizona	34.2542	-111.26125	US	1
Show Low	Arizona	34.25421	-110.02983	US	1
Star Valley	Arizona	34.25504	-111.25847	US	1
Navassa	North Carolina	34.25545	-78.00749	US	1
Leland	North Carolina	34.25628	-78.04471	US	1
Marks	Mississippi	34.25683	-90.27298	US	1
Santa Susana	California	34.257	-118.669	US	0
Rome	Georgia	34.25704	-85.16467	US	1
Chatsworth	California	34.25723	-118.6012	US	0
Tupelo	Mississippi	34.25807	-88.70464	US	1
Big Bear City	California	34.26112	-116.84503	US	1
Shadow Hills	California	34.26195	-118.35175	US	0
Kings Grant	North Carolina	34.26295	-77.8636	US	1
Collinsville	Alabama	34.26398	-85.86053	US	1
Sunland	California	34.26695	-118.3023	US	0
Albertville	Alabama	34.26783	-86.20878	US	1
Simi Valley	California	34.26945	-118.78148	US	1
Ogden	North Carolina	34.27239	-77.81859	US	1
White Hall	Arkansas	34.27399	-92.09098	US	1
Fulton	Mississippi	34.27399	-88.40921	US	1
Newberry	South Carolina	34.27458	-81.61872	US	1
Bear Creek	Alabama	34.27482	-87.70058	US	1
Hackleburg	Alabama	34.27732	-87.82864	US	1
Ventura	California	34.27834	-119.29317	US	1
San Fernando	California	34.28195	-118.43897	US	0
Saticoy	California	34.28306	-119.14983	US	1
Lake Secession	South Carolina	34.28455	-82.59457	US	1
Franklin Springs	Georgia	34.28483	-83.14432	US	1
Linden	Arizona	34.28504	-110.15706	US	1
Moorpark	California	34.28556	-118.88204	US	1
Brunswick	North Carolina	34.28684	-78.70113	US	1
Royston	Georgia	34.28705	-83.11015	US	1
Crossville	Alabama	34.28759	-85.99414	US	1
Wrightsboro	North Carolina	34.2885	-77.9211	US	1
Bayshore	North Carolina	34.28961	-77.78748	US	1
De Witt	Arkansas	34.29288	-91.3379	US	1
Murraysville	North Carolina	34.29572	-77.84748	US	1
Quanah	Texas	34.29785	-99.74037	US	1
Gainesville	Georgia	34.29788	-83.82407	US	1
Darlington	South Carolina	34.29988	-79.87617	US	1
Iva	South Carolina	34.3065	-82.66374	US	1
Sheridan	Arkansas	34.30704	-92.40127	US	1
Sylmar	California	34.30778	-118.44925	US	1
Cordes Lakes	Arizona	34.30781	-112.10349	US	1
Northchase	North Carolina	34.30782	-77.87749	US	1
Batesville	Mississippi	34.3115	-89.94426	US	1
Arab	Alabama	34.31815	-86.49582	US	1
Lake Waccamaw	North Carolina	34.31906	-78.50001	US	1
Jonestown	Mississippi	34.31955	-90.45565	US	1
Chadbourn	North Carolina	34.32211	-78.82697	US	1
Mantachie	Mississippi	34.32427	-88.49116	US	1
Glenwood	Arkansas	34.32677	-93.55074	US	1
Due West	South Carolina	34.33345	-82.3879	US	1
Homer	Georgia	34.33372	-83.49905	US	1
Rydal	Georgia	34.33537	-84.71549	US	1
Shannon	Georgia	34.33676	-85.07134	US	1
Latta	South Carolina	34.3371	-79.43116	US	1
Ball Ground	Georgia	34.33815	-84.37659	US	1
Whiteville	North Carolina	34.33878	-78.70307	US	1
Spring Valley	Arizona	34.34503	-112.15905	US	1
Skippers Corner	North Carolina	34.346	-77.90249	US	1
White Mountain Lake	Arizona	34.34865	-109.99789	US	1
Phil Campbell	Alabama	34.35093	-87.70642	US	1
Hartwell	Georgia	34.35288	-82.93209	US	1
Santa Paula	California	34.35417	-119.05927	US	1
Castle Hayne	North Carolina	34.35572	-77.89999	US	1
Guntersville	Alabama	34.35823	-86.29446	US	1
Walters	Oklahoma	34.35981	-98.30783	US	1
Wrightwood	California	34.36083	-117.63339	US	1
Winnsboro Mills	South Carolina	34.36181	-81.08537	US	1
Malvern	Arkansas	34.36231	-92.81295	US	1
University	Mississippi	34.36594	-89.52536	US	0
Oxford	Mississippi	34.3665	-89.51925	US	1
Hampstead	North Carolina	34.36767	-77.71053	US	1
Falkville	Alabama	34.36843	-86.90862	US	1
Adairsville	Georgia	34.3687	-84.93411	US	1
Comanche	Oklahoma	34.36897	-97.96392	US	1
Carnesville	Georgia	34.36983	-83.23516	US	1
Friars Point	Mississippi	34.37088	-90.63834	US	1
Hartsville	South Carolina	34.37404	-80.0734	US	1
Saltillo	Mississippi	34.37649	-88.68172	US	1
Winnsboro	South Carolina	34.3807	-81.08648	US	1
Nelson	Georgia	34.38204	-84.37103	US	1
Oak Hills	California	34.38313	-117.38135	US	1
Farwell	Texas	34.38341	-103.038	US	1
Pine	Arizona	34.38447	-111.45514	US	1
Hart	Texas	34.38507	-102.11574	US	1
Atoka	Oklahoma	34.38593	-96.12833	US	1
Lula	Georgia	34.3876	-83.66629	US	1
Texico	New Mexico	34.38869	-103.05134	US	1
Stevenson Ranch	California	34.39048	-118.57372	US	1
Santa Clarita	California	34.39166	-118.54259	US	1
Frederick	Oklahoma	34.39203	-99.01841	US	1
North Hartsville	South Carolina	34.39377	-80.06951	US	1
Cannon Air Force Base	New Mexico	34.39689	-103.32444	US	1
Mayer	Arizona	34.39781	-112.23627	US	1
Ware Shoals	South Carolina	34.39845	-82.24679	US	1
Carpinteria	California	34.39888	-119.51846	US	1
Fillmore	California	34.39916	-118.91815	US	1
Oak View	California	34.4	-119.30011	US	1
Clovis	New Mexico	34.4048	-103.20523	US	1
Isla Vista	California	34.41333	-119.86097	US	1
Heber-Overgaard	Arizona	34.41414	-110.56956	US	1
Danville	Alabama	34.41454	-87.08751	US	1
Joanna	South Carolina	34.41491	-81.8124	US	1
Piru	California	34.41527	-118.79398	US	1
Dillon	South Carolina	34.41655	-79.37116	US	1
Toro Canyon	California	34.42	-119.56707	US	1
Santa Barbara	California	34.42083	-119.69819	US	1
Alamo	New Mexico	34.42089	-107.51088	US	1
Dawsonville	Georgia	34.42121	-84.11908	US	1
Summerland	California	34.42138	-119.59652	US	1
Canyon Country	California	34.42333	-118.47203	US	1
Lake Hamilton	Arkansas	34.42453	-93.09518	US	1
Phelan	California	34.42611	-117.57228	US	1
Hesperia	California	34.42639	-117.30088	US	1
Childress	Texas	34.42645	-100.204	US	1
Surf City	North Carolina	34.42711	-77.54608	US	1
Meridian	Oklahoma	34.42731	-97.97809	US	1
Piñon Hills	California	34.43333	-117.64672	US	1
Mira Monte	California	34.43361	-119.28511	US	1
Rocky Point	North Carolina	34.43517	-77.88776	US	1
Goleta	California	34.43583	-119.82764	US	1
Lavonia	Georgia	34.43594	-83.10682	US	1
Montecito	California	34.43666	-119.63208	US	1
Sardis	Mississippi	34.43705	-89.91592	US	1
Red Bay	Alabama	34.43982	-88.14087	US	1
Guntown	Mississippi	34.44316	-88.65978	US	1
Hartselle	Alabama	34.44343	-86.93528	US	1
Valencia	California	34.44361	-118.60953	US	1
Lucerne Valley	California	34.44389	-116.96781	US	1
Fort Payne	Alabama	34.44425	-85.71969	US	1
Val Verde	California	34.445	-118.65759	US	1
Redfield	Arkansas	34.4451	-92.1832	US	1
Reed Creek	Georgia	34.44594	-82.92487	US	1
Honea Path	South Carolina	34.4465	-82.39151	US	1
Fyffe	Alabama	34.44676	-85.90414	US	1
Meiners Oaks	California	34.44694	-119.27928	US	1
Ojai	California	34.44805	-119.24289	US	1
Raoul	Georgia	34.44954	-83.59434	US	1
Mission Canyon	California	34.45083	-119.71291	US	1
Rockwell	Arkansas	34.46426	-93.13379	US	1
Taylor	Arizona	34.46504	-110.09123	US	1
Alto	Georgia	34.46732	-83.57378	US	1
Jasper	Georgia	34.46787	-84.42909	US	1
Acton	California	34.46999	-118.19674	US	1
Homeland Park	South Carolina	34.47066	-82.67069	US	1
Fort Sumner	New Mexico	34.47173	-104.24553	US	1
Clinton	South Carolina	34.47263	-81.88066	US	1
Silverton	Texas	34.47423	-101.30461	US	1
Summerville	Georgia	34.48064	-85.34773	US	1
Geronimo	Oklahoma	34.48119	-98.38311	US	1
Moulton	Alabama	34.48121	-87.29335	US	1
Lake Havasu City	Arizona	34.4839	-114.32245	US	1
Castaic	California	34.48888	-118.62287	US	1
Baldwin	Georgia	34.49177	-83.53739	US	1
Gumlog	Georgia	34.49177	-83.09654	US	1
Spring Valley Lake	California	34.49364	-117.26832	US	1
Rainsville	Alabama	34.49425	-85.84775	US	1
New Albany	Mississippi	34.49427	-89.00784	US	1
Holly Ridge	North Carolina	34.49544	-77.55497	US	1
Agua Dulce	California	34.49638	-118.32563	US	1
Mountain View Acres	California	34.49666	-117.34894	US	0
Fairmont	North Carolina	34.49683	-79.1142	US	1
Laurens	South Carolina	34.49901	-82.01426	US	1
Stuttgart	Arkansas	34.50037	-91.55263	US	1
Vincent	California	34.50055	-118.11646	US	1
Apple Valley	California	34.50083	-117.18588	US	1
Haskell	Arkansas	34.50148	-92.63655	US	1
Duncan	Oklahoma	34.5023	-97.95781	US	1
Calhoun	Georgia	34.50259	-84.95105	US	1
Whitmire	South Carolina	34.50291	-81.61149	US	1
Piney	Arkansas	34.50314	-93.12602	US	1
Anderson	South Carolina	34.50344	-82.65013	US	1
Hot Springs	Arkansas	34.5037	-93.05518	US	1
Davis	Oklahoma	34.50453	-97.11946	US	1
Saint Johns	Arizona	34.50587	-109.36093	US	1
Russellville	Alabama	34.50787	-87.72864	US	1
Sulphur	Oklahoma	34.50787	-96.96835	US	1
Baldwyn	Mississippi	34.50954	-88.63533	US	1
Como	Mississippi	34.51066	-89.93981	US	1
Cornelia	Georgia	34.51149	-83.52712	US	1
Snowflake	Arizona	34.51337	-110.07845	US	1
Bovina	Texas	34.51368	-102.883	US	1
Watts Mills	South Carolina	34.51641	-81.9858	US	1
Mount Airy	Georgia	34.51871	-83.50073	US	1
Littlerock	California	34.5211	-117.98368	US	1
Belton	South Carolina	34.52289	-82.49429	US	1
Flint City	Alabama	34.52315	-86.97029	US	1
Priceville	Alabama	34.52509	-86.89473	US	1
Helena-West Helena	Arkansas	34.5291	-90.59	US	1
Helena	Arkansas	34.52955	-90.59177	US	1
Dewey-Humboldt	Arizona	34.53	-112.24222	US	1
Centerville	South Carolina	34.53205	-82.70402	US	1
Dahlonega	Georgia	34.53259	-83.98491	US	1
Tulia	Texas	34.53589	-101.75852	US	1
Victorville	California	34.53611	-117.29116	US	1
Rowland	North Carolina	34.53655	-79.29143	US	1
New Hope	Alabama	34.53712	-86.39426	US	1
Coalgate	Oklahoma	34.53815	-96.21861	US	1
Bladenboro	North Carolina	34.53878	-78.78752	US	1
Prescott	Arizona	34.54002	-112.4685	US	1
Trion	Georgia	34.54397	-85.31051	US	1
England	Arkansas	34.54426	-91.96903	US	1
East End	Arkansas	34.55065	-92.34099	US	1
West Helena	Arkansas	34.55066	-90.64177	US	1
Dimmitt	Texas	34.5509	-102.31186	US	1
Kershaw	South Carolina	34.55182	-80.58368	US	1
Burgaw	North Carolina	34.55211	-77.9261	US	1
Sneads Ferry	North Carolina	34.55267	-77.39718	US	1
Desert Hills	Arizona	34.5539	-114.37246	US	1
Marvell	Arkansas	34.55566	-90.91289	US	1
Mount Ida	Arkansas	34.55676	-93.63408	US	1
Sun Village	California	34.55952	-117.95676	US	1
Sylvania	Alabama	34.56231	-85.81247	US	1
Camp Verde	Arizona	34.56364	-111.85432	US	1
Benton	Arkansas	34.56454	-92.58683	US	1
Demorest	Georgia	34.5651	-83.54517	US	1
Northlake	South Carolina	34.56622	-82.68402	US	1
Great Falls	South Carolina	34.57514	-80.90202	US	1
Toccoa	Georgia	34.57732	-83.33239	US	1
Palmdale	California	34.57943	-118.11646	US	1
Bagdad	Arizona	34.58113	-113.20464	US	1
Adelanto	California	34.58277	-117.40922	US	1
Mena	Arkansas	34.58622	-94.23966	US	1
Owens Cross Roads	Alabama	34.58815	-86.45888	US	1
Desert View Highlands	California	34.59082	-118.15257	US	1
Solvang	California	34.59582	-120.13765	US	1
Bryant	Arkansas	34.59593	-92.48905	US	1
Cleveland	Georgia	34.59704	-83.76324	US	1
Wrightsville	Arkansas	34.60232	-92.21681	US	1
Decatur	Alabama	34.60593	-86.98334	US	1
Trinity	Alabama	34.60676	-87.08835	US	1
Lawton	Oklahoma	34.60869	-98.39033	US	1
Prescott Valley	Arizona	34.61002	-112.31572	US	1
Landmark	Arkansas	34.6112	-92.3196	US	1
Lake Los Angeles	California	34.61249	-117.82812	US	1
Clarkesville	Georgia	34.6126	-83.52489	US	1
Jarales	New Mexico	34.61312	-106.76364	US	1
Buellton	California	34.6136	-120.19265	US	1
Santa Ynez	California	34.61443	-120.07987	US	1
Bennettsville	South Carolina	34.61738	-79.68478	US	1
Senatobia	Mississippi	34.6176	-89.9687	US	1
Leona Valley	California	34.61832	-118.28813	US	1
Lumberton	North Carolina	34.61834	-79.01045	US	1
Williamston	South Carolina	34.61845	-82.47791	US	1
Shannon Hills	Arkansas	34.62009	-92.39543	US	1
Green Valley	California	34.62165	-118.41397	US	1
Central High	Oklahoma	34.62313	-98.08976	US	1
Elizabethtown	North Carolina	34.62934	-78.60529	US	1
Cache	Oklahoma	34.62952	-98.62867	US	1
Alexander	Arkansas	34.62954	-92.44127	US	1
Lake Montezuma	Arizona	34.63224	-111.77793	US	1
Henagar	Alabama	34.63508	-85.76719	US	1
Bray	Oklahoma	34.63786	-97.81753	US	1
Altus	Oklahoma	34.63813	-99.33398	US	1
Lompoc	California	34.63915	-120.45794	US	1
Friona	Texas	34.64173	-102.7241	US	1
Wynnewood	Oklahoma	34.64342	-97.16447	US	1
Quartz Hill	California	34.64526	-118.21813	US	1
Marlow	Oklahoma	34.64813	-97.95809	US	1
Rio Communities	New Mexico	34.64959	-106.73403	US	1
Pendleton	South Carolina	34.65177	-82.78375	US	1
Booneville	Mississippi	34.65815	-88.56672	US	1
Snyder	Oklahoma	34.65896	-98.95174	US	1
Belen	New Mexico	34.66284	-106.77642	US	1
Westminster	South Carolina	34.66482	-83.09654	US	1
Los Olivos	California	34.66776	-120.11487	US	1
McColl	South Carolina	34.66877	-79.54533	US	1
Hot Springs Village	Arkansas	34.67204	-92.99879	US	1
Scottsboro	Alabama	34.67231	-86.03415	US	1
Emerald Isle	North Carolina	34.67794	-76.95078	US	1
Utica	South Carolina	34.67816	-82.93154	US	1
Pembroke	North Carolina	34.68016	-79.19504	US	1
Town Creek	Alabama	34.6812	-87.40613	US	1
Clemson	South Carolina	34.68344	-82.83737	US	1
Redstone Arsenal	Alabama	34.68387	-86.64764	US	1
Tunica	Mississippi	34.68455	-90.38288	US	1
Seneca	South Carolina	34.68566	-82.9532	US	1
Mission Hills	California	34.68609	-120.43683	US	1
Cedar Point	North Carolina	34.68766	-77.07245	US	1
Swansboro	North Carolina	34.68766	-77.11912	US	1
Hollis	Oklahoma	34.68839	-99.91205	US	1
Fountain Inn	South Carolina	34.68901	-82.19567	US	1
Springdale	South Carolina	34.68931	-80.78618	US	1
Williamson	Arizona	34.69002	-112.54101	US	1
Cape Carteret	North Carolina	34.69155	-77.063	US	1
Clarendon	Arkansas	34.69315	-91.31374	US	1
Irwin	South Carolina	34.69376	-80.82229	US	1
Ellijay	Georgia	34.69481	-84.48215	US	1
Harkers Island	North Carolina	34.69516	-76.55937	US	1
Pine Knoll Shores	North Carolina	34.69738	-76.81327	US	1
Cheraw	South Carolina	34.69766	-79.8834	US	1
Lancaster	California	34.69804	-118.13674	US	1
Atlantic Beach	North Carolina	34.69905	-76.74021	US	1
Madison	Alabama	34.69926	-86.74833	US	1
North Tunica	Mississippi	34.70093	-90.37815	US	1
Piedmont	South Carolina	34.70234	-82.46457	US	1
LaFayette	Georgia	34.7048	-85.2819	US	1
Chester	South Carolina	34.70486	-81.21426	US	1
Vandenberg Village	California	34.70832	-120.46766	US	1
Lancaster Mill	South Carolina	34.70931	-80.79479	US	1
Verde Village	Arizona	34.7105	-112.01152	US	1
Union	South Carolina	34.71541	-81.62371	US	1
Piney Green	North Carolina	34.716	-77.32024	US	1
Monarch Mill	South Carolina	34.7161	-81.585	US	1
Eureka Mill	South Carolina	34.71764	-81.1937	US	1
Cornville	Arizona	34.7178	-111.92154	US	1
Beaufort	North Carolina	34.7184	-76.66161	US	1
Lancaster	South Carolina	34.72043	-80.7709	US	1
Broad Creek	North Carolina	34.72072	-76.93633	US	1
Morehead City	North Carolina	34.72294	-76.72604	US	1
Central	South Carolina	34.72427	-82.78125	US	1
Memphis	Texas	34.72478	-100.53401	US	1
Buffalo	South Carolina	34.72569	-81.68343	US	1
Los Chavez	New Mexico	34.72571	-106.75726	US	1
Ripley	Mississippi	34.72982	-88.95062	US	1
Huntsville	Alabama	34.7304	-86.58594	US	1
Tuscumbia	Alabama	34.7312	-87.70253	US	1
Golden Grove	South Carolina	34.73401	-82.44374	US	1
Maxton	North Carolina	34.73516	-79.34893	US	1
Wallace	North Carolina	34.73572	-77.99526	US	1
Chesterfield	South Carolina	34.73599	-80.08812	US	1
Simpsonville	South Carolina	34.73706	-82.25428	US	1
Las Maravillas	New Mexico	34.73815	-106.66854	US	1
Cottonwood	Arizona	34.73919	-112.00988	US	1
Woodruff	South Carolina	34.73957	-82.03705	US	1
Pauls Valley	Oklahoma	34.74008	-97.22225	US	1
Tome	New Mexico	34.74089	-106.72836	US	1
Los Alamos	California	34.74443	-120.27821	US	1
Muscle Shoals	Alabama	34.74481	-87.66753	US	1
Silver Lakes	California	34.74558	-117.34098	US	1
Little Rock	Arkansas	34.74648	-92.28959	US	1
Vandenberg Space Force Base	California	34.7483	-120.51817	US	1
Talihina	Oklahoma	34.75149	-95.04802	US	1
Jacksonville	North Carolina	34.75405	-77.43024	US	1
Cherokee	Alabama	34.75703	-87.97281	US	1
Chino Valley	Arizona	34.75752	-112.45378	US	1
Estancia	New Mexico	34.75839	-106.05585	US	1
Monterey Park	New Mexico	34.75898	-106.64085	US	1
El Cerro Mission	New Mexico	34.76227	-106.6445	US	1
Walhalla	South Carolina	34.76482	-83.06404	US	1
Sheffield	Alabama	34.76509	-87.69864	US	1
Chatsworth	Georgia	34.76591	-84.76994	US	1
North Little Rock	Arkansas	34.76954	-92.26709	US	1
Dalton	Georgia	34.7698	-84.97022	US	1
Clarkdale	Arizona	34.77113	-112.05794	US	1
Pageland	South Carolina	34.77321	-80.39173	US	1
Marianna	Arkansas	34.77371	-90.75761	US	1
El Cerro	New Mexico	34.774	-106.704	US	1
Laurinburg	North Carolina	34.77405	-79.46282	US	1
Ada	Oklahoma	34.77453	-96.67834	US	1
Mauldin	South Carolina	34.77873	-82.31012	US	1
Big Park	Arizona	34.7803	-111.76265	US	1
Elgin	Oklahoma	34.78035	-98.29227	US	1
Village of Oak Creek (Big Park)	Arizona	34.7809	-111.76227	US	1
Hazen	Arkansas	34.78093	-91.58097	US	1
Golden Shores	Arizona	34.78188	-114.47775	US	1
Rush Springs	Oklahoma	34.78257	-97.95698	US	1
Carlisle	Arkansas	34.78315	-91.74652	US	1
Lonoke	Arkansas	34.78398	-91.89986	US	1
Newport	North Carolina	34.78655	-76.85911	US	1
Liberty	South Carolina	34.78789	-82.69236	US	1
Powdersville	South Carolina	34.79178	-82.49291	US	1
Stratford	Oklahoma	34.79675	-96.95946	US	1
Valencia	New Mexico	34.7995	-106.7003	US	1
Florence	Alabama	34.79981	-87.67725	US	1
Gantt	South Carolina	34.80012	-82.42429	US	1
Meadow Lake	New Mexico	34.80144	-106.54363	US	1
Athens	Alabama	34.80243	-86.97219	US	1
Washington Street Courthouse Annex	Alabama	34.80264	-86.97298	US	1
Five Forks	South Carolina	34.80484	-82.22956	US	1
Los Lunas	New Mexico	34.80617	-106.73336	US	1
Saint Pauls	North Carolina	34.80655	-78.97114	US	1
McAlmont	Arkansas	34.80842	-92.18181	US	1
Laurel Hill	North Carolina	34.80905	-79.54783	US	1
East Florence	Alabama	34.80953	-87.64947	US	1
Iuka	Mississippi	34.81176	-88.19004	US	1
Sherwood	Arkansas	34.81509	-92.22432	US	1
Red Springs	North Carolina	34.81516	-79.18309	US	1
Hereford	Texas	34.81521	-102.39932	US	1
Maysville	Oklahoma	34.8173	-97.40586	US	1
Frazier Park	California	34.82276	-118.94482	US	1
Fletcher	Oklahoma	34.82312	-98.24422	US	1
Hernando	Mississippi	34.82399	-89.9937	US	1
Dunean	South Carolina	34.82484	-82.41929	US	1
Rogersville	Alabama	34.82578	-87.29676	US	1
Half Moon	North Carolina	34.826	-77.45941	US	1
Welcome	South Carolina	34.82651	-82.43901	US	1
Rose Hill	North Carolina	34.82822	-78.02304	US	1
Easley	South Carolina	34.82984	-82.60152	US	1
Ashland	Mississippi	34.83287	-89.1759	US	1
Judson	South Carolina	34.83317	-82.42762	US	1
Lindsay	Oklahoma	34.8348	-97.60253	US	1
Tunica Resorts	Mississippi	34.83613	-90.34723	US	1
Peralta	New Mexico	34.837	-106.69058	US	1
Lebec	California	34.84164	-118.86482	US	1
Moores Mill	Alabama	34.84398	-86.51832	US	1
Hartshorne	Oklahoma	34.8451	-95.55748	US	1
Arial	South Carolina	34.84595	-82.64152	US	1
Pine Mountain Club	California	34.84637	-119.14955	US	1
Needles	California	34.84806	-114.61413	US	1
Parker	South Carolina	34.85067	-82.45346	US	1
Meridianville	Alabama	34.85148	-86.57222	US	1
Greenville	South Carolina	34.85262	-82.39401	US	1
Catawba	South Carolina	34.85292	-80.91119	US	1
Bosque Farms	New Mexico	34.85478	-106.7053	US	1
Harvest	Alabama	34.85564	-86.75083	US	1
Wellington	Texas	34.85617	-100.21373	US	1
Byng	Oklahoma	34.8612	-96.66557	US	1
City View	South Carolina	34.86151	-82.43151	US	1
Blue Ridge	Georgia	34.86397	-84.32409	US	1
Rosamond	California	34.86414	-118.16341	US	1
McIntosh	New Mexico	34.86478	-106.05169	US	1
Orcutt	California	34.86526	-120.436	US	1
Jacksonville	Arkansas	34.8662	-92.11015	US	1
Maumelle	Arkansas	34.86676	-92.40432	US	1
West Sedona	Arizona	34.86724	-111.80543	US	1
Gravel Ridge	Arkansas	34.86842	-92.1907	US	1
Stevenson	Alabama	34.86869	-85.83942	US	1
Barstow Heights	California	34.86971	-117.05615	US	1
Sedona	Arizona	34.86974	-111.76099	US	1
Chickamauga	Georgia	34.87119	-85.29079	US	1
Mangum	Oklahoma	34.872	-99.50426	US	1
Trenton	Georgia	34.87202	-85.50913	US	1
Byhalia	Mississippi	34.87232	-89.69064	US	1
Blairsville	Georgia	34.8762	-83.95824	US	1
Lenwood	California	34.87665	-117.10393	US	1
Underwood-Petersville	Alabama	34.87695	-87.69717	US	1
Sans Souci	South Carolina	34.8779	-82.42401	US	1
Clayton	Georgia	34.87815	-83.40099	US	1
Havelock	North Carolina	34.87905	-76.90133	US	1
Roebuck	South Carolina	34.87957	-81.96621	US	1
Pickens	South Carolina	34.88345	-82.70736	US	1
Gibson	Arkansas	34.88426	-92.2357	US	1
Hamlet	North Carolina	34.88488	-79.69422	US	1
Berea	South Carolina	34.8854	-82.45596	US	1
Paulden	Arizona	34.88558	-112.46823	US	1
Brinkley	Arkansas	34.88787	-91.19457	US	1
Heavener	Oklahoma	34.88927	-94.60078	US	1
Lesslie	South Carolina	34.8907	-80.95647	US	1
Little Rock Air Force Base	Arkansas	34.89149	-92.15955	US	1
Apache	Oklahoma	34.89368	-98.36589	US	1
Cyril	Oklahoma	34.89646	-98.2006	US	1
Waldron	Arkansas	34.89843	-94.09076	US	1
Barstow	California	34.89859	-117.02282	US	1
Pacolet	South Carolina	34.89902	-81.76177	US	1
Richlands	North Carolina	34.89933	-77.54663	US	1
Varnell	Georgia	34.90119	-84.97383	US	1
Holbrook	Arizona	34.90225	-110.15818	US	1
Wade Hampton	South Carolina	34.90373	-82.33317	US	1
Maysville	North Carolina	34.90488	-77.23134	US	1
New Market	Alabama	34.91003	-86.42779	US	1
Willow Valley	Arizona	34.91195	-114.60663	US	1
Cordova	North Carolina	34.91293	-79.822	US	1
Ringgold	Georgia	34.91591	-85.10912	US	1
Edwards Air Force Base	California	34.91637	-117.93535	US	1
Mountain City	Georgia	34.91815	-83.38544	US	1
East Rockingham	North Carolina	34.91821	-79.76256	US	1
Wilburton	Oklahoma	34.91871	-95.30914	US	1
Taylors	South Carolina	34.92039	-82.29623	US	1
Beulaville	North Carolina	34.92378	-77.77387	US	1
Waxhaw	North Carolina	34.92459	-80.7434	US	1
Rock Hill	South Carolina	34.92487	-81.02508	US	1
Krebs	Oklahoma	34.92787	-95.71582	US	1
Farmington	Mississippi	34.93009	-88.45227	US	1
Hazel Green	Alabama	34.93231	-86.57194	US	1
Chattanooga Valley	Georgia	34.93285	-85.35551	US	1
Mohave Valley	Arizona	34.93306	-114.58885	US	1
Young Harris	Georgia	34.93315	-83.84712	US	1
McAlester	Oklahoma	34.93343	-95.76971	US	1
Corinth	Mississippi	34.93425	-88.52227	US	1
Clarendon	Texas	34.93783	-100.8882	US	1
Duncan	South Carolina	34.9379	-82.14511	US	1
Mineral Springs	North Carolina	34.93793	-80.66868	US	1
Santa Rosa	New Mexico	34.93867	-104.68249	US	1
Greer	South Carolina	34.93873	-82.22706	US	1
Rockingham	North Carolina	34.93932	-79.77395	US	1
Fairview	Georgia	34.94563	-85.2844	US	1
Bridgeport	Alabama	34.94758	-85.71442	US	1
Ninnekah	Oklahoma	34.94785	-97.92393	US	1
Lyman	South Carolina	34.94817	-82.12733	US	1
Fort Oglethorpe	Georgia	34.94896	-85.2569	US	1
Hughes	Arkansas	34.94926	-90.47149	US	1
Hiawassee	Georgia	34.94926	-83.75739	US	1
Spartanburg	South Carolina	34.94957	-81.93205	US	1
Wellford	South Carolina	34.95095	-82.10594	US	1
Roseboro	North Carolina	34.95295	-78.50862	US	1
Santa Maria	California	34.95303	-120.43572	US	1
Horn Lake	Mississippi	34.95537	-90.03481	US	1
Joseph City	Arizona	34.95586	-110.33401	US	1
Fairforest	South Carolina	34.95651	-82.01011	US	1
Mayflower	Arkansas	34.95703	-92.42738	US	1
Arcadia	South Carolina	34.95818	-81.99066	US	1
Walls	Mississippi	34.95824	-90.15256	US	1
Konawa	Oklahoma	34.95953	-96.7528	US	1
Saxon	South Carolina	34.96123	-81.96733	US	1
Olive Branch	Mississippi	34.96176	-89.82953	US	1
Granite	Oklahoma	34.96228	-99.38064	US	1
Lynchburg	Mississippi	34.96232	-90.09593	US	1
Kenansville	North Carolina	34.96239	-77.96221	US	1
Neuse Forest	North Carolina	34.96377	-76.94467	US	1
Wister	Oklahoma	34.96732	-94.72467	US	1
Travelers Rest	South Carolina	34.96762	-82.44345	US	1
Wadesboro	North Carolina	34.96821	-80.07673	US	1
Hope Mills	North Carolina	34.97044	-78.94531	US	1
Guadalupe	California	34.97164	-120.57184	US	1
Cabot	Arkansas	34.97453	-92.01653	US	1
Ponderosa Pine	New Mexico	34.97699	-106.32419	US	1
Des Arc	Arkansas	34.97704	-91.49513	US	1
Lookout Mountain	Georgia	34.97758	-85.35774	US	1
Lakeview	Georgia	34.97924	-85.25884	US	1
Canyon	Texas	34.98033	-101.9188	US	1
Raeford	North Carolina	34.981	-79.2242	US	1
Rossville	Georgia	34.98313	-85.28607	US	1
Wingate	North Carolina	34.98432	-80.44923	US	1
Monroe	North Carolina	34.98543	-80.54951	US	1
Southern Shops	South Carolina	34.98595	-81.99455	US	1
McCaysville	Georgia	34.98619	-84.37131	US	1
Marshville	North Carolina	34.98849	-80.36701	US	1
Southaven	Mississippi	34.98898	-90.01259	US	1
Newport	South Carolina	34.98986	-81.10091	US	1
Moriarty	New Mexico	34.99005	-106.04919	US	1
Marvin	North Carolina	34.99182	-80.81479	US	1
Ardmore	Tennessee	34.99203	-86.84667	US	1
Rockfish	North Carolina	34.99266	-79.06614	US	1
Lookout Mountain	Tennessee	34.99424	-85.3494	US	1
York	South Carolina	34.9943	-81.24202	US	1
East Brainerd	Tennessee	34.99591	-85.15023	US	1
Clinton	North Carolina	34.99795	-78.32333	US	1
Austin	Arkansas	34.99842	-91.98376	US	1
Warsaw	North Carolina	34.99933	-78.0911	US	1
Boron	California	34.99942	-117.64978	US	1
Perryville	Arkansas	35.00481	-92.80267	US	1
New Hope	Tennessee	35.00508	-85.6583	US	1
Wesley Chapel	North Carolina	35.00709	-80.67451	US	1
Fort Mill	South Carolina	35.00737	-80.94508	US	1
India Hook	South Carolina	35.00737	-81.02174	US	1
Polkton	North Carolina	35.00765	-80.20089	US	1
Forrest City	Arkansas	35.00815	-90.78983	US	1
South Valley	New Mexico	35.01005	-106.67808	US	1
South Pittsburg	Tennessee	35.0123	-85.70441	US	1
Stedman	North Carolina	35.0135	-78.69391	US	1
Purcell	Oklahoma	35.01368	-97.36114	US	1
East Ridge	Tennessee	35.01424	-85.2519	US	1
Lexington	Oklahoma	35.01479	-97.33558	US	1
Valley Falls	South Carolina	35.01595	-81.97483	US	1
North Edwards	California	35.01664	-117.83284	US	1
Cowpens	South Carolina	35.01679	-81.80399	US	1
Weddington	North Carolina	35.02237	-80.7609	US	1
Apison	Tennessee	35.02396	-85.02384	US	1
Winslow	Arizona	35.02419	-110.69736	US	1
Tega Cay	South Carolina	35.02431	-81.02785	US	1
Hobart	Oklahoma	35.0295	-99.09313	US	1
Ward	Arkansas	35.03036	-91.95042	US	1
Vander	North Carolina	35.03211	-78.79474	US	1
LeChee	Arizona	35.03224	-110.75291	US	1
Ola	Arkansas	35.03231	-93.22323	US	1
Skyline-Ganipa	New Mexico	35.03279	-107.61396	US	1
Slater-Marietta	South Carolina	35.03472	-82.49265	US	1
Laguna	New Mexico	35.03671	-107.38282	US	1
Inman Mills	South Carolina	35.04151	-82.10428	US	1
Collierville	Tennessee	35.04204	-89.66453	US	1
Nipomo	California	35.04275	-120.476	US	1
Piperton	Tennessee	35.04509	-89.62175	US	1
Chattanooga	Tennessee	35.04563	-85.30968	US	1
Hayesville	North Carolina	35.0462	-83.81795	US	1
Inman	South Carolina	35.04706	-82.09011	US	1
Kimball	Tennessee	35.04786	-85.67191	US	1
Mojave	California	35.05247	-118.17396	US	1
Chickasha	Oklahoma	35.05257	-97.93643	US	1
Fayetteville	North Carolina	35.05266	-78.87836	US	1
Callender	California	35.05303	-120.59628	US	1
Collegedale	Tennessee	35.05313	-85.05023	US	1
Poteau	Oklahoma	35.05371	-94.62356	US	1
Danville	Arkansas	35.05398	-93.39352	US	1
Brices Creek	North Carolina	35.05599	-77.08773	US	1
Maricopa	California	35.05886	-119.40095	US	1
Mansfield	Arkansas	35.05954	-94.25271	US	1
Edgewood	New Mexico	35.06144	-106.19141	US	1
Carnuel	New Mexico	35.06394	-106.45725	US	1
East Chattanooga	Tennessee	35.06535	-85.24912	US	1
Trenton	North Carolina	35.0671	-77.35274	US	1
Tigerville	South Carolina	35.06845	-82.36845	US	1
River Bend	North Carolina	35.06905	-77.1469	US	1
Beebe	Arkansas	35.07064	-91.87959	US	1
Ellerbe	North Carolina	35.07126	-79.76144	US	1
Gaffney	South Carolina	35.07179	-81.64982	US	1
Zuni Pueblo	New Mexico	35.07253	-108.85064	US	1
Anadarko	Oklahoma	35.07256	-98.24366	US	1
Jasper	Tennessee	35.07424	-85.62608	US	1
Fairfield Harbour	North Carolina	35.07655	-76.96356	US	1
Indian Trail	North Carolina	35.07681	-80.66924	US	1
Loretto	Tennessee	35.07786	-87.43974	US	1
Brighton	Tennessee	35.08009	-86.43916	US	1
East Gaffney	South Carolina	35.08013	-81.63287	US	1
Holdenville	Oklahoma	35.08036	-96.39918	US	1
Park City	Tennessee	35.08203	-86.57111	US	1
Trent Woods	North Carolina	35.0821	-77.08634	US	1
Pineville	North Carolina	35.0832	-80.8923	US	1
Vilonia	Arkansas	35.08398	-92.20793	US	1
Mayo	South Carolina	35.08401	-81.85983	US	1
Albuquerque	New Mexico	35.08449	-106.65114	US	1
Mountainaire	Arizona	35.08529	-111.66599	US	1
Lake Park	North Carolina	35.08626	-80.63507	US	1
Germantown	Tennessee	35.08676	-89.81009	US	1
New South Memphis	Tennessee	35.08676	-90.05676	US	0
Slaughterville	Oklahoma	35.08729	-97.33503	US	1
Unionville	North Carolina	35.08737	-80.50896	US	1
Murphy	North Carolina	35.08758	-84.03463	US	1
Black Rock	New Mexico	35.08837	-108.79119	US	1
Conway	Arkansas	35.0887	-92.4421	US	1
James City	North Carolina	35.08877	-77.03495	US	1
Stallion Springs	California	35.08886	-118.64259	US	1
Stallings	North Carolina	35.0907	-80.68618	US	1
Wildwood Lake	Tennessee	35.09202	-84.85439	US	1
Kachina Village	Arizona	35.09696	-111.69266	US	1
Oceano	California	35.09886	-120.61239	US	1
Eastover	North Carolina	35.1	-78.8	US	1
Carnegie	Oklahoma	35.10367	-98.60367	US	1
Hemby Bridge	North Carolina	35.10371	-80.62798	US	1
South Cleveland	Tennessee	35.106	-84.89	US	1
Lake Wylie	South Carolina	35.10848	-81.04285	US	1
New Bern	North Carolina	35.10849	-77.04411	US	1
Pinebluff	North Carolina	35.10988	-79.47226	US	1
Clover	South Carolina	35.11125	-81.22646	US	1
Claude	Texas	35.11172	-101.36322	US	1
Red Bank	Tennessee	35.11229	-85.29413	US	1
Burnsville	North Carolina	35.11237	-80.24451	US	1
Harrison	Tennessee	35.11368	-85.13801	US	1
Matthews	North Carolina	35.11681	-80.72368	US	1
Arroyo Grande	California	35.11859	-120.59073	US	1
Blacksburg	South Carolina	35.12124	-81.51592	US	1
Grover Beach	California	35.12164	-120.62128	US	1
Signal Mountain	Tennessee	35.12257	-85.34385	US	1
Quinton	Oklahoma	35.12288	-95.37109	US	1
California City	California	35.1258	-117.9859	US	1
Maud	Oklahoma	35.13036	-96.77585	US	1
Aberdeen	North Carolina	35.13155	-79.42948	US	1
Tehachapi	California	35.13219	-118.44897	US	1
South Taft	California	35.13469	-119.45623	US	1
Taft Heights	California	35.13469	-119.47262	US	1
Blanchard	Oklahoma	35.13784	-97.65809	US	1
Fort Bragg	North Carolina	35.139	-79.00603	US	1
Noble	Oklahoma	35.13924	-97.39475	US	1
Booneville	Arkansas	35.14009	-93.92159	US	1
Goldsby	Oklahoma	35.14118	-97.47698	US	1
Golden Hills	California	35.14247	-118.49036	US	1
Taft	California	35.14247	-119.45651	US	1
Pismo Beach	California	35.14275	-120.64128	US	1
Bayboro	North Carolina	35.14294	-76.77021	US	1
West Memphis	Arkansas	35.14648	-90.18454	US	1
Grants	New Mexico	35.1476	-107.85261	US	1
Bullhead City	Arizona	35.14778	-114.5683	US	1
Lee Acres	New Mexico	35.14866	-106.64697	US	1
Memphis	Tennessee	35.14953	-90.04898	US	1
Morrilton	Arkansas	35.15092	-92.74405	US	1
Fayetteville	Tennessee	35.15203	-86.57055	US	1
Ford City	California	35.15441	-119.45623	US	1
Cordova	Tennessee	35.15565	-89.7762	US	1
Wewoka	Oklahoma	35.15869	-96.49335	US	1
Bear Valley Springs	California	35.15913	-118.62842	US	1
Cleveland	Tennessee	35.15952	-84.87661	US	1
East Cleveland	Tennessee	35.16091	-84.85772	US	1
Los Ranchos de Albuquerque	New Mexico	35.16199	-106.6428	US	1
Sandia Knolls	New Mexico	35.16393	-106.31141	US	1
Cowan	Tennessee	35.16453	-86.01054	US	1
Walden	Tennessee	35.16479	-85.30135	US	1
Panama	Oklahoma	35.16732	-94.67245	US	1
Laughlin	Nevada	35.16778	-114.57302	US	1
Spring Lake	North Carolina	35.16794	-78.97281	US	1
Milan	New Mexico	35.16976	-107.89089	US	1
Selmer	Tennessee	35.17008	-88.59227	US	1
Pope Air Force Base (historical)	North Carolina	35.17128	-79.01042	US	1
Tucumcari	New Mexico	35.17191	-103.72686	US	1
North Valley	New Mexico	35.17338	-106.62336	US	1
Southern Pines	North Carolina	35.17405	-79.39225	US	1
Benton	Tennessee	35.17424	-84.65355	US	1
Landrum	South Carolina	35.17511	-82.18928	US	1
Sandia Heights	New Mexico	35.17699	-106.49141	US	1
Mint Hill	North Carolina	35.17959	-80.64729	US	1
Avila Beach	California	35.17998	-120.73184	US	1
Fairmount	Tennessee	35.18146	-85.32357	US	1
Franklin	North Carolina	35.18232	-83.38154	US	1
Winchester	Tennessee	35.18592	-86.11221	US	1
Kingman	Arizona	35.18944	-114.05301	US	1
Powells Crossroads	Tennessee	35.18952	-85.4858	US	1
Bushland	Texas	35.192	-102.06464	US	1
Pinehurst	North Carolina	35.19543	-79.46948	US	1
Middle Valley	Tennessee	35.1959	-85.18468	US	1
Mount Olive	North Carolina	35.19655	-78.06638	US	1
Flagstaff	Arizona	35.19807	-111.65127	US	1
Pulaski	Tennessee	35.1998	-87.03084	US	1
Paradise Hills	New Mexico	35.2006	-106.70114	US	1
Lone Oak	Tennessee	35.20063	-85.36413	US	1
Whitwell	Tennessee	35.20146	-85.51913	US	1
Andrews	North Carolina	35.20175	-83.82407	US	1
Falling Water	Tennessee	35.20312	-85.25357	US	1
Sewanee	Tennessee	35.20314	-85.92109	US	1
Bartlett	Tennessee	35.20453	-89.87398	US	1
Tryon	North Carolina	35.20817	-82.23845	US	1
Lakesite	Tennessee	35.20868	-85.1269	US	1
Arvin	California	35.20913	-118.82843	US	1
Decherd	Tennessee	35.2098	-86.07943	US	1
Olivet	Tennessee	35.21425	-88.20031	US	1
Marion	Arkansas	35.21453	-90.19648	US	1
Mount Gilead	North Carolina	35.21487	-80.00228	US	1
Erick	Oklahoma	35.21533	-99.86649	US	1
Greenwood	Arkansas	35.21565	-94.25577	US	1
South Gastonia	North Carolina	35.2193	-81.20563	US	1
Norwood	North Carolina	35.21959	-80.11895	US	1
Crump	Tennessee	35.22175	-88.31809	US	1
Amarillo	Texas	35.222	-101.8313	US	1
Norman	Oklahoma	35.22257	-97.43948	US	1
Dardanelle	Arkansas	35.22314	-93.15795	US	1
Golden Valley	Arizona	35.22333	-114.22301	US	1
Seminole	Oklahoma	35.22452	-96.67057	US	1
Wynne	Arkansas	35.22453	-90.78678	US	1
Savannah	Tennessee	35.2248	-88.2492	US	1
Oakboro	North Carolina	35.2257	-80.32895	US	1
Charlotte	North Carolina	35.22709	-80.84313	US	1
Midland	North Carolina	35.22737	-80.50062	US	1
Oakland	Tennessee	35.22898	-89.51508	US	1
Ellendale	Tennessee	35.23064	-89.82592	US	1
Lakeland	Tennessee	35.23064	-89.74036	US	1
Pocola	Oklahoma	35.23121	-94.478	US	1
Kensett	Arkansas	35.23175	-91.66764	US	1
Rio Rancho	New Mexico	35.23338	-106.66447	US	1
Brevard	North Carolina	35.23345	-82.73429	US	1
Stanfield	North Carolina	35.23348	-80.42701	US	1
Greenbrier	Arkansas	35.23397	-92.38765	US	1
White Plains	North Carolina	35.23402	-81.39814	US	1
Hopewell	Tennessee	35.23479	-84.888	US	1
Soddy-Daisy	Tennessee	35.2359	-85.19079	US	1
Adamsville	Tennessee	35.23591	-88.3906	US	1
Hall Park	Oklahoma	35.23701	-97.40642	US	1
Wetumka	Oklahoma	35.23759	-96.24167	US	1
Corrales	New Mexico	35.23782	-106.60669	US	1
Weedpatch	California	35.23802	-118.9151	US	1
Cramerton	North Carolina	35.23875	-81.07508	US	1
Monteagle	Tennessee	35.24008	-85.8397	US	1
Spiro	Oklahoma	35.24121	-94.61994	US	1
Lawrenceburg	Tennessee	35.2423	-87.33474	US	1
Vega	Texas	35.24283	-102.42826	US	1
Belmont	North Carolina	35.24292	-81.0373	US	1
Somerville	Tennessee	35.2437	-89.35007	US	1
Hickory Withe	Tennessee	35.24398	-89.58869	US	1
Kings Mountain	North Carolina	35.24513	-81.34119	US	1
Longtown	Oklahoma	35.24538	-95.51276	US	1
Atkins	Arkansas	35.24647	-92.93656	US	1
Newcastle	Oklahoma	35.24729	-97.59976	US	1
Pottsville	Arkansas	35.24814	-93.04906	US	1
Plain View	North Carolina	35.2485	-78.55529	US	1
Williams	Arizona	35.24946	-112.191	US	1
Searcy	Arkansas	35.25064	-91.73625	US	1
Columbus	North Carolina	35.25317	-82.19706	US	1
Stigler	Oklahoma	35.25371	-95.12302	US	1
Boiling Springs	North Carolina	35.25429	-81.66704	US	1
Whispering Pines	North Carolina	35.25571	-79.37225	US	1
Bolivar	Tennessee	35.25619	-88.98784	US	1
McCrory	Arkansas	35.2562	-91.20012	US	1
Tecumseh	Oklahoma	35.25785	-96.93669	US	1
Lamont	California	35.25968	-118.91427	US	1
Locust	North Carolina	35.25987	-80.42534	US	1
Tracy City	Tennessee	35.26036	-85.73608	US	1
Parks	Arizona	35.26057	-111.94877	US	1
Pink	Oklahoma	35.26063	-97.11975	US	1
Gastonia	North Carolina	35.26208	-81.1873	US	1
Kinston	North Carolina	35.26266	-77.58164	US	1
Fort Irwin	California	35.26275	-116.68475	US	1
Parkin	Arkansas	35.26342	-90.57122	US	1
New Kingman-Butler	Arizona	35.26504	-114.03226	US	1
Buxton	North Carolina	35.26768	-75.54237	US	1
Lowell	North Carolina	35.26792	-81.10285	US	1
Greenfield	California	35.26885	-119.00288	US	1
Judsonia	Arkansas	35.27009	-91.63986	US	1
Estill Springs	Tennessee	35.27064	-86.12804	US	1
Flat Rock	North Carolina	35.27123	-82.44151	US	1
Earle	Arkansas	35.27509	-90.46677	US	1
Mowbray Mountain	Tennessee	35.27536	-85.22246	US	1
Russellville	Arkansas	35.27842	-93.13379	US	1
Seven Lakes	North Carolina	35.27849	-79.56448	US	1
East Flat Rock	North Carolina	35.28012	-82.42206	US	1
Augusta	Arkansas	35.28231	-91.36541	US	1
San Luis Obispo	California	35.28275	-120.65962	US	1
Houck	Arizona	35.28308	-109.20704	US	1
Lynchburg	Tennessee	35.28314	-86.37416	US	1
Bessemer City	North Carolina	35.28486	-81.28397	US	1
Ranlo	North Carolina	35.28625	-81.13035	US	1
Eufaula	Oklahoma	35.28722	-95.5825	US	1
Cordell	Oklahoma	35.29061	-98.98841	US	1
Tuttle	Oklahoma	35.29089	-97.81227	US	1
Sayre	Oklahoma	35.29116	-99.6401	US	1
Paris	Arkansas	35.29203	-93.72992	US	1
Shelby	North Carolina	35.29235	-81.53565	US	1
Brogden	North Carolina	35.29266	-78.03443	US	1
Arlington	Tennessee	35.2962	-89.66147	US	1
Charleston	Arkansas	35.29704	-94.03632	US	1
Mount Holly	North Carolina	35.29819	-81.01591	US	1
Valley Hill	North Carolina	35.29845	-82.48318	US	1
Bernalillo	New Mexico	35.30004	-106.55114	US	1
Dunn	North Carolina	35.30627	-78.6089	US	1
La Grange	North Carolina	35.30683	-77.78803	US	1
Placitas	New Mexico	35.30698	-106.42475	US	1
Bethel Acres	Oklahoma	35.30868	-97.02558	US	1
Bald Knob	Arkansas	35.30981	-91.56791	US	1
Los Osos	California	35.31109	-120.8324	US	1
Barker Heights	North Carolina	35.31123	-82.44401	US	1
Minco	Oklahoma	35.31284	-97.94449	US	1
Cullowhee	North Carolina	35.31371	-83.17653	US	1
Laurel Park	North Carolina	35.31373	-82.49345	US	1
Dallas	North Carolina	35.31653	-81.17619	US	1
Etowah	North Carolina	35.31762	-82.59429	US	1
Hendersonville	North Carolina	35.31873	-82.46095	US	1
Waynesboro	Tennessee	35.31952	-87.76225	US	1
Robbinsville	North Carolina	35.32287	-83.8074	US	1
Etowah	Tennessee	35.32341	-84.52493	US	1
Harrisburg	North Carolina	35.32395	-80.65784	US	1
Barling	Arkansas	35.32565	-94.3016	US	1
Whiteville	Tennessee	35.32647	-89.14951	US	1
Erwin	North Carolina	35.32683	-78.67613	US	1
Shawnee	Oklahoma	35.32729	-96.9253	US	1
London	Arkansas	35.32897	-93.25296	US	1
Dana	North Carolina	35.32928	-82.3754	US	1
Forest City	North Carolina	35.33401	-81.8651	US	1
Mar-Mac	North Carolina	35.33488	-78.05582	US	1
Lavaca	Arkansas	35.3362	-94.17326	US	1
Enchanted Hills	New Mexico	35.33676	-106.59296	US	1
Moore	Oklahoma	35.33951	-97.4867	US	1
Millington	Tennessee	35.34147	-89.89731	US	1
Elroy	North Carolina	35.34266	-77.90859	US	1
Horse Shoe	North Carolina	35.34317	-82.55651	US	1
Panhandle	Texas	35.3456	-101.38044	US	1
Carthage	North Carolina	35.34599	-79.41697	US	1
Balfour	North Carolina	35.34651	-82.47206	US	1
Texanna	Oklahoma	35.34732	-95.43692	US	1
Burns Flat	Oklahoma	35.34894	-99.17036	US	1
Albemarle	North Carolina	35.35014	-80.20006	US	1
Arkoma	Oklahoma	35.35454	-94.4341	US	1
Troy	North Carolina	35.35847	-79.89449	US	1
Stanley	North Carolina	35.35903	-81.09702	US	1
Biscoe	North Carolina	35.35986	-79.77976	US	1
Spindale	North Carolina	35.36012	-81.92927	US	1
Cornersville	Tennessee	35.36146	-86.83972	US	1
Tullahoma	Tennessee	35.36202	-86.20943	US	1
Morro Bay	California	35.36581	-120.8499	US	1
Rutherfordton	North Carolina	35.36929	-81.95677	US	1
Mountain Home	North Carolina	35.36956	-82.4929	US	1
Dunlap	Tennessee	35.37146	-85.39052	US	1
Gruetli-Laager	Tennessee	35.3723	-85.61803	US	1
Grifton	North Carolina	35.37266	-77.43746	US	1
Bakersfield	California	35.37329	-119.01871	US	1
Sylva	North Carolina	35.37371	-83.22598	US	1
Cherryville	North Carolina	35.37874	-81.37897	US	1
Benson	North Carolina	35.38211	-78.54862	US	1
Sale Creek	Tennessee	35.38229	-85.10884	US	1
Greenacres	California	35.38329	-119.10983	US	1
Rosedale	California	35.38357	-119.14538	US	1
Mustang	Oklahoma	35.38423	-97.72449	US	1
Goldsboro	North Carolina	35.38488	-77.99277	US	1
Dilkon	Arizona	35.38529	-110.32068	US	1
Fort Smith	Arkansas	35.38592	-94.39855	US	1
Clifton	Tennessee	35.38702	-87.99531	US	1
Mills River	North Carolina	35.38845	-82.56679	US	1
Santa Margarita	California	35.38997	-120.60906	US	1
Union City	Oklahoma	35.39172	-97.94144	US	1
Edneyville	North Carolina	35.39401	-82.34095	US	1
Fruitland	North Carolina	35.39651	-82.39317	US	1
Mount Pleasant	North Carolina	35.39931	-80.4359	US	1
Lillington	North Carolina	35.39933	-78.81585	US	1
Buttonwillow	California	35.40052	-119.46956	US	1
Dover	Arkansas	35.40147	-93.11434	US	1
Thoreau	New Mexico	35.40253	-108.2234	US	1
Badin	North Carolina	35.40597	-80.11672	US	1
Muldrow	Oklahoma	35.4062	-94.59883	US	1
Swanquarter	North Carolina	35.40628	-76.32909	US	1
Coats	North Carolina	35.40794	-78.67196	US	1
Concord	North Carolina	35.40888	-80.58158	US	1
Huntersville	North Carolina	35.41069	-80.84285	US	1
Valle Vista	Arizona	35.41088	-113.86271	US	1
Mason	Tennessee	35.41175	-89.53285	US	1
Elk City	Oklahoma	35.41199	-99.40426	US	1
Buies Creek	North Carolina	35.41322	-78.73557	US	1
Lowesville	North Carolina	35.41708	-81.01119	US	1
Oildale	California	35.41968	-119.01955	US	1
Roland	Oklahoma	35.4212	-94.51466	US	1
Englewood	Tennessee	35.42452	-84.48743	US	1
Lake Lure	North Carolina	35.4279	-82.20483	US	1
Altamont	Tennessee	35.42952	-85.72303	US	1
Fletcher	North Carolina	35.43067	-82.50123	US	1
Bryson City	North Carolina	35.43127	-83.44944	US	1
Okemah	Oklahoma	35.43259	-96.30501	US	1
San Felipe Pueblo	New Mexico	35.43392	-106.44669	US	1
Robbins	North Carolina	35.43403	-79.58697	US	1
McLoud	Oklahoma	35.4359	-97.09142	US	1
Van Buren	Arkansas	35.43676	-94.34827	US	1
Coal Hill	Arkansas	35.43731	-93.67297	US	1
Hoopers Creek	North Carolina	35.439	-82.46679	US	1
Henderson	Tennessee	35.43924	-88.64144	US	1
Henryetta	Oklahoma	35.43983	-95.98194	US	1
Lamar	Arkansas	35.44064	-93.38796	US	1
Atoka	Tennessee	35.44119	-89.77814	US	1
Del City	Oklahoma	35.44201	-97.44087	US	1
Cayucos	California	35.44275	-120.89213	US	1
Athens	Tennessee	35.44285	-84.59299	US	1
Four Oaks	North Carolina	35.44488	-78.42695	US	1
Wheeler	Texas	35.44533	-100.27096	US	1
Graysville	Tennessee	35.44701	-85.0844	US	1
Lewisburg	Tennessee	35.44924	-86.78889	US	1
Munford	Tennessee	35.44925	-89.81508	US	1
Midwest City	Oklahoma	35.44951	-97.3967	US	1
Snow Hill	North Carolina	35.45155	-77.68109	US	1
Broadway	North Carolina	35.45793	-79.05308	US	1
Sallisaw	Oklahoma	35.46037	-94.78745	US	1
Avery Creek	North Carolina	35.46345	-82.58262	US	1
Princeton	North Carolina	35.46599	-78.16055	US	1
Oklahoma City	Oklahoma	35.46756	-97.51643	US	1
Hazelwood	North Carolina	35.46871	-83.00403	US	1
Checotah	Oklahoma	35.4701	-95.52304	US	1
Hinton	Oklahoma	35.47144	-98.35562	US	1
Clarksville	Arkansas	35.47147	-93.46657	US	1
Ayden	North Carolina	35.47266	-77.41552	US	1
Lincolnton	North Carolina	35.47375	-81.25453	US	1
Cherokee	North Carolina	35.47427	-83.31487	US	1
Royal Pines	North Carolina	35.47511	-82.51595	US	1
Alma	Arkansas	35.47787	-94.22188	US	1
Sanford	North Carolina	35.47988	-79.1803	US	1
Manchester	Tennessee	35.48174	-86.0886	US	1
Maury	North Carolina	35.48211	-77.58608	US	1
Shelbyville	Tennessee	35.48341	-86.46027	US	1
Prague	Oklahoma	35.48674	-96.68502	US	1
Cornelius	North Carolina	35.4868	-80.86007	US	1
Ozark	Arkansas	35.48703	-93.8277	US	1
Kannapolis	North Carolina	35.48736	-80.62173	US	1
Waynesville	North Carolina	35.48871	-82.98875	US	1
Atascadero	California	35.48942	-120.67073	US	1
Harrah	Oklahoma	35.48951	-97.16364	US	1
Nicoma Park	Oklahoma	35.49117	-97.32309	US	1
Heber Springs	Arkansas	35.49147	-92.03126	US	1
Boley	Oklahoma	35.49341	-96.48362	US	1
Dayton	Tennessee	35.49396	-85.01245	US	1
Warner	Oklahoma	35.49426	-95.30552	US	1
Choctaw	Oklahoma	35.49756	-97.26892	US	1
Mount Carmel	Tennessee	35.49785	-88.00781	US	1
Vian	Oklahoma	35.49843	-94.96967	US	1
Shafter	California	35.50051	-119.27178	US	1
Mulberry	Arkansas	35.50064	-94.05159	US	1
Westport	North Carolina	35.50125	-80.97869	US	1
Davidson	North Carolina	35.50233	-80.83912	US	1
Meeker	Oklahoma	35.5034	-96.9028	US	1
Forest Park	Oklahoma	35.50423	-97.44615	US	1
Yukon	Oklahoma	35.50672	-97.76254	US	1
River Road	North Carolina	35.50683	-76.99078	US	1
Angier	North Carolina	35.5071	-78.73918	US	1
Smithfield	North Carolina	35.50849	-78.33945	US	1
Bent Creek	North Carolina	35.509	-82.6079	US	1
Pine Level	North Carolina	35.51322	-78.24444	US	1
Fairview	North Carolina	35.51401	-82.39595	US	1
Santo Domingo Pueblo	New Mexico	35.51476	-106.36586	US	1
Decatur	Tennessee	35.51479	-84.79022	US	1
Clinton	Oklahoma	35.51561	-98.96731	US	1
Maggie Valley	North Carolina	35.51816	-83.09764	US	1
Bethany	Oklahoma	35.51867	-97.63226	US	1
Pumpkin Center	North Carolina	35.5193	-81.14119	US	1
Madisonville	Tennessee	35.5198	-84.36353	US	1
Warr Acres	Oklahoma	35.52256	-97.61893	US	1
Spencer	Oklahoma	35.52284	-97.37726	US	1
Weatherford	Oklahoma	35.52616	-98.70757	US	1
Eldorado at Santa Fe	New Mexico	35.52642	-105.93474	US	1
Lake Junaluska	North Carolina	35.52788	-82.95958	US	1
Gallup	New Mexico	35.52808	-108.74258	US	1
Winterville	North Carolina	35.52905	-77.40108	US	1
Peach Springs	Arizona	35.52916	-113.42549	US	1
Enochville	North Carolina	35.52986	-80.66812	US	1
Denver	North Carolina	35.53125	-81.0298	US	1
El Reno	Oklahoma	35.53227	-97.95505	US	1
New Union	Tennessee	35.53258	-86.08082	US	1
Marked Tree	Arkansas	35.53286	-90.42066	US	1
Canton	North Carolina	35.53288	-82.83736	US	1
Clyde	North Carolina	35.53344	-82.91069	US	1
Biltmore Forest	North Carolina	35.53372	-82.52846	US	1
Church Rock	New Mexico	35.53391	-108.5998	US	1
Mount Pleasant	Tennessee	35.53424	-87.20695	US	1
Pampa	Texas	35.53616	-100.95987	US	1
Selma	North Carolina	35.53655	-78.28444	US	1
West Canton	North Carolina	35.53788	-82.85819	US	1
Belhaven	North Carolina	35.54017	-76.62299	US	1
Fremont	North Carolina	35.54544	-77.97471	US	1
Landis	North Carolina	35.54569	-80.6109	US	1
Washington	North Carolina	35.54655	-77.05217	US	1
Hohenwald	Tennessee	35.54785	-87.55196	US	1
Templeton	California	35.54969	-120.706	US	1
Nichols Hills	Oklahoma	35.55089	-97.54893	US	1
Rockwell	North Carolina	35.55125	-80.40645	US	1
The Village	Oklahoma	35.56089	-97.55143	US	1
La Cienega	New Mexico	35.56281	-106.13086	US	1
Cambria	California	35.56414	-121.08075	US	1
Harrisburg	Arkansas	35.56425	-90.71678	US	1
Covington	Tennessee	35.56425	-89.64647	US	1
Jones	Oklahoma	35.56589	-97.28698	US	1
China Grove	North Carolina	35.56931	-80.58173	US	1
Cedarville	Arkansas	35.56981	-94.36688	US	1
Farmville	North Carolina	35.57071	-79.22002	US	1
Pecos	New Mexico	35.5742	-105.67502	US	1
Maiden	North Carolina	35.57569	-81.21175	US	1
Arapaho	Oklahoma	35.57783	-98.96453	US	1
Wilsons Mills	North Carolina	35.58405	-78.35583	US	1
Decaturville	Tennessee	35.58424	-88.11948	US	1
Fuquay-Varina	North Carolina	35.58432	-78.80001	US	1
Mooresville	North Carolina	35.58486	-80.81007	US	1
Lake Norman of Catawba	North Carolina	35.5868	-80.95952	US	1
Bodfish	California	35.58801	-118.49203	US	1
Vonore	Tennessee	35.59008	-84.24186	US	1
Clinton	Arkansas	35.59147	-92.46044	US	1
Dolan Springs	Arizona	35.59194	-114.27329	US	1
Las Vegas	New Mexico	35.59393	-105.2239	US	1
Brownsville	Tennessee	35.59397	-89.26229	US	1
Wasco	California	35.59412	-119.34095	US	1
Fairfield Bay	Arkansas	35.59424	-92.27793	US	1
Kenly	North Carolina	35.59627	-78.12416	US	1
Swannanoa	North Carolina	35.59789	-82.39984	US	1
Asheville	North Carolina	35.60095	-82.55402	US	1
Sweetwater	Tennessee	35.60146	-84.46104	US	1
Newport	Arkansas	35.6048	-91.2818	US	1
Pikeville	Tennessee	35.60562	-85.18885	US	1
Cove Creek	North Carolina	35.60649	-83.01125	US	1
Morris	Oklahoma	35.6076	-95.86027	US	1
Lepanto	Arkansas	35.61119	-90.32982	US	1
Granite Quarry	North Carolina	35.61236	-80.44673	US	1
Greenville	North Carolina	35.61266	-77.36635	US	1
Cheyenne	Oklahoma	35.61394	-99.67149	US	1
Jemez Pueblo	New Mexico	35.61422	-106.72832	US	1
Jackson	Tennessee	35.61452	-88.81395	US	1
Columbia	Tennessee	35.61507	-87.03528	US	1
Lost Hills	California	35.61635	-119.69429	US	1
Linden	Tennessee	35.61729	-87.83947	US	1
Black Mountain	North Carolina	35.6179	-82.32123	US	1
Lake Isabella	California	35.61801	-118.47314	US	1
Sherrills Ford	North Carolina	35.62041	-80.98647	US	1
Unionville	Tennessee	35.62174	-86.5925	US	1
Ridgecrest	California	35.62246	-117.6709	US	1
Okmulgee	Oklahoma	35.62344	-95.96055	US	1
Chapel Hill	Tennessee	35.62646	-86.69333	US	1
Paso Robles	California	35.62664	-120.691	US	1
Geary	Oklahoma	35.63116	-98.31729	US	1
Woodfin	North Carolina	35.63344	-82.58207	US	1
Denton	North Carolina	35.63347	-80.11588	US	1
Diaz	Arkansas	35.63841	-91.26513	US	1
Fritch	Texas	35.63977	-101.60323	US	1
China Lake Acres	California	35.64051	-117.76395	US	1
Piedmont	Oklahoma	35.642	-97.74643	US	1
Saint Michaels	Arizona	35.64474	-109.09565	US	1
Lucama	North Carolina	35.64544	-78.00971	US	1
Inyokern	California	35.6469	-117.81257	US	1
Parsons	Tennessee	35.64979	-88.1267	US	1
Clayton	North Carolina	35.65071	-78.45639	US	1
Lexington	Tennessee	35.6509	-88.39338	US	1
Holly Springs	North Carolina	35.65127	-78.83362	US	1
Edmond	Oklahoma	35.65283	-97.4781	US	1
Agua Fria	New Mexico	35.65448	-106.02224	US	1
Shandon	California	35.65525	-120.37543	US	1
West Marion	North Carolina	35.6579	-82.02539	US	1
Greenback	Tennessee	35.66119	-84.17214	US	1
Luther	Oklahoma	35.66173	-97.19559	US	1
Weldon	California	35.66579	-118.29036	US	1
Borger	Texas	35.66782	-101.39739	US	1
Southmont	North Carolina	35.66792	-80.267	US	1
Newton	North Carolina	35.66986	-81.22147	US	1
Salisbury	North Carolina	35.67097	-80.47423	US	1
Trumann	Arkansas	35.67369	-90.50733	US	1
McFarland	California	35.67801	-119.22927	US	1
Crownpoint	New Mexico	35.67808	-108.15118	US	1
Window Rock	Arizona	35.68057	-109.05259	US	1
East Spencer	North Carolina	35.68181	-80.43228	US	1
Mountain View	North Carolina	35.68319	-81.36898	US	1
Tellico Village	Tennessee	35.68321	-84.25518	US	1
McMinnville	Tennessee	35.6834	-85.76998	US	1
Channing	Texas	35.68365	-102.3302	US	1
Marion	North Carolina	35.68401	-82.00927	US	1
Santa Fe	New Mexico	35.68698	-105.9378	US	1
Miami	Texas	35.69143	-100.63819	US	1
Spring City	Tennessee	35.69201	-84.86078	US	1
Spencer	North Carolina	35.69236	-80.43478	US	1
Archer Lodge	North Carolina	35.69404	-78.37556	US	1
Weaverville	North Carolina	35.69705	-82.56069	US	1
Southside	Arkansas	35.69841	-91.62347	US	1
Salem	North Carolina	35.69874	-81.69704	US	1
Troutman	North Carolina	35.70069	-80.88813	US	1
Chandler	Oklahoma	35.70173	-96.88086	US	1
Newark	Arkansas	35.70174	-91.44152	US	1
Osceola	Arkansas	35.70508	-89.96953	US	1
Conover	North Carolina	35.70652	-81.21869	US	1
Wofford Heights	California	35.7069	-118.4562	US	1
Asheboro	North Carolina	35.70791	-79.81364	US	1
Twin Lakes	New Mexico	35.70919	-108.77481	US	1
Christiana	Tennessee	35.71007	-86.39944	US	1
Bells	Tennessee	35.71118	-89.08756	US	1
Garner	North Carolina	35.71126	-78.61417	US	1
Ganado	Arizona	35.7114	-109.54205	US	1
Hildebran	North Carolina	35.71402	-81.42203	US	1
Gatlinburg	Tennessee	35.71453	-83.51189	US	1
Claremont	North Carolina	35.71458	-81.14619	US	1
Pittsboro	North Carolina	35.72015	-79.17724	US	1
Wilson	North Carolina	35.72127	-77.91554	US	1
Siler City	North Carolina	35.72347	-79.46224	US	1
Okarche	Oklahoma	35.72588	-97.97644	US	1
Scotts Mill	North Carolina	35.72666	-78.8839	US	0
Icard	North Carolina	35.72735	-81.47065	US	1
Lake Nacimiento	California	35.7283	-120.87963	US	1
Glen Alpine	North Carolina	35.72902	-81.77927	US	1
Longview	North Carolina	35.7293	-81.38342	US	1
Tuckerman	Arkansas	35.73063	-91.19846	US	1
Alta Sierra	California	35.73126	-118.5539	US	1
Apex	North Carolina	35.73265	-78.85029	US	1
Loudon	Tennessee	35.73285	-84.33381	US	1
Hickory	North Carolina	35.73319	-81.3412	US	1
Ramseur	North Carolina	35.73347	-79.65253	US	1
Valdese	North Carolina	35.74069	-81.56315	US	1
Bay	Arkansas	35.7423	-90.56233	US	1
Beggs	Oklahoma	35.7426	-96.07027	US	1
Connelly Springs	North Carolina	35.74291	-81.51343	US	1
Franklinville	North Carolina	35.74375	-79.69225	US	1
Thomas	Oklahoma	35.74422	-98.74758	US	1
Fort Defiance	Arizona	35.74446	-109.07648	US	1
Ripley	Tennessee	35.74536	-89.5298	US	1
Morganton	North Carolina	35.74541	-81.68482	US	1
Spencer	Tennessee	35.74729	-85.46664	US	1
Muskogee	Oklahoma	35.74788	-95.36969	US	1
Rutherford College	North Carolina	35.74846	-81.52259	US	1
Stroud	Oklahoma	35.74868	-96.65807	US	1
Spring Hill	Tennessee	35.75118	-86.93	US	1
San Miguel	California	35.75247	-120.69628	US	1
Kernville	California	35.75467	-118.42536	US	1
Luxora	Arkansas	35.75619	-89.92814	US	1
Maryville	Tennessee	35.75647	-83.97046	US	1
Drexel	North Carolina	35.75791	-81.60426	US	1
Caraway	Arkansas	35.75813	-90.32232	US	1
Saint Stephens	North Carolina	35.76458	-81.27314	US	1
Searles Valley	California	35.76745	-117.40395	US	1
Delano	California	35.76884	-119.24705	US	1
Batesville	Arkansas	35.7698	-91.64097	US	1
Raleigh	North Carolina	35.7721	-78.63861	US	1
Rhodhiss	North Carolina	35.77402	-81.4312	US	1
Three Way	Tennessee	35.7759	-88.8595	US	1
Mosquero	New Mexico	35.77698	-103.95664	US	1
Centerville	Tennessee	35.77896	-87.46696	US	1
Wendell	North Carolina	35.78099	-78.36972	US	1
Northlakes	North Carolina	35.7818	-81.37509	US	1
Statesville	North Carolina	35.78264	-80.8873	US	1
Alamo	Tennessee	35.78479	-89.11729	US	1
West Raleigh	North Carolina	35.78682	-78.66389	US	0
Knightdale	North Carolina	35.78765	-78.48056	US	1
Pigeon Forge	Tennessee	35.78842	-83.55433	US	1
Pinetops	North Carolina	35.78849	-77.63775	US	1
Alcoa	Tennessee	35.78953	-83.97379	US	1
Cary	North Carolina	35.79154	-78.78112	US	1
Eagleton Village	Tennessee	35.79508	-83.93185	US	1
Granite Falls	North Carolina	35.79652	-81.43065	US	1
Richgrove	California	35.79662	-119.10788	US	1
Lenoir City	Tennessee	35.7973	-84.25603	US	1
Marshall	North Carolina	35.79733	-82.68403	US	1
Fort Gibson	Oklahoma	35.7976	-95.25052	US	1
Thompson's Station	Tennessee	35.80201	-86.91139	US	1
Medina	Tennessee	35.80285	-88.77478	US	1
Wildwood	Tennessee	35.8037	-83.87129	US	1
Fearrington Village	North Carolina	35.80376	-79.09029	US	1
Elm City	North Carolina	35.80655	-77.86332	US	1
Bethel	North Carolina	35.8071	-77.37886	US	1
Tyro	North Carolina	35.80903	-80.37283	US	1
Stilwell	Oklahoma	35.81453	-94.62856	US	1
Lake City	Arkansas	35.81619	-90.43427	US	1
Sandy Valley	Nevada	35.81692	-115.63223	US	1
Randleman	North Carolina	35.81791	-79.80309	US	1
Humboldt	Tennessee	35.81979	-88.9159	US	1
Haskell	Oklahoma	35.82038	-95.67415	US	1
Louisville	Tennessee	35.82175	-84.04796	US	1
Morrisville	North Carolina	35.82348	-78.82556	US	1
Lexington	North Carolina	35.82403	-80.25338	US	1
Briar Chapel	North Carolina	35.82417	-79.11694	US	1
Zebulon	North Carolina	35.82432	-78.31472	US	1
Sawmills	North Carolina	35.82485	-81.47454	US	1
Robersonville	North Carolina	35.82516	-77.24913	US	1
Bethlehem	North Carolina	35.82569	-81.30703	US	1
Mars Hill	North Carolina	35.8265	-82.5493	US	1
Stinnett	Texas	35.82698	-101.44294	US	1
White Rock	New Mexico	35.82753	-106.20391	US	1
Woodbury	Tennessee	35.82757	-86.07166	US	1
Bristow	Oklahoma	35.83063	-96.39112	US	1
Cajahs Mountain	North Carolina	35.83485	-81.54148	US	1
First Mesa	Arizona	35.83667	-110.38152	US	1
Jonesboro	Arkansas	35.8423	-90.70428	US	1
Wanchese	North Carolina	35.84267	-75.63851	US	1
Watonga	Oklahoma	35.84477	-98.41313	US	1
Murfreesboro	Tennessee	35.84562	-86.39027	US	1
Hudson	North Carolina	35.84846	-81.49593	US	1
Liberty	North Carolina	35.85347	-79.57169	US	1
Williamston	North Carolina	35.8546	-77.05551	US	1
Park Hill	Oklahoma	35.8612	-94.95884	US	1
Kingfisher	Oklahoma	35.86143	-97.93172	US	1
Stony Point	North Carolina	35.86347	-81.0473	US	1
Dumas	Texas	35.86559	-101.97324	US	1
Rockwood	Tennessee	35.86563	-84.68494	US	1
Plymouth	North Carolina	35.86683	-76.74856	US	1
Sharpsburg	North Carolina	35.8671	-77.82915	US	1
Sevierville	Tennessee	35.86815	-83.56184	US	1
Mountain View	Arkansas	35.86841	-92.11765	US	1
Gamewell	North Carolina	35.8693	-81.59621	US	1
Lake Tansi	Tennessee	35.87285	-85.0544	US	1
Pleasant Hill	North Carolina	35.87347	-79.48169	US	1
Halls	Tennessee	35.87563	-89.39618	US	1
Mounds	Oklahoma	35.87648	-96.06111	US	1
Guthrie	Oklahoma	35.87894	-97.42532	US	1
Midtown	Tennessee	35.87952	-84.5641	US	1
Manila	Arkansas	35.88007	-90.16704	US	1
Kingston	Tennessee	35.88091	-84.50854	US	1
Thomasville	North Carolina	35.88264	-80.08199	US	1
Earlimart	California	35.88412	-119.27233	US	1
Farragut	Tennessee	35.88452	-84.15353	US	1
Alpaugh	California	35.88773	-119.48734	US	1
Los Alamos	New Mexico	35.88808	-106.30697	US	1
El Rancho	New Mexico	35.88919	-106.07975	US	1
Princeville	North Carolina	35.8896	-77.53219	US	1
Monette	Arkansas	35.89063	-90.34427	US	1
Seymour	Tennessee	35.89064	-83.72462	US	1
Pojoaque	New Mexico	35.8928	-106.02308	US	1
Nambe	New Mexico	35.89336	-105.98252	US	1
Mocksville	North Carolina	35.89403	-80.56145	US	1
Trinity	North Carolina	35.89458	-79.99087	US	1
Tarboro	North Carolina	35.89682	-77.5358	US	1
Navajo	New Mexico	35.90001	-109.03398	US	1
Brookland	Arkansas	35.90007	-90.58205	US	1
Welcome	North Carolina	35.90292	-80.25699	US	1
Manteo	North Carolina	35.90823	-75.67573	US	1
Bono	Arkansas	35.90868	-90.80262	US	1
Marshall	Arkansas	35.90896	-92.63127	US	1
Carrboro	North Carolina	35.91014	-79.07529	US	1
Canadian	Texas	35.91282	-100.38208	US	1
Chapel Hill	North Carolina	35.9132	-79.05584	US	1
Lenoir	North Carolina	35.91402	-81.53898	US	1
Archdale	North Carolina	35.91458	-79.97198	US	1
Tahlequah	Oklahoma	35.91537	-94.96996	US	1
Spruce Pine	North Carolina	35.9154	-82.06456	US	1
Columbia	North Carolina	35.91766	-76.25215	US	1
Milan	Tennessee	35.91979	-88.75895	US	1
Taylorsville	North Carolina	35.9218	-81.17647	US	1
Rolesville	North Carolina	35.92321	-78.4575	US	1
West Fork	Arkansas	35.92425	-94.18854	US	1
Franklin	Tennessee	35.92506	-86.86889	US	1
Sparta	Tennessee	35.9259	-85.46414	US	1
Blytheville	Arkansas	35.9273	-89.91898	US	1
Bon Aqua Junction	Tennessee	35.92784	-87.31084	US	1
Teviston	California	35.92894	-119.27831	US	1
Harriman	Tennessee	35.93396	-84.55244	US	1
Leachville	Arkansas	35.93591	-90.25788	US	1
Rocky Mount	North Carolina	35.93821	-77.79053	US	1
Advance	North Carolina	35.94125	-80.40922	US	1
Cave City	Arkansas	35.94174	-91.54847	US	1
Bixby	Oklahoma	35.94204	-95.88332	US	1
Kellyville	Oklahoma	35.9437	-96.21361	US	1
Kiefer	Oklahoma	35.94482	-96.06528	US	1
Langston	Oklahoma	35.94505	-97.25531	US	1
Spring Hope	North Carolina	35.94515	-78.11193	US	1
Saxapahaw	North Carolina	35.94736	-79.32196	US	1
La Mesilla	New Mexico	35.94836	-106.07058	US	1
Crossville	Tennessee	35.94896	-85.0269	US	1
Lincoln	Arkansas	35.94953	-94.42355	US	1
Coweta	Oklahoma	35.95177	-95.65081	US	1
Nolensville	Tennessee	35.95229	-86.66944	US	1
Crescent	Oklahoma	35.95254	-97.59477	US	1
Midway	North Carolina	35.95347	-80.2181	US	1
Glenpool	Oklahoma	35.95537	-96.00888	US	1
High Point	North Carolina	35.95569	-80.00532	US	1
Nags Head	North Carolina	35.95739	-75.62406	US	1
Wagoner	Oklahoma	35.95954	-95.36941	US	1
Gosnell	Arkansas	35.95979	-89.97203	US	1
Smithville	Tennessee	35.96062	-85.81415	US	1
Knoxville	Tennessee	35.96064	-83.92074	US	1
Pleasant Garden	North Carolina	35.96208	-79.76225	US	1
Terra Bella	California	35.96245	-119.04427	US	1
El Valle de Arroyo Seco	New Mexico	35.9628	-106.02947	US	1
Santa Clara Pueblo	New Mexico	35.96558	-106.08863	US	1
Newport	Tennessee	35.96704	-83.18766	US	1
Pixley	California	35.96856	-119.29178	US	1
Perkins	Oklahoma	35.97394	-97.03364	US	1
Mora	New Mexico	35.9742	-105.33001	US	1
Nashville	North Carolina	35.9746	-77.96554	US	1
Prairie Grove	Arkansas	35.97591	-94.31771	US	1
Boulder City	Nevada	35.97859	-114.83249	US	1
Wake Forest	North Carolina	35.97987	-78.50972	US	1
Trenton	Tennessee	35.98062	-88.94145	US	1
Fairview	Tennessee	35.98201	-87.1214	US	1
Smyrna	Tennessee	35.98284	-86.5186	US	1
Cushing	Oklahoma	35.98506	-96.76697	US	1
Forest Oaks	North Carolina	35.98819	-79.70614	US	1
Drumright	Oklahoma	35.9884	-96.60113	US	1
La Puebla	New Mexico	35.98919	-105.99641	US	1
Española	New Mexico	35.99113	-106.08058	US	1
Westville	Oklahoma	35.99258	-94.568	US	1
Durham	North Carolina	35.99403	-78.89862	US	1
Greenland	Arkansas	35.99425	-94.1752	US	1
Jamestown	North Carolina	35.9943	-79.93531	US	1
Windsor	North Carolina	35.99849	-76.94606	US	1
Sapulpa	Oklahoma	35.9987	-96.11417	US	1
Fairfield Glade	Tennessee	36.00035	-84.88634	US	1
Huntingdon	Tennessee	36.00062	-88.42811	US	1
Elkins	Arkansas	36.00147	-94.00825	US	1
Meadview	Arizona	36.00221	-114.06829	US	1
Bermuda Run	North Carolina	36.00375	-80.422	US	1
Chimayo	New Mexico	36.00391	-105.94697	US	1
Avenal	California	36.00412	-120.12903	US	1
Jasper	Arkansas	36.00813	-93.18657	US	1
Kettleman City	California	36.00829	-119.9618	US	1
Wallburg	North Carolina	36.01014	-80.13921	US	1
Oak Ridge	Tennessee	36.01036	-84.26964	US	1
Dandridge	Tennessee	36.01537	-83.41489	US	1
La Vergne	Tennessee	36.01562	-86.58194	US	1
Bakersville	North Carolina	36.01567	-82.15874	US	1
Sunray	Texas	36.0167	-101.82462	US	1
New Johnsonville	Tennessee	36.02117	-87.96698	US	1
Swepsonville	North Carolina	36.02125	-79.36141	US	1
Clemmons	North Carolina	36.02153	-80.382	US	1
Jenks	Oklahoma	36.02287	-95.96833	US	1
Youngsville	North Carolina	36.02487	-78.47444	US	1
Brentwood Estates	Tennessee	36.02506	-86.77917	US	0
Enterprise	Nevada	36.02525	-115.24194	US	1
Coalfield	Tennessee	36.02897	-84.42076	US	1
Kill Devil Hills	North Carolina	36.03072	-75.67601	US	1
Brentwood	Tennessee	36.03312	-86.78278	US	1
Dyersburg	Tennessee	36.03452	-89.38563	US	1
Gorman	North Carolina	36.03653	-78.82334	US	1
Bruceton	Tennessee	36.03812	-88.24449	US	1
Red Oak	North Carolina	36.03849	-77.90637	US	1
Taloga	Oklahoma	36.03865	-98.96371	US	1
Henderson	Nevada	36.0397	-114.98194	US	1
Farmington	Arkansas	36.04202	-94.24715	US	1
Oliver Springs	Tennessee	36.04452	-84.34437	US	1
Grand Canyon Village	Arizona	36.04637	-112.15406	US	1
Hoxie	Arkansas	36.05035	-90.97512	US	1
Ohkay Owingeh	New Mexico	36.05082	-106.06897	US	1
Broken Arrow	Oklahoma	36.0526	-95.79082	US	1
Burns	Tennessee	36.05339	-87.31251	US	1
Grand Canyon	Arizona	36.05443	-112.13934	US	1
Poplar-Cotton Center	California	36.05635	-119.14919	US	1
East Porterville	California	36.05745	-118.97566	US	1
Edenton	North Carolina	36.05794	-76.60772	US	1
Paragould	Arkansas	36.0584	-90.49733	US	1
Camden	Tennessee	36.05895	-88.09782	US	1
Tipton	California	36.0594	-119.31206	US	1
Dalhart	Texas	36.05948	-102.51325	US	1
Melbourne	Arkansas	36.05951	-91.90848	US	1
Johnsonville	Tennessee	36.06006	-87.95281	US	1
Mascot	Tennessee	36.0612	-83.74573	US	1
Fayetteville	Arkansas	36.06258	-94.15743	US	1
Kitty Hawk	North Carolina	36.06461	-75.70573	US	1
Porterville	California	36.06523	-119.01677	US	1
Dyer	Tennessee	36.06673	-88.99395	US	1
Forest Hills	Tennessee	36.06839	-86.84417	US	1
Walnut Ridge	Arkansas	36.0684	-90.95595	US	1
Graham	North Carolina	36.06903	-79.40058	US	1
Greensboro	North Carolina	36.07264	-79.79198	US	1
Oakhurst	Oklahoma	36.07537	-96.06444	US	1
Hillsborough	North Carolina	36.07542	-79.09973	US	1
Bradford	Tennessee	36.07645	-88.81006	US	1
Dickson	Tennessee	36.077	-87.38779	US	1
Waverly	Tennessee	36.08395	-87.79475	US	1
Steele	Missouri	36.08396	-89.82925	US	1
Oilton	Oklahoma	36.08451	-96.58363	US	1
Huntsville	Arkansas	36.08619	-93.7413	US	1
Newland	North Carolina	36.08735	-81.92734	US	1
Oak Hill	Tennessee	36.08784	-86.78305	US	1
Haw River	North Carolina	36.09153	-79.36419	US	1
Woodville	California	36.09356	-119.199	US	1
Burlington	North Carolina	36.09569	-79.4378	US	1
Belle Meade	Tennessee	36.09589	-86.85694	US	1
Mebane	North Carolina	36.09597	-79.26696	US	1
Moravian Falls	North Carolina	36.0968	-81.18231	US	1
Lewisville	North Carolina	36.09708	-80.41922	US	1
Paradise	Nevada	36.09719	-115.14666	US	1
Corcoran	California	36.09801	-119.5604	US	1
Whitney	Nevada	36.09831	-115.0363	US	1
Louisburg	North Carolina	36.09904	-78.30111	US	1
Winston-Salem	North Carolina	36.09986	-80.24422	US	1
Watertown	Tennessee	36.10034	-86.13193	US	1
Pegram	Tennessee	36.10061	-87.05112	US	1
Goshen	Arkansas	36.10119	-93.99131	US	1
Franklinton	North Carolina	36.10182	-78.45805	US	1
Kingston Springs	Tennessee	36.102	-87.11501	US	1
Elon	North Carolina	36.10291	-79.50669	US	1
Clinton	Tennessee	36.10341	-84.13186	US	1
New Market	Tennessee	36.10398	-83.55268	US	1
Wartburg	Tennessee	36.1048	-84.59716	US	1
Gibsonville	North Carolina	36.10569	-79.54225	US	1
McLeansville	North Carolina	36.10736	-79.65864	US	1
White Bluff	Tennessee	36.10756	-87.22084	US	1
White Pine	Tennessee	36.10759	-83.28683	US	1
McEwen	Tennessee	36.10784	-87.63307	US	1
Spring Valley	Nevada	36.10803	-115.245	US	1
Hennessey	Oklahoma	36.1092	-97.89867	US	1
Newbern	Tennessee	36.11285	-89.26174	US	1
Glen Raven	North Carolina	36.11319	-79.47641	US	1
Rural Hill	Tennessee	36.114	-86.52	US	1
Yale	Oklahoma	36.11423	-96.69919	US	1
Stillwater	Oklahoma	36.11561	-97.05837	US	1
Okeene	Oklahoma	36.11615	-98.31702	US	1
Summerlin South	Nevada	36.11708	-115.33001	US	1
Calico Rock	Arkansas	36.11951	-92.13599	US	1
Kernersville	North Carolina	36.11986	-80.07365	US	1
Green Level	North Carolina	36.12097	-79.34419	US	1
Jefferson City	Tennessee	36.12231	-83.4924	US	1
Creedmoor	North Carolina	36.12237	-78.68611	US	1
Rutherford	Tennessee	36.12757	-88.9859	US	1
Scotland Neck	North Carolina	36.1296	-77.42025	US	1
Winchester	Nevada	36.12997	-115.11889	US	1
Banner Hill	Tennessee	36.13066	-82.42458	US	1
Butner	North Carolina	36.13209	-78.75667	US	1
McKenzie	Tennessee	36.13256	-88.51866	US	1
Johnson	Arkansas	36.13286	-94.16548	US	1
Mannford	Oklahoma	36.13341	-96.35446	US	1
Senath	Missouri	36.13423	-90.15982	US	1
Yadkinville	North Carolina	36.13458	-80.65951	US	1
Tuba City	Arizona	36.13499	-111.23986	US	1
Arnett	Oklahoma	36.13504	-99.77484	US	1
Blowing Rock	North Carolina	36.13513	-81.67761	US	1
Southern Shores	North Carolina	36.13905	-75.73157	US	1
Coalinga	California	36.13968	-120.36015	US	1
Sand Springs	Oklahoma	36.13981	-96.10889	US	1
Erwin	Tennessee	36.14511	-82.41681	US	1
Strathmore	California	36.14551	-119.06066	US	1
Wilkesboro	North Carolina	36.14596	-81.16064	US	1
Monterey	Tennessee	36.14756	-85.2683	US	1
Inola	Oklahoma	36.15121	-95.50942	US	1
Santa Teresa	New Mexico	36.15335	-106.67948	US	1
Greenfield	Tennessee	36.1534	-88.80062	US	1
Baxter	Tennessee	36.15367	-85.64359	US	1
Tulsa	Oklahoma	36.15398	-95.99277	US	1
Blaine	Tennessee	36.15425	-83.70407	US	1
Chinle	Arizona	36.15445	-109.55261	US	1
North Wilkesboro	North Carolina	36.15847	-81.14758	US	1
Foscoe	North Carolina	36.16179	-81.76566	US	1
Cookeville	Tennessee	36.16284	-85.50164	US	1
Greeneville	Tennessee	36.16316	-82.83099	US	1
Banner Elk	North Carolina	36.16318	-81.8715	US	1
Nashville	Tennessee	36.16589	-86.78444	US	1
Matheny	California	36.17066	-119.35158	US	1
Cricket	North Carolina	36.17152	-81.19398	US	1
Gordonsville	Tennessee	36.17256	-85.92971	US	1
Oak Ridge	North Carolina	36.17347	-79.98893	US	1
Las Vegas	Nevada	36.17497	-115.13722	US	1
Tusculum	Tennessee	36.1751	-82.75876	US	1
Walkertown	North Carolina	36.17541	-80.1531	US	1
Charlotte	Tennessee	36.17728	-87.33973	US	1
Plainview	Tennessee	36.17731	-83.79534	US	1
Tontitown	Arkansas	36.17786	-94.23354	US	1
Enfield	North Carolina	36.18099	-77.66664	US	1
Condon	Tennessee	36.18119	-83.7938	US	1
Chouteau	Oklahoma	36.18593	-95.34302	US	1
Springdale	Arkansas	36.18674	-94.12881	US	1
Marmaduke	Arkansas	36.18701	-90.38316	US	1
Siloam Springs	Arkansas	36.18814	-94.5405	US	1
Catoosa	Oklahoma	36.18899	-95.74582	US	1
Millers Creek	North Carolina	36.1893	-81.23759	US	1
Stratford	California	36.1894	-119.82319	US	1
Mosheim	Tennessee	36.18954	-82.95849	US	1
Hertford	North Carolina	36.19016	-76.46605	US	1
Caruthersville	Missouri	36.19312	-89.65564	US	1
Unicoi	Tennessee	36.19539	-82.34958	US	1
Norris	Tennessee	36.19563	-84.06797	US	1
Algood	Tennessee	36.19589	-85.44858	US	1
Hermitage	Tennessee	36.19617	-86.6225	US	1
Roan Mountain	Tennessee	36.19623	-82.0704	US	1
Spearman	Texas	36.19837	-101.19238	US	1
Fairplains	North Carolina	36.19847	-81.15286	US	1
North Las Vegas	Nevada	36.19886	-115.1175	US	1
Luttrell	Tennessee	36.19953	-83.74185	US	1
Mount Juliet	Tennessee	36.20005	-86.51861	US	1
Locust Grove	Oklahoma	36.20009	-95.16774	US	1
Kenton	Tennessee	36.20229	-89.01229	US	1
Huron	California	36.20273	-120.10292	US	1
Lindsay	California	36.20301	-119.08816	US	1
Elm Springs	Arkansas	36.20619	-94.23437	US	1
Tulare	California	36.20773	-119.34734	US	1
Lebanon	Tennessee	36.20811	-86.2911	US	1
Pahrump	Nevada	36.20829	-115.98391	US	1
Summerfield	North Carolina	36.20875	-79.90476	US	1
Sunrise Manor	Nevada	36.21108	-115.07306	US	1
King City	California	36.21274	-121.12603	US	1
Gleason	Tennessee	36.21367	-88.61255	US	1
Morristown	Tennessee	36.21398	-83.29489	US	1
Bethel Heights	Arkansas	36.21424	-94.12937	US	1
Chuckey	Tennessee	36.21594	-82.68821	US	1
Boone	North Carolina	36.21679	-81.67455	US	1
Rocky Top	Tennessee	36.21786	-84.15465	US	1
Green Hill	Tennessee	36.22283	-86.54944	US	1
Ash Flat	Arkansas	36.22396	-91.60848	US	1
Yellville	Arkansas	36.22618	-92.68489	US	1
Horseshoe Bend	Arkansas	36.22923	-91.76431	US	1
Harrison	Arkansas	36.22979	-93.10768	US	1
Boonville	North Carolina	36.23264	-80.70812	US	1
Hayti	Missouri	36.23368	-89.74953	US	1
Verdigris	Oklahoma	36.23482	-95.69109	US	1
Kennett	Missouri	36.23618	-90.05565	US	1
Stokesdale	North Carolina	36.23708	-79.97948	US	1
Tobaccoville	North Carolina	36.23819	-80.37144	US	1
Jonesville	North Carolina	36.2393	-80.84452	US	1
Mulberry	North Carolina	36.23958	-81.18064	US	1
Death Valley	California	36.23962	-116.81133	US	1
Rural Hall	North Carolina	36.24042	-80.29338	US	1
South Carthage	Tennessee	36.242	-85.95193	US	1
Turley	Oklahoma	36.24204	-95.97583	US	1
Lakewood	Tennessee	36.24311	-86.63555	US	1
Elkin	North Carolina	36.2443	-80.8484	US	1
Nellis Air Force Base	Nevada	36.24607	-115.05721	US	1
Hays	North Carolina	36.24985	-81.11564	US	1
Maynardville	Tennessee	36.25064	-83.79741	US	1
Carthage	Tennessee	36.25228	-85.95165	US	1
Lowell	Arkansas	36.25535	-94.13076	US	1
Obion	Tennessee	36.25896	-89.19174	US	1
Pocahontas	Arkansas	36.26146	-90.97123	US	1
Rector	Arkansas	36.26312	-90.2926	US	1
Lemoore Station	California	36.26326	-119.90476	US	1
Ridgely	Tennessee	36.2634	-89.48785	US	1
Cave Springs	Arkansas	36.26341	-94.23187	US	1
Gruver	Texas	36.26503	-101.40627	US	1
Grimsley	Tennessee	36.26701	-84.9844	US	1
Gentry	Arkansas	36.26758	-94.48466	US	1
Fairview	Oklahoma	36.26892	-98.4798	US	1
Owasso	Oklahoma	36.26954	-95.85471	US	1
Ashland City	Tennessee	36.27422	-87.06417	US	1
Highland	Arkansas	36.2759	-91.52403	US	1
Shattuck	Oklahoma	36.27614	-99.88276	US	1
Pine Crest	Tennessee	36.27619	-84.12881	US	1
Flippin	Arkansas	36.27896	-92.59711	US	1
Waukomis	Oklahoma	36.28031	-97.89811	US	1
King	North Carolina	36.28069	-80.35922	US	1
Rutledge	Tennessee	36.28092	-83.5149	US	1
Gassville	Arkansas	36.28312	-92.49405	US	1
Ahoskie	North Carolina	36.28682	-76.98468	US	1
Perry	Oklahoma	36.28949	-97.2881	US	1
Dresden	Tennessee	36.29145	-88.70811	US	1
Justice	Oklahoma	36.29287	-95.56664	US	1
Salina	Oklahoma	36.29287	-95.1533	US	1
Jonesborough	Tennessee	36.29427	-82.47348	US	1
Elizabeth City	North Carolina	36.2946	-76.25105	US	1
Walnut Cove	North Carolina	36.29541	-80.14171	US	1
Exeter	California	36.29606	-119.14205	US	1
Sperry	Oklahoma	36.29731	-95.99139	US	1
Farmersville	California	36.29773	-119.20678	US	1
Cherokee Village	Arkansas	36.29784	-91.51597	US	1
Caryville	Tennessee	36.29897	-84.22326	US	1
Midway	Tennessee	36.30011	-82.42375	US	1
Lemoore	California	36.30078	-119.78291	US	1
Paris	Tennessee	36.302	-88.32671	US	1
Home Garden	California	36.30328	-119.63624	US	1
Tsaile	Arizona	36.3033	-109.21566	US	1
Hendersonville	Tennessee	36.30477	-86.62	US	1
South Henderson	North Carolina	36.3082	-78.40666	US	1
Pryor	Oklahoma	36.30843	-95.31691	US	1
Pryor Creek	Oklahoma	36.30862	-95.31777	US	1
Cleveland	Oklahoma	36.31032	-96.46584	US	1
Oxford	North Carolina	36.3107	-78.59083	US	1
Tennessee Ridge	Tennessee	36.312	-87.77336	US	1
Dodson Branch	Tennessee	36.31256	-85.5322	US	1
Claremore	Oklahoma	36.3126	-95.61609	US	1
Johnson City	Tennessee	36.31344	-82.35347	US	1
Kenwood	Oklahoma	36.31453	-94.98579	US	1
Armona	California	36.31578	-119.70846	US	1
Erin	Tennessee	36.31839	-87.69474	US	1
Goodlettsville	Tennessee	36.32311	-86.71333	US	1
Central	Tennessee	36.32622	-82.28958	US	1
Hanford	California	36.32745	-119.64568	US	1
Camden	North Carolina	36.32849	-76.17188	US	1
Halifax	North Carolina	36.32849	-77.58942	US	1
Henderson	North Carolina	36.32959	-78.39916	US	1
Jacksboro	Tennessee	36.33008	-84.18382	US	1
Visalia	California	36.33023	-119.29206	US	1
Rogers	Arkansas	36.33202	-94.11854	US	1
Mountain Home	Arkansas	36.33534	-92.38516	US	1
Green Forest	Arkansas	36.33535	-93.43602	US	1
Decatur	Arkansas	36.33591	-94.46077	US	1
Stratford	Texas	36.33614	-102.07212	US	1
Pawnee	Oklahoma	36.33783	-96.80392	US	1
Troy	Tennessee	36.33868	-89.16396	US	1
Prairie Creek	Arkansas	36.34202	-94.06187	US	1
Martin	Tennessee	36.3434	-88.85034	US	1
Bean Station	Tennessee	36.3437	-83.28406	US	1
Elizabethton	Tennessee	36.34872	-82.21069	US	1
Goshen	California	36.35106	-119.42012	US	1
Many Farms	Arizona	36.35278	-109.61789	US	1
Reidsville	North Carolina	36.35486	-79.66447	US	1
Gainesboro	Tennessee	36.35561	-85.65887	US	1
Ranchos de Taos	New Mexico	36.35864	-105.60946	US	1
Centerton	Arkansas	36.3598	-94.28521	US	1
Hunter	Tennessee	36.3623	-84.14048	US	1
Collinsville	Oklahoma	36.36454	-95.83888	US	1
Berryville	Arkansas	36.36479	-93.56797	US	1
Thurmond	North Carolina	36.36652	-80.92841	US	1
Skiatook	Oklahoma	36.36842	-96.00138	US	1
Shackle Island	Tennessee	36.3706	-86.61666	US	1
Millersville	Tennessee	36.37116	-86.71	US	1
Salem	Arkansas	36.37118	-91.82265	US	1
Bentonville	Arkansas	36.37285	-94.20882	US	1
Tiptonville	Tennessee	36.3784	-89.47202	US	1
Patterson Tract	California	36.37952	-119.2956	US	1
Lucerne	California	36.38078	-119.6643	US	1
Piggott	Arkansas	36.38284	-90.19065	US	1
LaFollette	Tennessee	36.38286	-84.11993	US	1
Livingston	Tennessee	36.3834	-85.32302	US	1
Bull Shoals	Arkansas	36.38396	-92.58155	US	1
Midway	Arkansas	36.38534	-92.46183	US	1
Madison	North Carolina	36.38542	-79.95949	US	1
Little Flock	Arkansas	36.38591	-94.1352	US	1
Pilot Mountain	North Carolina	36.38653	-80.4695	US	1
Ivanhoe	California	36.38717	-119.21789	US	1
Gallatin	Tennessee	36.38838	-86.44666	US	1
Jackson	North Carolina	36.3896	-77.42136	US	1
Hartsville	Tennessee	36.39088	-86.16721	US	1
Angel Fire	New Mexico	36.39309	-105.28501	US	1
Roxboro	North Carolina	36.39375	-78.98279	US	1
Pleasant View	Tennessee	36.39422	-87.03667	US	1
Ridgetop	Tennessee	36.39505	-86.77944	US	1
Enid	Oklahoma	36.39559	-97.87839	US	1
Dobson	North Carolina	36.39569	-80.72257	US	1
Winton	North Carolina	36.39571	-76.9319	US	1
Warrenton	North Carolina	36.39848	-78.15527	US	1
Perryton	Texas	36.40003	-100.80265	US	1
Wentworth	North Carolina	36.40014	-79.77448	US	1
Eureka Springs	Arkansas	36.40118	-93.73797	US	1
Gatesville	North Carolina	36.40349	-76.75301	US	1
West Jefferson	North Carolina	36.40374	-81.49288	US	1
Yanceyville	North Carolina	36.40403	-79.33613	US	1
Taos	New Mexico	36.40725	-105.57307	US	1
Rogersville	Tennessee	36.40732	-83.00544	US	1
Corning	Arkansas	36.40784	-90.57983	US	1
Danbury	North Carolina	36.4093	-80.20588	US	1
Fincastle	Tennessee	36.4098	-84.0477	US	1
Huntsville	Tennessee	36.4098	-84.49049	US	1
Oak Grove	Tennessee	36.41177	-82.42459	US	1
Mayodan	North Carolina	36.41236	-79.96699	US	1
Woodlake	California	36.41356	-119.09872	US	1
Hominy	Oklahoma	36.41424	-96.3953	US	1
Lukachukai	Arizona	36.41695	-109.22871	US	1
Fall Branch	Tennessee	36.41816	-82.62376	US	1
Gray	Tennessee	36.41983	-82.47654	US	1
Jefferson	North Carolina	36.4204	-81.47344	US	1
Jay	Oklahoma	36.42119	-94.7969	US	1
Gravette	Arkansas	36.42202	-94.45355	US	1
Union City	Tennessee	36.42423	-89.05701	US	1
Soledad	California	36.42469	-121.32632	US	1
Portageville	Missouri	36.42534	-89.69953	US	1
Weldon	North Carolina	36.4271	-77.59553	US	1
Greenbrier	Tennessee	36.42755	-86.80472	US	1
Jamestown	Tennessee	36.42757	-84.93189	US	1
Riverdale	California	36.43106	-119.85958	US	1
Laton	California	36.43328	-119.6868	US	1
Woodward	Oklahoma	36.43365	-99.39039	US	1
Coopertown	Tennessee	36.43755	-86.96722	US	1
Taos Pueblo	New Mexico	36.43864	-105.54445	US	1
Three Rivers	California	36.43884	-118.90454	US	1
Mooreland	Oklahoma	36.4392	-99.20482	US	1
Spurgeon	Tennessee	36.43955	-82.4557	US	1
Murfreesboro	North Carolina	36.44238	-77.09858	US	1
New Tazewell	Tennessee	36.44258	-83.59963	US	1
Norlina	North Carolina	36.4457	-78.19833	US	1
Oologah	Oklahoma	36.44704	-95.70832	US	1
Currituck	North Carolina	36.44988	-76.01548	US	1
South Rosemary	North Carolina	36.45154	-77.6972	US	1
Clayton	New Mexico	36.45169	-103.1841	US	1
Clarkton	Missouri	36.45173	-89.96704	US	1
Gideon	Missouri	36.45201	-89.91926	US	1
Booker	Texas	36.45336	-100.53737	US	1
Tazewell	Tennessee	36.45425	-83.56935	US	1
Speedwell	Tennessee	36.45869	-83.87186	US	1
Bushyhead	Oklahoma	36.46148	-95.49414	US	1
Roanoke Rapids	North Carolina	36.46154	-77.65415	US	1
Stoneville	North Carolina	36.46653	-79.90698	US	1
White House	Tennessee	36.47032	-86.65138	US	1
Surgoinsville	Tennessee	36.47093	-82.85183	US	1
Bluff City	Tennessee	36.47427	-82.26097	US	1
Mountain City	Tennessee	36.47456	-81.80484	US	1
London	California	36.47606	-119.44318	US	1
Bella Vista	Arkansas	36.4807	-94.27134	US	1
Colonial Heights	Tennessee	36.4851	-82.5032	US	1
Holiday Island	Arkansas	36.48535	-93.73214	US	1
Dover	Tennessee	36.48783	-87.83836	US	1
Eden	North Carolina	36.48847	-79.7667	US	1
Campbell	Missouri	36.49339	-90.07509	US	1
Oneida	Tennessee	36.49813	-84.51272	US	1
Mount Airy	North Carolina	36.4993	-80.60729	US	1
Toast	North Carolina	36.50041	-80.62645	US	1
Gaston	North Carolina	36.50043	-77.64498	US	1
South Fulton	Tennessee	36.50089	-88.87534	US	1
Fulton	Kentucky	36.50423	-88.87423	US	1
Sparta	North Carolina	36.50541	-81.12092	US	1
Carmel Valley Village	California	36.50605	-121.76594	US	1
Gonzales	California	36.50663	-121.44438	US	1
Springfield	Tennessee	36.50921	-86.885	US	1
Kingsburg	California	36.51384	-119.55402	US	1
Arroyo Seco	New Mexico	36.51669	-105.56918	US	1
Lafayette	Tennessee	36.52116	-86.02637	US	1
Church Hill	Tennessee	36.52232	-82.71349	US	1
Cutler	California	36.52328	-119.28678	US	1
Thayer	Missouri	36.52451	-91.5382	US	1
Moyock	North Carolina	36.5246	-76.17827	US	1
Clarksville	Tennessee	36.52977	-87.35945	US	1
Sneedville	Tennessee	36.52981	-83.2174	US	1
Blountville	Tennessee	36.53316	-82.32681	US	1
Red Boiling Springs	Tennessee	36.53339	-85.84998	US	1
Chelsea	Oklahoma	36.53565	-95.43247	US	1
Caruthers	California	36.54273	-119.8332	US	1
Dinuba	California	36.54328	-119.38707	US	1
Orosi	California	36.54495	-119.28734	US	1
Noel	Missouri	36.54563	-94.48522	US	1
Helena	Oklahoma	36.54614	-98.27007	US	1
Kingsport	Tennessee	36.54843	-82.56182	US	1
Cross Plains	Tennessee	36.54866	-86.69611	US	1
Celina	Tennessee	36.55006	-85.50525	US	1
Carmel-by-the-Sea	California	36.55524	-121.92329	US	1
Malden	Missouri	36.557	-89.96648	US	1
Westmoreland	Tennessee	36.56199	-86.24804	US	1
Barnsdall	Oklahoma	36.56202	-96.16167	US	1
Walnut Hill	Tennessee	36.56983	-82.2568	US	1
Chualar	California	36.57052	-121.51855	US	1
Selma	California	36.57078	-119.61208	US	1
Hickman	Kentucky	36.57117	-89.18618	US	1
Fairfax	Oklahoma	36.57366	-96.7042	US	1
Byrdstown	Tennessee	36.57451	-85.12884	US	1
Cleora	Oklahoma	36.57897	-94.97107	US	1
Moapa Valley	Nevada	36.58053	-114.47026	US	1
Portland	Tennessee	36.58171	-86.51638	US	1
Harrogate	Tennessee	36.5823	-83.65686	US	1
Bloomingdale	Tennessee	36.58455	-82.48932	US	1
Danville	Virginia	36.58597	-79.39502	US	1
Del Monte Forest	California	36.58635	-121.94746	US	1
New Madrid	Missouri	36.58645	-89.52785	US	1
Jellico	Tennessee	36.58786	-84.12687	US	1
Cana	Virginia	36.58958	-80.67173	US	1
Lilbourn	Missouri	36.59228	-89.61536	US	1
Del Rey Oaks	California	36.59329	-121.83495	US	1
Grove	Oklahoma	36.59369	-94.76912	US	1
Pineville	Missouri	36.59452	-94.3841	US	1
Bristol	Tennessee	36.59511	-82.18874	US	1
Goodwell	Oklahoma	36.5953	-101.63655	US	1
Reedley	California	36.59634	-119.4504	US	1
Bristol	Virginia	36.59649	-82.18847	US	1
Kaibito	Arizona	36.59722	-111.07431	US	1
Bracey	Virginia	36.59959	-78.14305	US	1
Monterey	California	36.60024	-121.89468	US	1
Gainesville	Missouri	36.60312	-92.42822	US	1
Lone Pine	California	36.60626	-118.06462	US	1
San Joaquin	California	36.60662	-120.18904	US	1
Middlesboro	Kentucky	36.60842	-83.71658	US	1
Murray	Kentucky	36.61033	-88.31476	US	1
Seaside	California	36.61107	-121.85162	US	1
Parlier	California	36.61162	-119.52707	US	1
Pacific Grove	California	36.61774	-121.91662	US	1
Doniphan	Missouri	36.62089	-90.82346	US	1
Hollister	Missouri	36.62117	-93.21546	US	1
Independence	Virginia	36.62245	-81.15309	US	1
Clarksville	Virginia	36.62403	-78.55694	US	1
Orange Cove	California	36.62439	-119.31373	US	1
Horse Pasture	Virginia	36.62847	-79.95087	US	1
Fowler	California	36.63051	-119.67847	US	1
Shell Knob	Missouri	36.63229	-93.63436	US	1
Kimberling City	Missouri	36.6334	-93.41685	US	1
Gate City	Virginia	36.63788	-82.58099	US	1
Vinita	Oklahoma	36.63869	-95.15413	US	1
Stuart	Virginia	36.64097	-80.26561	US	1
Patrick Springs	Virginia	36.6418	-80.19505	US	1
Branson	Missouri	36.64367	-93.21851	US	1
Guthrie	Kentucky	36.64838	-87.16639	US	1
Easton	California	36.65023	-119.7907	US	1
Anderson	Missouri	36.65063	-94.44355	US	1
Pine Knot	Kentucky	36.65091	-84.43855	US	1
Fort Campbell North	Kentucky	36.65429	-87.46056	US	1
Copeland	Oklahoma	36.65591	-94.82829	US	1
Chatmoss	Virginia	36.6568	-79.81226	US	1
Del Rey	California	36.65912	-119.59374	US	1
Galax	Virginia	36.66124	-80.92397	US	1
Oak Grove	Kentucky	36.66505	-87.44279	US	1
Clinton	Kentucky	36.66728	-88.9934	US	1
Boydton	Virginia	36.66764	-78.3875	US	1
Pawhuska	Oklahoma	36.66784	-96.33723	US	1
Bernie	Missouri	36.66894	-89.9687	US	1
Cassville	Missouri	36.67701	-93.86881	US	1
Franklin	Virginia	36.67765	-76.92246	US	1
Salinas	California	36.67774	-121.6555	US	1
Tonkawa	Oklahoma	36.67837	-97.31004	US	1
McCord	Oklahoma	36.67847	-97.04	US	1
Mount Hermon	Virginia	36.67847	-79.42225	US	1
West Hammond	New Mexico	36.68071	-108.04921	US	1
Moapa Town	Nevada	36.68219	-114.59416	US	1
Guymon	Oklahoma	36.6828	-101.48155	US	1
Kissee Mills	Missouri	36.68367	-93.0499	US	1
Marina	California	36.6844	-121.80217	US	1
Forsyth	Missouri	36.68506	-93.1199	US	1
Emporia	Virginia	36.68598	-77.54248	US	1
Jonesville	Virginia	36.68898	-83.111	US	1
Albany	Kentucky	36.6909	-85.13468	US	1
Martinsville	Virginia	36.69153	-79.87254	US	1
Afton	Oklahoma	36.69369	-94.96302	US	1
Alton	Missouri	36.69423	-91.3993	US	1
South Boston	Virginia	36.69875	-78.9014	US	1
Boronda	California	36.69885	-121.67495	US	1
Stearns	Kentucky	36.69897	-84.47744	US	1
Tierra Amarilla	New Mexico	36.70029	-106.54976	US	1
Nowata	Oklahoma	36.70065	-95.63803	US	1
Tompkinsville	Kentucky	36.70228	-85.69164	US	1
Questa	New Mexico	36.70391	-105.59501	US	1
Ponca City	Oklahoma	36.70698	-97.08559	US	1
Sanger	California	36.70801	-119.55597	US	1
Pannill Fork	Virginia	36.70903	-80.0131	US	1
Laverne	Oklahoma	36.70975	-99.89346	US	1
Abingdon	Virginia	36.70983	-81.97735	US	1
West Park	California	36.71023	-119.85126	US	1
Bloomfield	New Mexico	36.71112	-107.98451	US	1
Merriam Woods	Missouri	36.71395	-93.16185	US	1
Collinsville	Virginia	36.71514	-79.91532	US	1
Upper Fruitland	New Mexico	36.71584	-108.31424	US	1
Courtland	Virginia	36.71626	-77.06802	US	1
South Suffolk	Virginia	36.71709	-76.59023	US	1
Franklin	Kentucky	36.72226	-86.57722	US	1
Woodlawn	Virginia	36.72235	-80.82285	US	1
Whitley City	Kentucky	36.72341	-84.47049	US	1
Kerman	California	36.72356	-120.05988	US	1
Minkler	California	36.72384	-119.45818	US	1
South Hill	Virginia	36.72653	-78.12889	US	1
Kayenta	Arizona	36.72778	-110.25458	US	1
Farmington	New Mexico	36.72806	-108.21869	US	1
West Plains	Missouri	36.72812	-91.85237	US	1
Suffolk	Virginia	36.72836	-76.58496	US	1
Boise City	Oklahoma	36.72947	-102.51324	US	1
Sunnyside	California	36.731	-119.695	US	0
Kirtland	New Mexico	36.73417	-108.3598	US	1
Yokuts Valley	California	36.74023	-119.24679	US	1
Mayfield	Kentucky	36.74172	-88.63672	US	1
Goodman	Missouri	36.74174	-94.39911	US	1
Williamsburg	Kentucky	36.74342	-84.15966	US	1
Stanleytown	Virginia	36.7443	-79.96282	US	1
Bartlesville	Oklahoma	36.74731	-95.98082	US	1
Fresno	California	36.74773	-119.77237	US	1
Fairland	Oklahoma	36.75118	-94.84746	US	1
Scottsville	Kentucky	36.75338	-86.19054	US	1
Mendota	California	36.75356	-120.38156	US	1
Cherokee	Oklahoma	36.75447	-98.35674	US	1
Poplar Bluff	Missouri	36.757	-90.39289	US	1
Lawrenceville	Virginia	36.75765	-77.84694	US	1
Pennington Gap	Virginia	36.75842	-83.02711	US	1
Bassett	Virginia	36.7593	-79.99032	US	1
Mountain Road	Virginia	36.75958	-78.98696	US	1
Waterflow	New Mexico	36.75972	-108.48175	US	1
Pineville	Kentucky	36.76203	-83.69492	US	1
Hillsville	Virginia	36.76263	-80.73479	US	1
Castroville	California	36.76579	-121.758	US	1
Halifax	Virginia	36.76597	-78.92834	US	1
Emory	Virginia	36.77289	-81.83623	US	1
Bunkerville	Nevada	36.77303	-114.12802	US	1
Prunedale	California	36.77579	-121.66967	US	1
Dryden	Virginia	36.77759	-82.94155	US	1
East Prairie	Missouri	36.77978	-89.38563	US	1
Shiprock	New Mexico	36.78555	-108.68703	US	1
Adwolf	Virginia	36.78928	-81.58206	US	1
Burkesville	Kentucky	36.79034	-85.37052	US	1
Glade Spring	Virginia	36.79122	-81.77123	US	1
Tarpey Village	California	36.79301	-119.70097	US	1
Scenic	Arizona	36.79359	-114.01275	US	1
Flora Vista	New Mexico	36.79445	-108.08035	US	1
Dexter	Missouri	36.79589	-89.95787	US	1
Dewey	Oklahoma	36.79592	-95.93554	US	1
Chilhowie	Virginia	36.79845	-81.68234	US	1
Old Fig Garden	California	36.79885	-119.80515	US	1
Chase City	Virginia	36.79931	-78.45833	US	1
Biola	California	36.80217	-120.01627	US	1
Blackwell	Oklahoma	36.80448	-97.28282	US	1
Alva	Oklahoma	36.80499	-98.66718	US	1
Galena	Missouri	36.80534	-93.46658	US	1
Mesquite	Nevada	36.80553	-114.06719	US	1
Medford	Oklahoma	36.80697	-97.73366	US	1
Windsor	Virginia	36.80848	-76.74412	US	1
Elkton	Kentucky	36.81004	-87.15417	US	1
Ridgemark	California	36.81246	-121.36577	US	1
Beaver	Oklahoma	36.81614	-100.51987	US	1
Purdy	Missouri	36.81729	-93.92076	US	1
Chesapeake	Virginia	36.81904	-76.27494	US	1
Spencerville	New Mexico	36.82	-108.05813	US	1
Portsmouth Heights	Virginia	36.82098	-76.36883	US	1
Aztec	New Mexico	36.82223	-107.99285	US	1
Elkhorn	California	36.8244	-121.7405	US	1
Clovis	California	36.82523	-119.70292	US	1
Chatham	Virginia	36.82569	-79.39808	US	1
Monticello	Kentucky	36.82979	-84.84911	US	1
Marion	Virginia	36.83484	-81.51484	US	1
Portsmouth	Virginia	36.83543	-76.29827	US	1
Buffalo	Oklahoma	36.83559	-99.6304	US	1
Seneca	Missouri	36.84146	-94.61106	US	1
Harlan	Kentucky	36.84314	-83.32185	US	1
Russellville	Kentucky	36.84532	-86.88722	US	1
San Juan Bautista	California	36.84551	-121.538	US	1
Norfolk	Virginia	36.84681	-76.28522	US	1
Hollister	California	36.85245	-121.4016	US	1
Virginia Beach	Virginia	36.85293	-75.97799	US	1
Benton	Kentucky	36.85728	-88.35031	US	1
Firebaugh	California	36.85884	-120.45601	US	1
Hooker	Oklahoma	36.86003	-101.2135	US	1
Auburn	Kentucky	36.86421	-86.71027	US	1
Cadiz	Kentucky	36.86505	-87.8353	US	1
Las Lomas	California	36.86523	-121.73495	US	1
Hopkinsville	Kentucky	36.86561	-87.49117	US	1
Barbourville	Kentucky	36.86648	-83.88881	US	1
Atkins	Virginia	36.86734	-81.42344	US	1
Neosho	Missouri	36.86896	-94.368	US	1
Bardwell	Kentucky	36.87061	-89.00979	US	1
Miami	Oklahoma	36.87451	-94.87746	US	1
Sikeston	Missouri	36.87672	-89.58786	US	1
Plano	Kentucky	36.88032	-86.41832	US	1
Saltville	Virginia	36.8815	-81.76206	US	1
Big Stone Gap	Virginia	36.88176	-82.7471	US	1
Newkirk	Oklahoma	36.88225	-97.05337	US	1
Bloomfield	Missouri	36.88589	-89.92926	US	1
Aromas	California	36.88856	-121.643	US	1
Castlewood	Virginia	36.8901	-82.27959	US	1
Rural Retreat	Virginia	36.89373	-81.27593	US	1
Beaver Dam	Arizona	36.89942	-113.93274	US	1
Lebanon	Virginia	36.90094	-82.08013	US	1
Chama	New Mexico	36.90307	-106.57948	US	1
Raton	New Mexico	36.90336	-104.43915	US	1
Pajaro	California	36.90412	-121.74856	US	1
Crane	Missouri	36.90534	-93.57158	US	1
Appalachia	Virginia	36.90676	-82.78183	US	1
Isle of Wight	Virginia	36.90765	-76.70773	US	1
Beatty	Nevada	36.90856	-116.75923	US	1
Watsonville	California	36.91023	-121.75689	US	1
Floyd	Virginia	36.91124	-80.32005	US	1
Page	Arizona	36.91472	-111.45583	US	1
Sussex	Virginia	36.91515	-77.27914	US	1
Granby	Missouri	36.91923	-94.25522	US	1
Charleston	Missouri	36.92089	-89.35063	US	1
Ferrum	Virginia	36.92292	-80.01337	US	1
Parkwood	California	36.92689	-120.04461	US	1
Monett	Missouri	36.92895	-93.92771	US	1
Commerce	Oklahoma	36.9334	-94.87301	US	1
Norton	Virginia	36.93343	-82.62905	US	1
Dulce	New Mexico	36.93362	-106.99893	US	1
Freedom	California	36.93523	-121.77301	US	0
La Selva Beach	California	36.93662	-121.86468	US	1
Coeburn	Virginia	36.94399	-82.46404	US	1
Fredonia	Arizona	36.94554	-112.52659	US	1
Pierce City	Missouri	36.9459	-94.00021	US	1
Carrollton	Virginia	36.94682	-76.56051	US	1
Parksdale	California	36.94717	-120.02294	US	1
Wytheville	Virginia	36.94845	-81.08481	US	1
Corbin	Kentucky	36.9487	-84.09688	US	1
Interlaken	California	36.95134	-121.73384	US	1
Ava	Missouri	36.952	-92.66045	US	1
Gretna	Virginia	36.95375	-79.35891	US	1
Centennial Park	Arizona	36.95381	-112.98132	US	1
North Corbin	Kentucky	36.96064	-84.09326	US	1
Aptos Hills-Larkin Valley	California	36.96064	-121.83404	US	1
Lunenburg	Virginia	36.96098	-78.26555	US	1
Madera	California	36.96134	-120.06072	US	1
Kenbridge	Virginia	36.96209	-78.125	US	1
Amesti	California	36.96356	-121.77912	US	1
South Dos Palos	California	36.96439	-120.65324	US	1
Wickliffe	Kentucky	36.96478	-89.08923	US	1
Henry Fork	Virginia	36.96625	-79.87031	US	1
Twin Lakes	California	36.96745	-121.99802	US	1
Rio Del Mar	California	36.96828	-121.90023	US	1
Aurora	Missouri	36.97089	-93.71798	US	1
Santa Cruz	California	36.97412	-122.0308	US	1
Seacliff	California	36.97412	-121.91579	US	1
Capitola	California	36.97523	-121.95329	US	1
Wise	Virginia	36.97593	-82.57571	US	1
Aptos	California	36.97717	-121.8994	US	1
Cumberland	Kentucky	36.97815	-82.9885	US	1
Edmonton	Kentucky	36.98006	-85.61219	US	1
Newport News	Virginia	36.98038	-76.42975	US	1
Smithfield	Virginia	36.98237	-76.63107	US	1
Live Oak	California	36.98356	-121.98052	US	1
Bonadelle Ranchos-Madera Ranchos	California	36.98467	-119.87463	US	1
Jamestown	Kentucky	36.98479	-85.06301	US	1
Dos Palos	California	36.98606	-120.62657	US	1
Soquel	California	36.98801	-121.95663	US	1
Corralitos	California	36.98856	-121.80634	US	1
Colorado City	Arizona	36.99026	-112.97577	US	1
Bowling Green	Kentucky	36.99032	-86.4436	US	1
Willow Springs	Missouri	36.99228	-91.96987	US	1
Victoria	Virginia	36.99487	-78.22722	US	1
Mountain View	Missouri	36.99533	-91.70376	US	1
Van Buren	Missouri	36.99561	-91.01457	US	1
Glasgow	Kentucky	36.99588	-85.91192	US	1
Rocky Mount	Virginia	36.99764	-79.89198	US	1
Sparta	Missouri	37.00116	-93.08157	US	1
Marionville	Missouri	37.00311	-93.63742	US	1
Hildale	Utah	37.0036	-112.96688	US	1
Pasatiempo	California	37.00439	-122.0258	US	1
Cairo	Illinois	37.00533	-89.17646	US	1
Gilroy	California	37.00578	-121.56828	US	1
Elkhart	Kansas	37.00808	-101.89017	US	1
Winona	Missouri	37.00977	-91.32347	US	1
Caney	Kansas	37.01146	-95.93526	US	1
Honaker	Virginia	37.01622	-81.97429	US	1
Kiowa	Kansas	37.01725	-98.48535	US	1
Reidland	Kentucky	37.01756	-88.53143	US	1
Union Hall	Virginia	37.01875	-79.68642	US	1
Madera Acres	California	37.01911	-120.06683	US	1
Ozark	Missouri	37.02089	-93.20602	US	1
Baxter Springs	Kansas	37.02368	-94.7355	US	1
Massac	Kentucky	37.029	-88.686	US	1
Hampton	Virginia	37.02987	-76.34522	US	1
Clever	Missouri	37.03033	-93.47297	US	1
Caldwell	Kansas	37.03225	-97.60699	US	1
Calvert City	Kentucky	37.03339	-88.35004	US	1
Day Valley	California	37.03578	-121.86246	US	1
Waverly	Virginia	37.03598	-77.09524	US	1
Chetopa	Kansas	37.03729	-95.08996	US	1
Coffeyville	Kansas	37.0373	-95.61637	US	1
East Hampton	Virginia	37.03737	-76.33161	US	1
Hendron	Kentucky	37.0395	-88.62922	US	1
Bonny Doon	California	37.04162	-122.15052	US	1
Liberal	Kansas	37.04308	-100.921	US	1
Nixa	Missouri	37.04339	-93.29435	US	1
Farley	Kentucky	37.04634	-88.56856	US	1
Kanab	Utah	37.04749	-112.52631	US	1
Ledbetter	Kentucky	37.04756	-88.47699	US	1
Pulaski	Virginia	37.0479	-80.77979	US	1
Brookneal	Virginia	37.05014	-78.94418	US	1
Mount Hermon	California	37.05106	-122.05857	US	1
Scotts Valley	California	37.05106	-122.01468	US	1
Felton	California	37.05134	-122.0733	US	1
Russell Springs	Kentucky	37.05618	-85.08857	US	1
Charlotte Court House	Virginia	37.05654	-78.63833	US	1
Los Banos	California	37.05828	-120.84992	US	1
Arkansas City	Kansas	37.06197	-97.03837	US	1
Claypool Hill	Virginia	37.06261	-81.75178	US	1
Rushmere	Virginia	37.06681	-76.67635	US	1
Billings	Missouri	37.06755	-93.55214	US	1
Sarcoxie	Missouri	37.06923	-94.1166	US	1
Motley	Virginia	37.06959	-79.34114	US	1
Galena	Kansas	37.0759	-94.63967	US	1
Fairmead	California	37.07633	-120.19295	US	1
La Center	Kentucky	37.07672	-88.97368	US	1
Duquesne	Missouri	37.07673	-94.45939	US	1
Dinwiddie	Virginia	37.07793	-77.58665	US	1
Blackstone	Virginia	37.08043	-77.99723	US	1
Auberry	California	37.08078	-119.48541	US	1
North Shore	Virginia	37.08209	-79.65836	US	1
Paducah	Kentucky	37.08339	-88.60005	US	1
Duenweg	Missouri	37.08367	-94.41356	US	1
Joplin	Missouri	37.08423	-94.51328	US	1
San Martin	California	37.08495	-121.61022	US	1
Oran	Missouri	37.08505	-89.65536	US	1
Mound City	Illinois	37.08533	-89.16257	US	1
Raven	Virginia	37.08706	-81.85512	US	1
Conejos	Colorado	37.08835	-106.01974	US	1
Ben Lomond	California	37.08911	-122.08635	US	1
Somerset	Kentucky	37.09202	-84.60411	US	1
Hurt	Virginia	37.09264	-79.29641	US	1
Richlands	Virginia	37.09317	-81.79373	US	1
Eddyville	Kentucky	37.0945	-88.0803	US	1
Benton	Missouri	37.09783	-89.56258	US	1
Bland	Virginia	37.10206	-81.1162	US	1
Columbia	Kentucky	37.10284	-85.30635	US	1
Mount Vernon	Missouri	37.10367	-93.81854	US	1
Saint George	Utah	37.10415	-113.58412	US	1
Advance	Missouri	37.10455	-89.90953	US	1
Lompico	California	37.1055	-122.05274	US	1
Dublin	Virginia	37.10568	-80.68534	US	1
Brookdale	California	37.10634	-122.10608	US	1
Mansfield	Missouri	37.10672	-92.58072	US	1
Princeton	Kentucky	37.10922	-87.88196	US	1
Altavista	Virginia	37.11181	-79.28558	US	1
Tazewell	Virginia	37.11484	-81.51955	US	1
Battlefield	Missouri	37.11561	-93.37019	US	1
Rogersville	Missouri	37.117	-93.05573	US	1
Whitesburg	Kentucky	37.11843	-82.82683	US	1
Republic	Missouri	37.12005	-93.48019	US	1
Poquoson	Virginia	37.12237	-76.34578	US	1
Chowchilla	California	37.123	-120.26018	US	1
Cabool	Missouri	37.12394	-92.10127	US	1
Boulder Creek	California	37.12606	-122.12219	US	1
Sedan	Kansas	37.12672	-96.18694	US	1
Greenville	Missouri	37.12727	-90.45011	US	1
London	Kentucky	37.12898	-84.08326	US	1
Plum Creek	Virginia	37.12984	-80.5006	US	1
Christiansburg	Virginia	37.12985	-80.40894	US	1
Morgan Hill	California	37.1305	-121.65439	US	1
Washington	Utah	37.13054	-113.50829	US	1
Mountain Grove	Missouri	37.13061	-92.26349	US	1
Radford	Virginia	37.13179	-80.57645	US	1
Santa Clara	Utah	37.13304	-113.65413	US	1
Cave City	Kentucky	37.13672	-85.95692	US	1
Surry	Virginia	37.13793	-76.83524	US	1
Smithland	Kentucky	37.13894	-88.40337	US	1
Seymour	Missouri	37.14644	-92.76878	US	1
Webb City	Missouri	37.14645	-94.463	US	1
Carterville	Missouri	37.14923	-94.443	US	1
Clintwood	Virginia	37.15011	-82.45598	US	1
Eminence	Missouri	37.1506	-91.35764	US	1
Metropolis	Illinois	37.15117	-88.732	US	1
Anthony	Kansas	37.15336	-98.03117	US	1
Manchester	Kentucky	37.1537	-83.76186	US	1
Piedmont	Missouri	37.15449	-90.69567	US	1
Hyden	Kentucky	37.16093	-83.37324	US	1
Lexington Hills	California	37.16467	-121.97301	US	1
Big Pine	California	37.16493	-118.28955	US	1
Dawson Springs	Kentucky	37.16727	-87.69251	US	1
Oswego	Kansas	37.16757	-95.10996	US	1
Shawsville	Virginia	37.16847	-80.25532	US	1
Ivins	Utah	37.16859	-113.67941	US	1
Columbus	Kansas	37.16923	-94.84412	US	1
Trinidad	Colorado	37.16946	-104.50054	US	1
Crewe	Virginia	37.17321	-78.12333	US	1
Jenkins	Kentucky	37.17344	-82.63099	US	1
Hurricane	Utah	37.17526	-113.28995	US	1
Hugoton	Kansas	37.1753	-101.3496	US	1
Carthage	Missouri	37.17645	-94.31022	US	1
Carl Junction	Missouri	37.17672	-94.56551	US	1
Horse Cave	Kentucky	37.1795	-85.90692	US	1
Chaffee	Missouri	37.18005	-89.65509	US	1
Oronogo	Missouri	37.18839	-94.47023	US	1
Ashland	Kansas	37.18864	-99.76568	US	1
Altamont	Kansas	37.19034	-95.29719	US	1
Nortonville	Kentucky	37.19088	-87.45278	US	1
Yosemite Lakes	California	37.19106	-119.77265	US	1
Brownsville	Kentucky	37.19255	-86.26775	US	1
Springville	Virginia	37.19651	-81.40288	US	1
San Luis	Colorado	37.20085	-105.4239	US	1
LaVerkin	Utah	37.20109	-113.26967	US	1
Greenville	Kentucky	37.20115	-87.17889	US	1
Towaoc	Colorado	37.20444	-108.72954	US	1
Prices Fork	Virginia	37.20985	-80.49005	US	1
Springfield	Missouri	37.21533	-93.29824	US	1
Scott City	Missouri	37.21672	-89.52453	US	1
Prince George	Virginia	37.22043	-77.28803	US	1
Independence	Kansas	37.22424	-95.70831	US	1
Bayfield	Colorado	37.22556	-107.59811	US	1
Morgantown	Kentucky	37.2256	-86.6836	US	1
Los Gatos	California	37.22661	-121.97468	US	1
Cave Spring	Virginia	37.22764	-80.01282	US	1
Petersburg	Virginia	37.22793	-77.40193	US	1
Le Grand	California	37.22855	-120.24823	US	1
Blacksburg	Virginia	37.22957	-80.41394	US	1
Matoaca	Virginia	37.23043	-77.47749	US	1
Monte Sereno	California	37.23633	-121.99246	US	1
Yorktown	Virginia	37.23858	-76.50894	US	1
Winfield	Kansas	37.23975	-96.99559	US	1
Ettrick	Virginia	37.24015	-77.42998	US	1
Hampden Sydney	Virginia	37.24237	-78.45972	US	1
Hazard	Kentucky	37.24954	-83.19323	US	1
Hartville	Missouri	37.25088	-92.51044	US	1
Bluefield	Virginia	37.25262	-81.27121	US	1
Toquerville	Utah	37.25332	-113.28467	US	1
Gloucester Point	Virginia	37.25403	-76.49689	US	1
Cambrian Park	California	37.25689	-121.93079	US	0
Gustine	California	37.25772	-120.99882	US	1
Plains	Kansas	37.2603	-100.59265	US	1
Greensburg	Kentucky	37.26089	-85.49885	US	1
Coarsegold	California	37.26217	-119.70098	US	1
Saratoga	California	37.26383	-122.02301	US	1
Cedar Bluff	Virginia	37.26403	-79.93532	US	1
Wellington	Kansas	37.2653	-97.37171	US	1
Colonial Heights	Virginia	37.26804	-77.40726	US	1
Strafford	Missouri	37.26838	-93.11713	US	1
Coldwater	Kansas	37.26891	-99.32678	US	1
Pagosa Springs	Colorado	37.26945	-107.00976	US	1
Bluefield	West Virginia	37.26984	-81.22232	US	1
Cape Charles	Virginia	37.27008	-76.01649	US	1
Cherryvale	Kansas	37.27034	-95.55248	US	1
Williamsburg	Virginia	37.2707	-76.70746	US	1
Roanoke	Virginia	37.27097	-79.94143	US	1
Munfordville	Kentucky	37.27228	-85.89108	US	1
Oxford	Kansas	37.27419	-97.16893	US	1
Earlington	Kentucky	37.27421	-87.51194	US	1
Durango	Colorado	37.27528	-107.88007	US	1
Rustburg	Virginia	37.27681	-79.10085	US	1
Grundy	Virginia	37.27789	-82.09902	US	1
Brush Fork	West Virginia	37.28095	-81.25593	US	1
Vinton	Virginia	37.28097	-79.89698	US	1
Medicine Lodge	Kansas	37.28113	-98.58036	US	1
Meade	Kansas	37.28558	-100.34015	US	1
Seven Trees	California	37.28605	-121.83856	US	0
Harper	Kansas	37.28669	-98.02589	US	1
Campbell	California	37.28717	-121.94996	US	1
Communications Hill	California	37.289	-121.8551	US	0
Planada	California	37.29077	-120.31852	US	1
Salem	Virginia	37.29347	-80.05476	US	1
Central City	Kentucky	37.29393	-87.12333	US	1
Farmville	Virginia	37.3021	-78.39194	US	1
Merced	California	37.30216	-120.48297	US	1
Hopewell	Virginia	37.30432	-77.2872	US	1
Willard	Missouri	37.30505	-93.42853	US	1
Cape Girardeau	Missouri	37.30588	-89.51815	US	1
Marble Hill	Missouri	37.30589	-89.97038	US	1
Bluewell	West Virginia	37.31262	-81.25982	US	1
Newman	California	37.31383	-121.02076	US	1
Ash Grove	Missouri	37.31533	-93.5852	US	1
Liberty	Kentucky	37.31841	-84.9394	US	1
Annville	Kentucky	37.31925	-83.97048	US	1
Pembroke	Virginia	37.31957	-80.63895	US	1
Timberlake	Virginia	37.3207	-79.25753	US	1
Buena Vista	California	37.32133	-121.91662	US	0
Cupertino	California	37.323	-122.03218	US	1
Houston	Missouri	37.32616	-91.95599	US	1
Pearisburg	Virginia	37.32673	-80.73702	US	1
Oakhurst	California	37.328	-119.64932	US	1
Madisonville	Kentucky	37.3281	-87.49889	US	1
Enon	Virginia	37.3307	-77.32276	US	1
Narrows	Virginia	37.33151	-80.81119	US	1
Marion	Kentucky	37.33283	-88.08113	US	1
Bedford	Virginia	37.33431	-79.52309	US	1
Hindman	Kentucky	37.33593	-82.98044	US	1
Marshfield	Missouri	37.33866	-92.90712	US	1
San Jose	California	37.33939	-121.89496	US	1
Parsons	Kansas	37.34034	-95.26108	US	1
Hollins	Virginia	37.34125	-79.9431	US	1
Concord	Virginia	37.34264	-78.97502	US	1
Amelia Court House	Virginia	37.34293	-77.98056	US	1
Campbellsville	Kentucky	37.3434	-85.34191	US	1
Charles City	Virginia	37.34348	-77.07303	US	1
Mancos	Colorado	37.345	-108.28925	US	1
Atwater	California	37.34772	-120.60908	US	1
Cortez	Colorado	37.34888	-108.58593	US	1
Loyola	California	37.35133	-122.10052	US	1
Eastville	Virginia	37.35264	-75.94576	US	1
Santa Clara	California	37.35411	-121.95524	US	1
Chester	Virginia	37.35682	-77.44165	US	1
Appomattox	Virginia	37.35709	-78.82529	US	1
West Bishop	California	37.36104	-118.45511	US	1
Bishop	California	37.36354	-118.39511	US	1
Forest	Virginia	37.36375	-79.28975	US	1
Alamo	Nevada	37.36496	-115.16446	US	1
Cloverdale	Virginia	37.36514	-79.9056	US	1
Ahwahnee	California	37.3655	-119.72627	US	1
Laymantown	Virginia	37.36569	-79.85754	US	1
Alum Rock	California	37.36605	-121.82718	US	0
Princeton	West Virginia	37.36623	-81.10259	US	1
Golconda	Illinois	37.36727	-88.48643	US	1
Sunnyvale	California	37.36883	-122.03635	US	1
Chesterfield	Virginia	37.37709	-77.50582	US	1
Chesterfield Court House	Virginia	37.37709	-77.50499	US	1
Blue Ridge	Virginia	37.37847	-79.80698	US	1
Los Altos Hills	California	37.37966	-122.13746	US	1
East Foothills	California	37.38105	-121.81745	US	1
Jackson	Missouri	37.38227	-89.66621	US	1
Fair Grove	Missouri	37.38393	-93.1513	US	1
Portola Valley	California	37.38411	-122.23524	US	1
Los Altos	California	37.38522	-122.11413	US	1
Dixon Lane-Meadow Creek	California	37.38639	-118.41527	US	1
Livingston	California	37.38688	-120.72353	US	1
Winton	California	37.38938	-120.61325	US	1
Conway Springs	Kansas	37.3903	-97.64227	US	1
Belle Plaine	Kansas	37.39391	-97.28115	US	1
Ladera	California	37.39994	-122.1983	US	1
Beaver Dam	Kentucky	37.40199	-86.87583	US	1
West Lynchburg	Virginia	37.4032	-79.17808	US	1
Brodhead	Kentucky	37.40425	-84.41383	US	1
Hilmar-Irwin	California	37.40454	-120.85042	US	1
Springfield	Colorado	37.40835	-102.61436	US	1
Daleville	Virginia	37.40986	-79.91254	US	1
Gloucester Courthouse	Virginia	37.40986	-76.52662	US	1
Pittsburg	Kansas	37.41088	-94.70496	US	1
Lynchburg	Virginia	37.41375	-79.14225	US	1
Greenfield	Missouri	37.41532	-93.84104	US	1
Vienna	Illinois	37.41533	-88.89784	US	1
Neodesha	Kansas	37.41839	-95.68026	US	1
Woodlake	Virginia	37.42106	-77.67931	US	1
Bellwood	Virginia	37.42181	-77.43748	US	1
Rosiclare	Illinois	37.42366	-88.34615	US	1
Stanford	California	37.42411	-122.16608	US	1
Milpitas	California	37.42827	-121.90662	US	1
Woodside	California	37.42994	-122.25386	US	1
McKee	Kentucky	37.43036	-83.99798	US	1
Madison Heights	Virginia	37.43098	-79.12308	US	1
Brandermill	Virginia	37.43209	-77.64971	US	1
Delhi	California	37.43216	-120.77854	US	1
Welch	West Virginia	37.43289	-81.58455	US	1
West Menlo Park	California	37.43355	-122.20302	US	1
Centerville	Missouri	37.43505	-90.95846	US	1
Mathews	Virginia	37.43708	-76.31994	US	1
Satanta	Kansas	37.43725	-100.97211	US	1
Palo Alto	California	37.44188	-122.14302	US	1
Elizabethtown	Illinois	37.44588	-88.30504	US	1
Bensley	Virginia	37.44681	-77.44332	US	1
Meadowbrook	Virginia	37.44882	-77.47353	US	1
Hartford	Kentucky	37.45116	-86.90916	US	1
Jonesboro	Illinois	37.45172	-89.26814	US	1
Menlo Park	California	37.45383	-122.18219	US	1
Frontenac	Kansas	37.4556	-94.68913	US	1
Anna	Illinois	37.46033	-89.24703	US	1
Atherton	California	37.46133	-122.19774	US	1
Half Moon Bay	California	37.46355	-122.42859	US	1
Emerald Lake Hills	California	37.46466	-122.26802	US	1
East Palo Alto	California	37.46883	-122.14108	US	1
Alamosa	Colorado	37.46945	-105.87002	US	1
Howard	Kansas	37.47031	-96.26361	US	1
Patterson	California	37.4716	-121.12966	US	1
North Fair Oaks	California	37.47438	-122.19663	US	0
Mulvane	Kansas	37.47446	-97.24393	US	1
Booneville	Kentucky	37.4762	-83.67491	US	1
Clay	Kentucky	37.47671	-87.82002	US	1
Alamosa East	Colorado	37.47735	-105.84217	US	1
Pikeville	Kentucky	37.47927	-82.51876	US	1
Leitchfield	Kentucky	37.48005	-86.29386	US	1
Sublette	Kansas	37.48169	-100.84377	US	1
Mariposa	California	37.48494	-119.96628	US	1
Redwood City	California	37.48522	-122.23635	US	1
Livermore	Kentucky	37.4931	-87.13194	US	1
Turlock	California	37.49466	-120.84659	US	1
Lamar	Missouri	37.49505	-94.27661	US	1
Fort Lee	Virginia	37.4957	-77.33526	US	1
Cumberland	Virginia	37.49598	-78.24527	US	1
Fincastle	Virginia	37.4993	-79.87726	US	1
Licking	Missouri	37.49949	-91.8571	US	1
New Castle	Virginia	37.50013	-80.11088	US	1
El Granada	California	37.50272	-122.46942	US	1
Clearwater	Kansas	37.5028	-97.50449	US	1
Midlothian	Virginia	37.50598	-77.64916	US	1
San Carlos	California	37.50716	-122.26052	US	1
Girard	Kansas	37.51116	-94.83802	US	1
Coal Run Village	Kentucky	37.51316	-82.55849	US	1
New Kent	Virginia	37.51765	-76.97886	US	1
Dixon	Kentucky	37.51782	-87.69029	US	1
Clay Center	Kansas	37.51946	-96.77114	US	1
Douglass	Kansas	37.51946	-97.01281	US	1
Belmont	California	37.52021	-122.2758	US	1
Montrose	Virginia	37.5207	-77.37831	US	1
Highlands-Baywood Park	California	37.52272	-122.34506	US	1
Sandston	Virginia	37.52348	-77.31581	US	1
Bon Air	Virginia	37.52487	-77.55777	US	1
Denair	California	37.52632	-120.79687	US	1
Buchanan	Virginia	37.52736	-79.67976	US	1
Moss Beach	California	37.52744	-122.51331	US	1
Newark	California	37.52966	-122.04024	US	0
Stanford	Kentucky	37.53119	-84.66189	US	1
Cobden	Illinois	37.53144	-89.25342	US	1
West Point	Virginia	37.53153	-76.79635	US	1
Exmore	Virginia	37.5318	-75.82299	US	1
Redwood Shores	California	37.53188	-122.24802	US	0
Fredonia	Kansas	37.53394	-95.82665	US	1
Calhoun	Kentucky	37.53894	-87.25833	US	1
Powhatan	Virginia	37.54209	-77.91889	US	1
Montara	California	37.54216	-122.51609	US	1
Arma	Kansas	37.54394	-94.70024	US	1
Midpines	California	37.54438	-119.92045	US	1
Derby	Kansas	37.54557	-97.26893	US	1
Highland Springs	Virginia	37.54598	-77.32776	US	1
Sturgis	Kentucky	37.54671	-87.98391	US	1
Fremont	California	37.54827	-121.98857	US	1
Buckingham	Virginia	37.55015	-78.55556	US	1
Jackson	Kentucky	37.55315	-83.38351	US	1
Richmond	Virginia	37.55376	-77.46026	US	1
Goreville	Illinois	37.5545	-88.97229	US	1
Deltaville	Virginia	37.55486	-76.33689	US	1
Keyes	California	37.5566	-120.91549	US	1
Rose Hill	Kansas	37.55835	-97.13504	US	1
Foster City	California	37.55855	-122.27108	US	1
Fredericktown	Missouri	37.55978	-90.29401	US	1
San Mateo	California	37.56299	-122.32553	US	1
Haysville	Kansas	37.56446	-97.35227	US	1
Erie	Kansas	37.56811	-95.24331	US	1
Berea	Kentucky	37.56869	-84.29632	US	1
Lebanon	Kentucky	37.56979	-85.25274	US	1
Johnson	Kansas	37.57057	-101.751	US	1
Beattyville	Kentucky	37.57175	-83.70686	US	1
Enterprise	Utah	37.57359	-113.71913	US	1
Hodgenville	Kentucky	37.57395	-85.73996	US	1
Hillsborough	California	37.5741	-122.37942	US	1
Gilbert Creek	West Virginia	37.57594	-81.89484	US	1
Monte Vista	Colorado	37.57917	-106.14808	US	1
East Highland Park	Virginia	37.58098	-77.40693	US	1
Ulysses	Kansas	37.58141	-101.35517	US	1
Mullens	West Virginia	37.58317	-81.38038	US	1
Pineville	West Virginia	37.58317	-81.53705	US	1
Burlingame	California	37.5841	-122.36608	US	1
Amherst	Virginia	37.58514	-79.05141	US	1
Junction City	Kentucky	37.58674	-84.79384	US	1
Tuckahoe	Virginia	37.59015	-77.55638	US	1
Union	West Virginia	37.59151	-80.54368	US	1
Ceres	California	37.59493	-120.95771	US	1
Union City	California	37.59577	-122.01913	US	1
Hughson	California	37.59688	-120.86604	US	1
Ironton	Missouri	37.59727	-90.62734	US	1
Millbrae	California	37.59855	-122.38719	US	1
Bret Harte	California	37.60207	-121.00519	US	0
Greensburg	Kansas	37.6028	-99.29261	US	1
Dumbarton	Virginia	37.60376	-77.49137	US	1
Saluda	Virginia	37.60597	-76.59495	US	1
Sebree	Kentucky	37.60699	-87.52862	US	1
Lakeside	Virginia	37.60765	-77.47693	US	1
Mechanicsville	Virginia	37.60876	-77.37331	US	1
Riverdale Park	California	37.60938	-121.05188	US	1
Shackelford	California	37.61382	-120.99271	US	0
Pacifica	California	37.61383	-122.48692	US	1
Bolivar	Missouri	37.61448	-93.41047	US	1
Caliente	Nevada	37.61496	-114.51194	US	1
West Modesto	California	37.61754	-121.03914	US	1
Lancaster	Kentucky	37.61952	-84.578	US	1
Bystrom	California	37.62076	-120.98577	US	1
Walsenburg	Colorado	37.62418	-104.78026	US	1
Blanding	Utah	37.62433	-109.47966	US	1
Chamberlayne	Virginia	37.62653	-77.42859	US	1
Cheney	Kansas	37.63001	-97.78255	US	1
McConnell AFB	Kansas	37.63007	-97.25869	US	1
San Bruno	California	37.63049	-122.41108	US	1
Glasgow	Virginia	37.63402	-79.45031	US	1
Empire	California	37.63826	-120.90215	US	1
Modesto	California	37.6391	-120.99688	US	1
Waterford	California	37.64132	-120.76048	US	1
Laurel	Virginia	37.64292	-77.50887	US	1
Pratt	Kansas	37.64391	-98.73759	US	1
Buffalo	Missouri	37.64393	-93.09241	US	1
Salem	Missouri	37.6456	-91.53598	US	1
Danville	Kentucky	37.64563	-84.77217	US	1
Kingman	Kansas	37.64585	-98.11367	US	1
Mammoth Lakes	California	37.64855	-118.97208	US	1
Short Pump	Virginia	37.65042	-77.61249	US	1
South San Francisco	California	37.65466	-122.40775	US	1
Longwood - Winton Grove	California	37.65934	-122.10926	US	1
Goddard	Kansas	37.65974	-97.57533	US	1
Pleasanton	California	37.66243	-121.87468	US	1
Prestonsburg	Kentucky	37.66565	-82.77155	US	1
Glen Allen	Virginia	37.66598	-77.50637	US	1
Hayward	California	37.66882	-122.0808	US	1
King and Queen Court House	Virginia	37.66986	-76.87746	US	1
Hinton	West Virginia	37.67401	-80.88925	US	1
San Lorenzo	California	37.67412	-122.13321	US	1
Williamson	West Virginia	37.67427	-82.27736	US	1
Masonville	Kentucky	37.67505	-87.03472	US	1
Colma	California	37.67688	-122.45969	US	1
Cedar City	Utah	37.67748	-113.06189	US	1
Fairview	California	37.67854	-122.0458	US	1
Del Norte	Colorado	37.67889	-106.35337	US	1
Coal City	West Virginia	37.679	-81.21038	US	1
Chanute	Kansas	37.67921	-95.4572	US	1
Cherryland	California	37.67938	-122.1033	US	1
Lebanon	Missouri	37.6806	-92.66379	US	1
Brisbane	California	37.68077	-122.39997	US	1
Livermore	California	37.68187	-121.76801	US	1
Breckinridge Center	Kentucky	37.68282	-87.86308	US	1
Morganfield	Kentucky	37.68338	-87.91669	US	1
Carrier Mills	Illinois	37.68422	-88.63283	US	1
Goochland	Virginia	37.68431	-77.88527	US	1
Springfield	Kentucky	37.68534	-85.22218	US	1
Broadmoor	California	37.6866	-122.48275	US	1
Augusta	Kansas	37.68668	-96.9767	US	1
King William	Virginia	37.68736	-77.01358	US	1
Oceana	West Virginia	37.69206	-81.624	US	1
Wichita	Kansas	37.69224	-97.33754	US	1
Elizabethtown	Kentucky	37.69395	-85.85913	US	1
Castro Valley	California	37.6941	-122.08635	US	1
Ashland	California	37.69465	-122.11385	US	1
Wyndham	Virginia	37.69848	-77.61249	US	1
Stockton	Missouri	37.69893	-93.79604	US	1
Irvine	Kentucky	37.70064	-83.97381	US	1
Dublin	California	37.70215	-121.93579	US	1
Shady Spring	West Virginia	37.70567	-81.09843	US	1
Fort Leonard Wood	Missouri	37.70573	-92.15717	US	1
Salida	California	37.70576	-121.08494	US	1
Daly City	California	37.70577	-122.46192	US	1
Sophia	West Virginia	37.70761	-81.25066	US	1
Goldfield	Nevada	37.70854	-117.23563	US	1
Kilmarnock	Virginia	37.71041	-76.37967	US	1
Onancock	Virginia	37.7118	-75.7491	US	1
Shawneetown	Illinois	37.7131	-88.1867	US	1
Andover	Kansas	37.7139	-97.13643	US	1
Visitacion Valley	California	37.71715	-122.40433	US	0
Accomac	Virginia	37.71957	-75.66548	US	1
Perryville	Missouri	37.72422	-89.86122	US	1
San Leandro	California	37.72493	-122.15608	US	1
Alderson	West Virginia	37.72595	-80.64202	US	1
Carbondale	Illinois	37.72727	-89.21675	US	1
Bayview-Hunters Point	California	37.72855	-122.38107	US	1
Marion	Illinois	37.73061	-88.93313	US	1
Mallory	West Virginia	37.73066	-81.8379	US	1
Campton	Kentucky	37.73425	-83.54741	US	1
Buena Vista	Virginia	37.7343	-79.35392	US	1
Riverbank	California	37.73604	-120.93549	US	1
Harrisburg	Illinois	37.73838	-88.54061	US	1
Tracy	California	37.73987	-121.42618	US	1
Crab Orchard	West Virginia	37.74067	-81.23066	US	1
Yosemite Valley	California	37.74075	-119.57788	US	1
Ripon	California	37.74159	-121.12438	US	1
Parkside	California	37.74197	-122.4863	US	1
Daniels	West Virginia	37.74327	-81.12408	US	1
Del Rio	California	37.74354	-121.01188	US	1
Central Garage	Virginia	37.74403	-77.13164	US	1
Beaver	West Virginia	37.74781	-81.14352	US	1
Richmond	Kentucky	37.74786	-84.29465	US	1
Ronceverte	West Virginia	37.74984	-80.46285	US	1
Noe Valley	California	37.75018	-122.43369	US	0
Crainville	Illinois	37.75199	-89.06785	US	1
Salyersville	Kentucky	37.75259	-83.06878	US	1
Dodge City	Kansas	37.7528	-100.01708	US	1
Center	Colorado	37.75306	-106.10864	US	1
Weber City	Virginia	37.75514	-78.28389	US	1
MacArthur	West Virginia	37.75845	-81.2126	US	1
Ashland	Virginia	37.75903	-77.47998	US	1
Lovingston	Virginia	37.75986	-78.87086	US	1
Mission District	California	37.75993	-122.41914	US	0
Carterville	Illinois	37.76005	-89.0773	US	1
Harrodsburg	Kentucky	37.7623	-84.84329	US	1
Bellaire	Kansas	37.76251	-97.26699	US	1
Murphysboro	Illinois	37.7645	-89.33509	US	1
Dove Creek	Colorado	37.7661	-108.90594	US	1
Hanover	Virginia	37.76653	-77.37026	US	1
Oakdale	California	37.76659	-120.84715	US	1
Bismarck	Missouri	37.76922	-90.62485	US	1
Lancaster	Virginia	37.76986	-76.46634	US	1
Mabscott	West Virginia	37.77095	-81.20843	US	1
Alameda	California	37.77099	-122.26087	US	1
Van Lear	Kentucky	37.77121	-82.75794	US	1
Knottsville	Kentucky	37.77172	-86.90416	US	1
Enoch	Utah	37.77331	-113.02439	US	1
Energy	Illinois	37.77394	-89.02646	US	1
Owensboro	Kentucky	37.77422	-87.11333	US	1
San Francisco	California	37.77493	-122.41942	US	1
Fairlawn	Virginia	37.77624	-79.982	US	1
Beckley	West Virginia	37.77817	-81.18816	US	1
Colwich	Kansas	37.77918	-97.53644	US	1
Maize	Kansas	37.77918	-97.46727	US	1
San Ramon	California	37.77993	-121.97802	US	1
Hardinsburg	Kentucky	37.78006	-86.46053	US	1
Fairlea	West Virginia	37.78068	-80.45702	US	1
Farmington	Missouri	37.78088	-90.42179	US	1
Cambria	Illinois	37.78144	-89.11925	US	1
Mountain House	California	37.78326	-121.54273	US	1
Lexington	Virginia	37.78402	-79.44282	US	1
East Oakdale	California	37.78798	-120.80382	US	1
East Lexington	Virginia	37.79291	-79.42532	US	1
Covington	Virginia	37.79346	-79.99395	US	1
Humansville	Missouri	37.79448	-93.57798	US	1
Kechi	Kansas	37.79585	-97.27949	US	1
White Sulphur Springs	West Virginia	37.79651	-80.29757	US	1
Manteca	California	37.79743	-121.21605	US	1
Towanda	Kansas	37.79752	-96.99976	US	1
Escalon	California	37.79781	-120.99792	US	1
Chinatown	California	37.79993	-122.27025	US	0
Park City	Kansas	37.80001	-97.31838	US	1
Lewisburg	West Virginia	37.80179	-80.44563	US	1
Herrin	Illinois	37.80311	-89.02757	US	1
Oakland	California	37.80437	-122.2708	US	1
Cimarron	Kansas	37.80669	-100.3482	US	1
Bardstown	Kentucky	37.80923	-85.4669	US	1
Vine Grove	Kentucky	37.81007	-85.98135	US	1
Humboldt	Kansas	37.8106	-95.43693	US	1
Silverton	Colorado	37.81194	-107.66451	US	1
Eldorado	Illinois	37.81366	-88.4381	US	1
Paintsville	Kentucky	37.81454	-82.80711	US	1
Stanaford	West Virginia	37.81595	-81.15232	US	1
Clifton Forge	Virginia	37.81624	-79.82449	US	1
El Dorado	Kansas	37.81724	-96.86225	US	1
De Soto	Illinois	37.81755	-89.22786	US	1
Johnston City	Illinois	37.82061	-88.92757	US	1
Blackhawk	California	37.82076	-121.90774	US	1
Danville	California	37.82159	-121.99996	US	1
Lathrop	California	37.8227	-121.27661	US	1
Panguitch	Utah	37.82276	-112.43576	US	1
Eureka	Kansas	37.82392	-96.28917	US	1
Piedmont	California	37.82437	-122.23163	US	0
Saint Robert	Missouri	37.8281	-92.17767	US	1
Waynesville	Missouri	37.82865	-92.20072	US	1
Emeryville	California	37.83132	-122.28525	US	1
Cloverport	Kentucky	37.83339	-86.63276	US	1
Lebanon Junction	Kentucky	37.83451	-85.7319	US	1
Valley Center	Kansas	37.83473	-97.37338	US	1
Diablo	California	37.83493	-121.95801	US	1
Moraga	California	37.83493	-122.12969	US	1
Henderson	Kentucky	37.83615	-87.59001	US	1
Prosperity	West Virginia	37.8365	-81.20177	US	1
Elvins	Missouri	37.83672	-90.5329	US	1
Mount Gay-Shamrock	West Virginia	37.83857	-82.0297	US	1
Nevada	Missouri	37.83921	-94.35467	US	1
Fort Scott	Kansas	37.83976	-94.7083	US	1
Radcliff	Kentucky	37.84035	-85.94913	US	1
Parowan	Utah	37.8422	-112.828	US	1
Stanton	Kentucky	37.84564	-83.85825	US	1
Logan	West Virginia	37.84871	-81.99346	US	1
Creede	Colorado	37.84917	-106.92643	US	1
Flat River	Missouri	37.85005	-90.51679	US	1
Alamo	California	37.8502	-122.03218	US	1
Esther	Missouri	37.85033	-90.49874	US	1
Park Hills	Missouri	37.85422	-90.51818	US	1
Richland	Missouri	37.85698	-92.40434	US	1
Sausalito	California	37.85909	-122.48525	US	1
Clay City	Kentucky	37.85925	-83.91853	US	1
Palmyra	Virginia	37.86097	-78.26334	US	1
Wilmore	Kentucky	37.86202	-84.66161	US	1
Bradley	West Virginia	37.86539	-81.19399	US	1
Inez	Kentucky	37.86648	-82.53876	US	1
Byron	California	37.86715	-121.63801	US	1
Leadwood	Missouri	37.86727	-90.59318	US	1
Marin City	California	37.86854	-122.50914	US	1
Desloge	Missouri	37.87088	-90.52735	US	1
Monticello	Utah	37.87138	-109.34289	US	1
Berkeley	California	37.87159	-122.27275	US	1
Tiburon	California	37.87354	-122.45664	US	1
El Dorado Springs	Missouri	37.87698	-94.02133	US	1
Royalton	Illinois	37.87699	-89.11452	US	1
Orinda	California	37.87715	-122.17969	US	1
Tamalpais-Homestead Valley	California	37.87834	-122.53625	US	1
Tamalpais Valley	California	37.87965	-122.54581	US	1
Irvington	Kentucky	37.88034	-86.28386	US	1
Nicholasville	Kentucky	37.88063	-84.573	US	1
Yates Center	Kansas	37.88115	-95.73332	US	1
French Camp	California	37.88409	-121.27106	US	1
Saranap	California	37.88492	-122.07607	US	1
Lafayette	California	37.88576	-122.11802	US	1
Albany	California	37.88687	-122.29775	US	1
Nellysford	Virginia	37.89042	-78.87224	US	1
Fort Knox	Kentucky	37.89113	-85.96363	US	1
Mount Hope	West Virginia	37.89539	-81.16427	US	1
Strawberry	California	37.89687	-122.50886	US	1
West Frankfort	Illinois	37.89783	-88.93146	US	1
Haven	Kansas	37.8989	-97.78283	US	1
Zeigler	Illinois	37.89949	-89.05202	US	1
Hawesville	Kentucky	37.90006	-86.75499	US	1
Acalanes Ridge	California	37.90472	-122.07857	US	1
Mill Valley	California	37.90604	-122.54498	US	1
Walnut Creek	California	37.90631	-122.06496	US	1
Discovery Bay	California	37.90854	-121.60023	US	1
Bolinas	California	37.90937	-122.68637	US	1
Bloomfield	Kentucky	37.91034	-85.31662	US	1
Kensington	California	37.91048	-122.28025	US	1
Cannelton	Indiana	37.91144	-86.74443	US	1
Terre du Lac	Missouri	37.91172	-90.62541	US	1
Chester	Illinois	37.91366	-89.82205	US	1
Taft Mosswood	California	37.91385	-121.28316	US	0
El Cerrito	California	37.91576	-122.31164	US	1
Sedgwick	Kansas	37.91668	-97.42254	US	1
Heathsville	Virginia	37.91763	-76.47217	US	1
West Liberty	Kentucky	37.92148	-83.25962	US	1
Kinsley	Kansas	37.92307	-99.40984	US	1
Bonne Terre	Missouri	37.92311	-90.5554	US	1
Lake Monticello	Virginia	37.9232	-78.33473	US	1
Iola	Kansas	37.92448	-95.39998	US	1
Tappahannock	Virginia	37.92541	-76.85913	US	1
Corte Madera	California	37.92548	-122.52748	US	1
Waldon	California	37.92631	-122.05552	US	1
Contra Costa Centre	California	37.92752	-122.05786	US	1
Pioche	Nevada	37.92969	-114.45221	US	1
Kennedy	California	37.92992	-121.25272	US	1
Mountain Village	Colorado	37.93138	-107.85645	US	1
Brentwood	California	37.93187	-121.69579	US	1
Mount Vernon	Indiana	37.93227	-87.89503	US	1
Chincoteague	Virginia	37.93318	-75.37881	US	1
Wattsville	Virginia	37.93401	-75.49965	US	1
Larkspur	California	37.93409	-122.53525	US	1
Richmond	California	37.93576	-122.34775	US	1
Potosi	Missouri	37.93644	-90.78791	US	1
Lewisport	Kentucky	37.937	-86.90221	US	1
Telluride	Colorado	37.93749	-107.81229	US	1
Lakin	Kansas	37.94058	-101.25489	US	1
Clayton	California	37.94103	-121.93579	US	1
Hermitage	Missouri	37.94142	-93.31631	US	1
Newburgh	Indiana	37.94449	-87.40529	US	1
East Richmond Heights	California	37.94492	-122.31358	US	1
Colorado City	Colorado	37.94529	-104.83526	US	1
Pleasant Hill	California	37.94798	-122.0608	US	1
Crocker	Missouri	37.94893	-92.26378	US	1
Frenchburg	Kentucky	37.95092	-83.62575	US	1
Rolla	Missouri	37.95143	-91.77127	US	1
Tell City	Indiana	37.95144	-86.76777	US	1
Kentfield	California	37.95215	-122.5572	US	1
Jamestown	California	37.95326	-120.4227	US	1
Doe Valley	Kentucky	37.95665	-86.11653	US	1
Stockton	California	37.9577	-121.29078	US	1
Warsaw	Virginia	37.95874	-76.75801	US	1
North Richmond	California	37.95881	-122.36747	US	1
San Pablo	California	37.96215	-122.34553	US	1
Ross	California	37.96242	-122.55498	US	1
Tuolumne City	California	37.9627	-120.2413	US	1
Garden Acres	California	37.96381	-121.22939	US	1
Elkfork	Kentucky	37.96481	-83.13295	US	1
Rollingwood	California	37.9652	-122.32997	US	1
Steelville	Missouri	37.9681	-91.35487	US	1
Rainelle	West Virginia	37.96873	-80.76703	US	1
Country Club	California	37.96881	-121.34078	US	0
Knightsen	California	37.96881	-121.66801	US	1
Garden City	Kansas	37.97169	-100.87266	US	1
Oak Hill	West Virginia	37.97233	-81.14871	US	1
Christopher	Illinois	37.97255	-89.05341	US	1
San Rafael	California	37.97353	-122.53109	US	1
Jeffersonville	Kentucky	37.97369	-83.84186	US	1
Chapmanville	West Virginia	37.97371	-82.01735	US	1
San Anselmo	California	37.97465	-122.56164	US	1
Evansville	Indiana	37.97476	-87.55585	US	1
El Sobrante	California	37.97715	-122.29525	US	1
East Sonora	California	37.9777	-120.3613	US	1
Concord	California	37.97798	-122.03107	US	1
August	California	37.97881	-121.26217	US	1
Syracuse	Kansas	37.98071	-101.7543	US	1
Copperopolis	California	37.98104	-120.64187	US	1
Norris City	Illinois	37.98116	-88.32921	US	1
Sainte Genevieve	Missouri	37.98144	-90.04178	US	1
Crisfield	Maryland	37.98346	-75.85382	US	1
Pacheco	California	37.98353	-122.07524	US	1
Sonora	California	37.98409	-120.38214	US	1
Soulsbyville	California	37.98465	-120.2638	US	1
La Junta	Colorado	37.98501	-103.54383	US	1
Holcomb	Kansas	37.98614	-100.98933	US	1
Fairfax	California	37.98715	-122.58887	US	1
Shepherdsville	Kentucky	37.9884	-85.71579	US	1
Lexington	Kentucky	37.98869	-84.47772	US	1
Captains Cove	Virginia	37.98996	-75.42272	US	1
Winchester	Kentucky	37.99008	-84.17965	US	1
Dixon	Missouri	37.99171	-92.09378	US	1
Tara Hills	California	37.99353	-122.31636	US	1
Camargo	Kentucky	37.99425	-83.8877	US	1
Montalvin	California	37.99548	-122.33275	US	1
Benton	Illinois	37.99672	-88.92007	US	1
Saint James	Missouri	37.99726	-91.61432	US	1
Oakley	California	37.99742	-121.71245	US	1
Mono Vista	California	37.9977	-120.26991	US	1
Santa Venetia	California	37.99853	-122.52525	US	1
Brandenburg	Kentucky	37.99896	-86.16941	US	1
Halstead	Kansas	38.0014	-97.50865	US	1
Saint John	Kansas	38.00224	-98.76009	US	1
Pinole	California	38.00437	-122.29886	US	1
Antioch	California	38.00492	-121.80579	US	1
Lincoln Village	California	38.0052	-121.32828	US	0
Phoenix Lake	California	38.00594	-120.30702	US	1
Steeleville	Illinois	38.00727	-89.65843	US	1
Camdenton	Missouri	38.00809	-92.74463	US	1
Vine Hill	California	38.00853	-122.09608	US	1
Mountain View	California	38.00881	-122.11746	US	1
Sleepy Hollow	California	38.01048	-122.58442	US	1
Du Quoin	Illinois	38.01144	-89.23619	US	1
Woodacre	California	38.0127	-122.64526	US	1
Bethel Island	California	38.01492	-121.64051	US	1
Hercules	California	38.01714	-122.28858	US	1
Lagunitas-Forest Knolls	California	38.01793	-122.69124	US	1
Martinez	California	38.01937	-122.13413	US	1
Linden	California	38.02131	-121.08383	US	1
Ouray	Colorado	38.02277	-107.67145	US	1
Louisa	Virginia	38.02514	-78.00416	US	1
Mount Vernon	Kentucky	38.02563	-84.49522	US	1
Melody Hill	Indiana	38.02615	-87.51585	US	1
Pittsburg	California	38.02798	-121.88468	US	1
South Hutchinson	Kansas	38.02807	-97.94033	US	1
Bay Point	California	38.02909	-121.96163	US	1
Lyndhurst	Virginia	38.0293	-78.94502	US	1
Charlottesville	Virginia	38.02931	-78.47668	US	1
Lake City	Colorado	38.03	-107.31533	US	1
Stuarts Draft	Virginia	38.03014	-79.03364	US	1
Taylorsville	Kentucky	38.03173	-85.34245	US	1
Rodeo	California	38.03298	-122.26691	US	1
Pantops	Virginia	38.03379	-78.45507	US	1
Columbia	California	38.03631	-120.40131	US	1
Lawrenceburg	Kentucky	38.0373	-84.89662	US	1
Morada	California	38.03853	-121.24578	US	1
Twain Harte	California	38.03965	-120.23269	US	1
Highland	Indiana	38.03976	-87.57307	US	1
Lucas Valley-Marinwood	California	38.04011	-122.5755	US	1
Chandler	Indiana	38.04171	-87.36806	US	1
Warm Springs	Virginia	38.04624	-79.79061	US	1
Newton	Kansas	38.04668	-97.34504	US	1
Osceola	Missouri	38.0467	-93.70438	US	1
Boonville	Indiana	38.04921	-87.27417	US	1
Benicia	California	38.04937	-122.15858	US	1
Hebron Estates	Kentucky	38.04951	-85.66607	US	1
Bowling Green	Virginia	38.04958	-77.34665	US	1
Lexington-Fayette	Kentucky	38.0498	-84.45855	US	1
Mount Washington	Kentucky	38.05006	-85.54579	US	1
Crockett	California	38.05242	-122.21302	US	1
Rocky Ford	Colorado	38.05251	-103.72023	US	1
Versailles	Kentucky	38.05258	-84.72995	US	1
Fayetteville	West Virginia	38.05289	-81.10399	US	1
Mount Sterling	Kentucky	38.05647	-83.94326	US	1
Pioneer Village	Kentucky	38.06062	-85.67774	US	1
Hutchinson	Kansas	38.06084	-97.92977	US	1
Brooks	Kentucky	38.06118	-85.70968	US	1
Cuba	Missouri	38.06282	-91.40348	US	1
Cedar Ridge	California	38.06576	-120.27686	US	1
Las Animas	Colorado	38.06667	-103.22271	US	1
Madison	West Virginia	38.06705	-81.81929	US	1
Tonopah	Nevada	38.06716	-117.23008	US	1
Angels Camp	California	38.06826	-120.53965	US	1
Waynesboro	Virginia	38.06847	-78.88947	US	1
Crozet	Virginia	38.06958	-78.70058	US	1
Hillview	Kentucky	38.06979	-85.68551	US	1
North Newton	Kansas	38.07223	-97.34559	US	1
Pocomoke City	Maryland	38.07568	-75.56798	US	1
Pinckneyville	Illinois	38.08033	-89.38203	US	1
Jetmore	Kansas	38.08446	-99.89346	US	1
Sandy Hook	Kentucky	38.08647	-83.12628	US	1
Lamar	Colorado	38.08723	-102.62075	US	1
Saguache	Colorado	38.0875	-106.14197	US	1
Carmi	Illinois	38.09088	-88.15865	US	1
Sesser	Illinois	38.09172	-89.05035	US	1
McLeansboro	Illinois	38.09338	-88.53561	US	1
Montross	Virginia	38.09513	-76.82746	US	1
Rich Hill	Missouri	38.09642	-94.36106	US	1
Fishersville	Virginia	38.09902	-78.96919	US	1
Darmstadt	Indiana	38.09921	-87.57891	US	1
Elk Creek	Kentucky	38.10034	-85.37107	US	1
Inverness	California	38.10103	-122.85694	US	1
Vallejo	California	38.10409	-122.25664	US	1
Fairdale	Kentucky	38.10507	-85.75885	US	1
Novato	California	38.10742	-122.5697	US	1
Dooms	Virginia	38.10902	-78.85752	US	1
Jolivue	Virginia	38.10985	-79.07308	US	1
Valley Station	Kentucky	38.11118	-85.87024	US	1
Louisa	Kentucky	38.11425	-82.60321	US	1
Black Point-Green Point	California	38.11547	-122.51318	US	1
Hollymead	Virginia	38.11708	-78.44168	US	1
Santa Claus	Indiana	38.12005	-86.91416	US	1
Sparta	Illinois	38.12311	-89.70177	US	1
Heritage Creek	Kentucky	38.12368	-85.71968	US	1
Rancho Calaveras	California	38.12742	-120.85827	US	1
Fowler	Colorado	38.12917	-104.02329	US	1
Osage Beach	Missouri	38.12956	-92.65277	US	1
Lodi	California	38.1302	-121.27245	US	1
Buhler	Kansas	38.13445	-97.77005	US	1
Westcliffe	Colorado	38.13472	-105.46584	US	1
Ansted	West Virginia	38.13622	-81.09955	US	1
Gordonsville	Virginia	38.13736	-78.18778	US	1
Murphys	California	38.13762	-120.46105	US	1
Hesston	Kansas	38.13834	-97.43143	US	1
De Soto	Missouri	38.1395	-90.55513	US	1
Okolona	Kentucky	38.14118	-85.68774	US	1
Mound City	Kansas	38.14281	-94.81357	US	1
Highview	Kentucky	38.14285	-85.62413	US	1
Owingsville	Kentucky	38.1448	-83.76408	US	1
Pleasure Ridge Park	Kentucky	38.14535	-85.8583	US	0
Nickerson	Kansas	38.14723	-98.08367	US	1
Staunton	Virginia	38.14991	-79.0732	US	1
Midway	Kentucky	38.15091	-84.68383	US	1
Ina	Illinois	38.15116	-88.90396	US	1
Crimora	Virginia	38.15402	-78.8503	US	1
Woodbridge	California	38.15408	-121.30134	US	1
Bourbon	Missouri	38.15477	-91.24403	US	1
Fern Creek	Kentucky	38.15979	-85.58774	US	1
Newburg	Kentucky	38.16007	-85.65968	US	1
Lockeford	California	38.16353	-121.14994	US	1
Rio Vista	California	38.16389	-121.69583	US	1
Forest Meadows	California	38.16851	-120.40659	US	1
Dale	Indiana	38.16894	-86.99	US	1
Peabody	Kansas	38.16946	-97.1067	US	1
Poseyville	Indiana	38.17004	-87.78308	US	1
American Canyon	California	38.17492	-122.2608	US	1
Snow Hill	Maryland	38.17706	-75.3927	US	1
Pleasanton	Kansas	38.17781	-94.71135	US	1
Montgomery	West Virginia	38.18038	-81.32845	US	1
Larned	Kansas	38.18057	-99.09871	US	1
Morehead	Kentucky	38.18397	-83.43268	US	1
Vienna	Missouri	38.18671	-91.94711	US	1
Saint Dennis	Kentucky	38.1884	-85.8458	US	1
Appleton City	Missouri	38.19058	-94.02939	US	1
Valley Springs	California	38.19159	-120.8291	US	1
Watterson Park	Kentucky	38.19229	-85.68329	US	1
Jeffersontown	Kentucky	38.19424	-85.5644	US	1
Burlington	Kansas	38.19447	-95.74276	US	1
Buechel	Kentucky	38.19507	-85.6519	US	1
San Andreas	California	38.19603	-120.68049	US	1
West Buechel	Kentucky	38.19701	-85.66329	US	1
Spotsylvania Courthouse	Virginia	38.19791	-77.58777	US	1
Four Seasons	Missouri	38.19809	-92.71102	US	1
Lake Ozark	Missouri	38.19864	-92.6388	US	1
Shively	Kentucky	38.20007	-85.82274	US	1
Frankfort	Kentucky	38.20091	-84.87328	US	1
Spotsylvania	Virginia	38.20096	-77.58915	US	1
Verona	Virginia	38.20208	-79.00836	US	1
Princess Anne	Maryland	38.2029	-75.69243	US	1
Moundridge	Kansas	38.20307	-97.51921	US	1
Audubon Park	Kentucky	38.20396	-85.72524	US	1
Haubstadt	Indiana	38.20504	-87.57419	US	1
Sullivan	Missouri	38.2081	-91.16042	US	1
Georgetown	Kentucky	38.2098	-84.55883	US	1
Paris	Kentucky	38.2098	-84.25299	US	1
Sterling	Kansas	38.21001	-98.20701	US	1
Red Bud	Illinois	38.21172	-89.99427	US	1
Corydon	Indiana	38.21201	-86.12192	US	1
Shelbyville	Kentucky	38.21201	-85.22357	US	1
Dogtown	California	38.21381	-121.08855	US	1
Collierville	California	38.21464	-121.26884	US	1
Ordway	Colorado	38.21806	-103.75606	US	1
Festus	Missouri	38.22061	-90.39595	US	1
Crystal City	Missouri	38.22117	-90.37901	US	1
Hurstbourne Acres	Kentucky	38.22118	-85.58913	US	1
Wayne	West Virginia	38.22147	-82.44237	US	1
Simpsonville	Kentucky	38.22257	-85.35523	US	1
Chesapeake	West Virginia	38.22344	-81.53623	US	1
Marlinton	West Virginia	38.22345	-80.09451	US	1
Ferdinand	Indiana	38.22394	-86.86222	US	1
Richwood	West Virginia	38.22484	-80.53314	US	1
Thornton	California	38.22603	-121.42467	US	1
Saint Regis Park	Kentucky	38.22674	-85.61663	US	1
Mountain Ranch	California	38.22825	-120.54076	US	1
Inman	Kansas	38.23195	-97.77338	US	1
Belle	West Virginia	38.23205	-81.53762	US	1
Hillsboro	Missouri	38.23228	-90.5629	US	1
Petaluma	California	38.23242	-122.63665	US	1
Tuscumbia	Missouri	38.23309	-92.45852	US	1
Ruckersville	Virginia	38.23319	-78.36917	US	1
Junction	Utah	38.23748	-112.21993	US	1
Douglass Hills	Kentucky	38.23785	-85.55274	US	1
Hurstbourne	Kentucky	38.23813	-85.58829	US	1
Suisun	California	38.23825	-122.04024	US	1
Walnut Grove	California	38.24214	-121.51162	US	1
Warsaw	Missouri	38.24308	-93.38187	US	1
Middletown	Kentucky	38.24535	-85.53885	US	1
Marmet	West Virginia	38.24538	-81.56706	US	1
Orange	Virginia	38.24541	-78.11083	US	1
Twin Lakes	Virginia	38.24927	-78.44378	US	1
Fairfield	California	38.24936	-122.03997	US	1
Marissa	Illinois	38.25005	-89.7501	US	1
Fort Branch	Indiana	38.25116	-87.58113	US	1
Saint Matthews	Kentucky	38.25285	-85.65579	US	1
Louisville	Kentucky	38.25424	-85.75941	US	1
Pueblo	Colorado	38.25445	-104.60914	US	1
Colonial Beach	Virginia	38.25457	-76.96358	US	1
Galt	California	38.25464	-121.29995	US	1
Beechwood Village	Kentucky	38.25479	-85.63135	US	1
Arnold	California	38.25547	-120.35103	US	1
Bridgeport	California	38.25575	-119.23127	US	1
Lyndon	Kentucky	38.25674	-85.60163	US	1
Grayville	Illinois	38.25755	-87.99364	US	1
Cobb Island	Maryland	38.25846	-76.84386	US	1
Butler	Missouri	38.25863	-94.33051	US	1
Temelec	California	38.26658	-122.49276	US	1
Anchorage	Kentucky	38.26674	-85.53302	US	1
Lexington Park	Maryland	38.26679	-76.45384	US	1
Grottoes	Virginia	38.26735	-78.82586	US	1
King George	Virginia	38.26818	-77.18442	US	1
Herculaneum	Missouri	38.26839	-90.38012	US	1
Owensville	Indiana	38.27199	-87.6878	US	1
Indian Hills	Kentucky	38.27257	-85.66274	US	1
Graymoor-Devondale	Kentucky	38.27313	-85.62302	US	1
Windy Hills	Kentucky	38.27396	-85.63441	US	1
Riverview	Missouri	38.27586	-93.06964	US	1
Beaver	Utah	38.27691	-112.64105	US	1
Jeffersonville	Indiana	38.27757	-85.73718	US	1
Hamlin	West Virginia	38.2787	-82.10292	US	1
Indian Hills Cherokee Section	Kentucky	38.27951	-85.64996	US	1
Garnett	Kansas	38.28058	-95.24192	US	1
Summersville	West Virginia	38.28122	-80.8526	US	1
Rand	West Virginia	38.2826	-81.56234	US	1
Pevely	Missouri	38.28339	-90.39512	US	1
New Albany	Indiana	38.28562	-85.82413	US	1
Belle	Missouri	38.28588	-91.72044	US	1
Riverside	Missouri	38.28672	-90.38012	US	1
Alum Creek	West Virginia	38.28676	-81.80513	US	1
Northfield	Kentucky	38.28701	-85.64107	US	1
Weyers Cave	Virginia	38.28846	-78.91308	US	1
Leonardtown	Maryland	38.29124	-76.63579	US	1
Sonoma	California	38.29186	-122.45804	US	1
Georgetown	Indiana	38.29451	-85.97552	US	1
Herald	California	38.29575	-121.24439	US	1
Clarksville	Indiana	38.29674	-85.75996	US	1
Napa	California	38.29714	-122.28553	US	1
Barbourmeade	Kentucky	38.29729	-85.60329	US	1
Passapatanzy	Virginia	38.29735	-77.31415	US	1
Stanardsville	Virginia	38.29735	-78.44001	US	1
El Verano	California	38.29769	-122.49165	US	1
Huntingburg	Indiana	38.29894	-86.955	US	1
Penngrove	California	38.29964	-122.66665	US	1
Olive Hill	Kentucky	38.30008	-83.17407	US	1
California	Maryland	38.3004	-76.50745	US	1
Fredericksburg	Virginia	38.30318	-77.46054	US	1
Valmeyer	Illinois	38.30561	-90.27651	US	1
Oak Park	Indiana	38.30562	-85.69635	US	1
Worthington Hills	Kentucky	38.30896	-85.5269	US	1
Pewee Valley	Kentucky	38.31062	-85.48746	US	1
Carlisle	Kentucky	38.31202	-84.02743	US	1
Boyes Hot Springs	California	38.3138	-122.48193	US	1
Coldstream	Kentucky	38.31479	-85.52385	US	1
Mount Vernon	Illinois	38.31727	-88.90312	US	1
Coal Fork	West Virginia	38.3176	-81.52095	US	1
Solomons	Maryland	38.31846	-76.45412	US	1
Fetters Hot Springs-Agua Caliente	California	38.3214	-122.48682	US	1
Fruitland	Maryland	38.32206	-75.6202	US	1
Berlin	Maryland	38.32262	-75.21769	US	1
Lavalette	West Virginia	38.32286	-82.44682	US	1
Orchard Grass Hills	Kentucky	38.32368	-85.52135	US	1
Falmouth	Virginia	38.32402	-77.46832	US	1
Agua Caliente	California	38.32408	-122.48804	US	1
Crestwood	Kentucky	38.32424	-85.47246	US	1
New Athens	Illinois	38.32644	-89.87705	US	1
Drum Point	Maryland	38.32679	-76.42606	US	1
Cotati	California	38.32686	-122.70721	US	1
Craigsville	West Virginia	38.33067	-80.65315	US	1
Dahlgren	Virginia	38.33124	-77.05109	US	1
West Ocean City	Maryland	38.3315	-75.10685	US	1
Grayson	Kentucky	38.33258	-82.9485	US	1
Bodega Bay	California	38.33325	-123.04806	US	1
Lake of the Woods	Virginia	38.33422	-77.75969	US	1
English	Indiana	38.3345	-86.46415	US	1
Waterloo	Illinois	38.33589	-90.14983	US	1
Clay	California	38.33602	-121.15939	US	1
Ocean City	Maryland	38.3365	-75.08491	US	1
Oakland City	Indiana	38.33866	-87.34501	US	1
Rohnert Park	California	38.33964	-122.7011	US	1
Tornado	West Virginia	38.34287	-81.8443	US	1
Nashville	Illinois	38.34366	-89.38064	US	1
Barnhart	Missouri	38.34422	-90.39345	US	1
Lyons	Kansas	38.34501	-98.20173	US	1
Prospect	Kentucky	38.34507	-85.61552	US	1
Southern Gateway	Virginia	38.34507	-77.50352	US	1
Wayne City	Illinois	38.34533	-88.58783	US	1
Saint Clair	Missouri	38.34533	-90.98097	US	1
Owensville	Missouri	38.3456	-91.50155	US	1
Chesapeake Ranch Estates	Maryland	38.34624	-76.41773	US	1
Marion	Kansas	38.34835	-97.01725	US	1
Eldon	Missouri	38.34836	-92.58158	US	1
Eldridge	California	38.3488	-122.51081	US	1
Jackson	California	38.3488	-120.7741	US	1
Charleston	West Virginia	38.34982	-81.63262	US	1
Pueblo West	Colorado	38.35	-104.72275	US	1
La Cygne	Kansas	38.35002	-94.76135	US	1
Chesapeake Ranch Estates-Drum Point	Maryland	38.35022	-76.41889	US	1
Galena	Indiana	38.35173	-85.94164	US	1
Hillsboro	Kansas	38.35196	-97.20447	US	1
Ione	California	38.35269	-120.93272	US	1
Cedar Hill	Missouri	38.35339	-90.64124	US	1
Lusby	Maryland	38.355	-76.437	US	1
Princeton	Indiana	38.35532	-87.56752	US	1
Ellinwood	Kansas	38.35557	-98.58091	US	1
Vacaville	California	38.35658	-121.98774	US	1
Dunbar	West Virginia	38.36065	-81.73735	US	1
Salisbury	Maryland	38.36067	-75.59937	US	1
Great Bend	Kansas	38.36446	-98.76481	US	1
South Charleston	West Virginia	38.36843	-81.69957	US	1
Clinton	Missouri	38.36863	-93.77827	US	1
Imperial	Missouri	38.36978	-90.37845	US	1
Eminence	Kentucky	38.37007	-85.18051	US	1
McPherson	Kansas	38.37084	-97.66421	US	1
Cottonwood Falls	Kansas	38.37224	-96.54278	US	1
Albion	Illinois	38.37755	-88.05615	US	1
Fairfield	Illinois	38.37894	-88.35977	US	1
Madison	Virginia	38.38041	-78.2575	US	1
Bridgewater	Virginia	38.38207	-78.9767	US	1
Buckner	Kentucky	38.38368	-85.43996	US	1
Saint Albans	West Virginia	38.38565	-81.83624	US	1
Florence	Colorado	38.39028	-105.1186	US	1
Cynthiana	Kentucky	38.39035	-84.2941	US	1
Lincoln	Missouri	38.39086	-93.33465	US	1
Jasper	Indiana	38.39144	-86.93111	US	1
Sutter Creek	California	38.39297	-120.80244	US	1
Ocean Pines	Maryland	38.39539	-75.15574	US	1
Pittsville	Maryland	38.39539	-75.41297	US	1
Ceredo	West Virginia	38.39647	-82.55877	US	1
Milford	Utah	38.39691	-113.01079	US	1
Adrian	Missouri	38.39752	-94.35162	US	1
Sellersburg	Indiana	38.39812	-85.75496	US	1
Kenova	West Virginia	38.39897	-82.57821	US	1
Gerald	Missouri	38.39977	-91.33071	US	1
Massanetta Springs	Virginia	38.4004	-78.83419	US	1
Yountville	California	38.40158	-122.36081	US	1
Sebastopol	California	38.40214	-122.82388	US	1
Loa	Utah	38.40276	-111.64296	US	1
Emporia	Kansas	38.4039	-96.18166	US	1
Catlettsburg	Kentucky	38.4048	-82.60044	US	1
Burlington	Ohio	38.4073	-82.53571	US	1
Occidental	California	38.40741	-122.94833	US	1
La Grange	Kentucky	38.40757	-85.37885	US	1
Elkton	Virginia	38.4079	-78.62363	US	1
Smithton	Illinois	38.40866	-89.99205	US	1
Pinch	West Virginia	38.40871	-81.48179	US	1
Elk Grove	California	38.4088	-121.37162	US	1
Barboursville	West Virginia	38.40953	-82.29459	US	1
Massanutten	Virginia	38.40957	-78.7378	US	1
Mount Carmel	Illinois	38.41088	-87.76142	US	1
Red Corral	California	38.41165	-120.60552	US	1
Wilton	California	38.41186	-121.27217	US	1
Monterey	Virginia	38.41234	-79.5806	US	1
Meads	Kentucky	38.41258	-82.70905	US	1
Pine Grove	California	38.41297	-120.65882	US	1
Kenwood	California	38.4138	-122.54609	US	1
Pea Ridge	West Virginia	38.41397	-82.31987	US	1
Nitro	West Virginia	38.41481	-81.84402	US	1
Dayton	Virginia	38.41485	-78.93864	US	1
LaBarque Creek	Missouri	38.41701	-90.67989	US	1
Hartley	California	38.41713	-121.94691	US	1
South Point	Ohio	38.41786	-82.58627	US	1
Huntington	West Virginia	38.41925	-82.44515	US	1
Culloden	West Virginia	38.42009	-82.05542	US	1
Hebron	Maryland	38.42012	-75.68771	US	1
Cross Lanes	West Virginia	38.42037	-81.79068	US	1
Laguna	California	38.42102	-121.42384	US	0
Brightwood	Virginia	38.42152	-78.19361	US	1
Stafford	Virginia	38.42207	-77.40832	US	1
Roseland	California	38.42213	-122.72804	US	0
Flemingsburg	Kentucky	38.4223	-83.73381	US	1
Penrose	Colorado	38.425	-105.02276	US	1
Camp Meeker	California	38.42519	-122.95944	US	1
Freeburg	Illinois	38.42755	-89.91371	US	1
Lincoln Park	Colorado	38.42916	-105.21999	US	1
Versailles	Missouri	38.43141	-92.84103	US	1
Pioneer	California	38.43186	-120.57187	US	1
Hurricane	West Virginia	38.43259	-82.02014	US	1
Arnold	Missouri	38.43283	-90.37762	US	1
New Castle	Kentucky	38.4334	-85.16968	US	1
Okawville	Illinois	38.43422	-89.55037	US	1
Milton	West Virginia	38.43453	-82.13236	US	1
Graton	California	38.4363	-122.86972	US	1
Byrnes Mill	Missouri	38.43783	-90.58179	US	1
Santa Rosa	California	38.44047	-122.71443	US	1
Stover	Missouri	38.44086	-92.99187	US	1
Cañon City	Colorado	38.44098	-105.24245	US	1
Elkview	West Virginia	38.44288	-81.4804	US	1
Mechanicsville	Maryland	38.4429	-76.74385	US	1
Columbia	Illinois	38.44366	-90.20122	US	1
Allendale	California	38.44463	-121.94302	US	1
Dixon	California	38.44546	-121.8233	US	1
Harrisonburg	Virginia	38.44957	-78.86892	US	1
Union	Missouri	38.45005	-91.00848	US	1
Teays Valley	West Virginia	38.45009	-81.9293	US	1
Buckhorn	California	38.45216	-120.52854	US	1
Merrimac	Virginia	38.45263	-78.07861	US	1
Belmont Estates	Virginia	38.45271	-78.91979	US	1
Ness City	Kansas	38.45279	-99.90651	US	1
Charlestown	Indiana	38.45312	-85.67024	US	1
Delmar	Delaware	38.45651	-75.57715	US	1
High Ridge	Missouri	38.45894	-90.53651	US	1
Cole Camp	Missouri	38.46002	-93.2027	US	1
Clay	West Virginia	38.46038	-81.08511	US	1
Selbyville	Delaware	38.46039	-75.22074	US	1
Long Beach	Maryland	38.46096	-76.46884	US	1
Millstadt	Illinois	38.46144	-90.09178	US	1
Aquia Harbour	Virginia	38.46262	-77.38887	US	1
Vineyard	California	38.46449	-121.34692	US	1
Monte Rio	California	38.46547	-123.00889	US	1
Tribune	Kansas	38.46974	-101.75267	US	1
Oakville	Missouri	38.47005	-90.30456	US	1
Villa Ridge	Missouri	38.47255	-90.8868	US	1
Culpeper	Virginia	38.47318	-77.99666	US	1
Forestville	California	38.47352	-122.89027	US	1
Montrose	Colorado	38.47832	-107.87617	US	1
Ashland	Kentucky	38.47841	-82.63794	US	1
Webster Springs	West Virginia	38.47927	-80.41342	US	1
Leoti	Kansas	38.47974	-101.35877	US	1
Eads	Colorado	38.48056	-102.78186	US	1
Charlotte Hall	Maryland	38.48096	-76.77802	US	1
Archie	Missouri	38.48168	-94.35439	US	1
Dighton	Kansas	38.48196	-100.46708	US	1
Pacific	Missouri	38.482	-90.74152	US	1
Scott City	Kansas	38.48252	-100.90709	US	1
Westwood	Kentucky	38.48314	-82.66988	US	1
Shenandoah	Virginia	38.48512	-78.62502	US	1
Linn	Missouri	38.48587	-91.85045	US	1
Clendenin	West Virginia	38.48871	-81.34817	US	1
Wardsville	Missouri	38.48892	-92.17435	US	1
Gray Summit	Missouri	38.48978	-90.8168	US	1
Golden Beach	Maryland	38.48985	-76.68218	US	1
Mascoutah	Illinois	38.49033	-89.79315	US	1
Murphy	Missouri	38.49033	-90.48707	US	1
Petersburg	Indiana	38.49199	-87.27862	US	1
Florin	California	38.49602	-121.40884	US	1
Parkway	California	38.49602	-121.45884	US	1
Osawatomie	Kansas	38.49724	-94.95052	US	1
Rancho Murieta	California	38.50185	-121.09467	US	1
Guerneville	California	38.50186	-122.99611	US	1
Eureka	Missouri	38.50255	-90.6279	US	1
Coal Grove	Ohio	38.50341	-82.64711	US	1
New Pekin	Indiana	38.50506	-86.01692	US	1
Saint Helena	California	38.50519	-122.47026	US	1
Boswell's Corner	Virginia	38.50541	-77.37263	US	1
Taos	Missouri	38.50643	-92.07101	US	1
Lesage	West Virginia	38.50647	-82.29848	US	1
Mehlville	Missouri	38.50839	-90.32289	US	1
Wamac	Illinois	38.50894	-89.14063	US	1
Fenton	Missouri	38.51311	-90.43595	US	1
Larkfield-Wikiup	California	38.51342	-122.75094	US	1
Dupo	Illinois	38.51616	-90.21039	US	1
Russell	Kentucky	38.5173	-82.69766	US	1
Hoisington	Kansas	38.51807	-98.77814	US	1
Belleville	Illinois	38.52005	-89.98399	US	1
Flatwoods	Kentucky	38.52258	-82.71711	US	1
Green Park	Missouri	38.52366	-90.33845	US	1
Concord	Missouri	38.5245	-90.35734	US	1
Hawthorne	Nevada	38.52464	-118.62458	US	1
Winters	California	38.52491	-121.9708	US	1
Centralia	Illinois	38.52505	-89.1334	US	1
Sissonville	West Virginia	38.52815	-81.63096	US	1
La Plata	Maryland	38.52929	-76.97525	US	1
La Crosse	Kansas	38.5314	-99.30872	US	1
Mount Olivet	Kentucky	38.53146	-84.03687	US	1
Windsor	Missouri	38.53224	-93.52215	US	1
Hughesville	Maryland	38.53262	-76.78386	US	1
Fruitridge Pocket	California	38.53265	-121.45581	US	1
Winfield	West Virginia	38.53314	-81.89347	US	1
Lemay	Missouri	38.53339	-90.27928	US	1
Swansea	Illinois	38.53394	-89.98899	US	1
Salida	Colorado	38.53472	-105.9989	US	1
New Baden	Illinois	38.53505	-89.70065	US	1
Owenton	Kentucky	38.53672	-84.84338	US	1
Saint George	Missouri	38.53672	-90.31484	US	1
Ironton	Ohio	38.53675	-82.68294	US	1
Sappington	Missouri	38.537	-90.37984	US	1
Eleanor	West Virginia	38.53759	-81.93236	US	1
Lakeshire	Missouri	38.53866	-90.33512	US	1
Sunset Hills	Missouri	38.53894	-90.40734	US	1
Bethany Beach	Delaware	38.53956	-75.05518	US	1
Raceland	Kentucky	38.54008	-82.7285	US	1
Prince Frederick	Maryland	38.5404	-76.5844	US	1
Henryville	Indiana	38.54173	-85.76774	US	1
Scott Air Force Base	Illinois	38.5427	-89.85035	US	1
Albers	Illinois	38.54338	-89.61231	US	1
Davis	California	38.54491	-121.74052	US	1
Ocean View	Delaware	38.54511	-75.08907	US	1
Gunnison	Colorado	38.54582	-106.92532	US	1
Triangle	Virginia	38.54679	-77.33665	US	1
Windsor	California	38.54713	-122.81638	US	1
Worthington	Kentucky	38.54841	-82.72433	US	1
Central City	Illinois	38.54894	-89.12701	US	1
French Lick	Indiana	38.54894	-86.61999	US	1
Valley Park	Missouri	38.54922	-90.49262	US	1
Wurtland	Kentucky	38.55036	-82.77794	US	1
Affton	Missouri	38.55061	-90.33317	US	1
Rosemont	California	38.55185	-121.36467	US	1
Germantown	Illinois	38.55366	-89.53842	US	1
Paoli	Indiana	38.55617	-86.46832	US	1
Laurel	Delaware	38.5565	-75.57131	US	1
Crestwood	Missouri	38.557	-90.38178	US	1
Washington	Missouri	38.55811	-91.01209	US	1
Garden City	Missouri	38.56112	-94.19133	US	1
Shiloh	Illinois	38.56144	-89.89732	US	1
Cambridge	Maryland	38.56317	-76.07883	US	1
La Riviera	California	38.56685	-121.3569	US	1
Dumfries	Virginia	38.56762	-77.32804	US	1
Cherry Hill	Virginia	38.56984	-77.26693	US	1
Marlborough	Missouri	38.57033	-90.33706	US	1
Cahokia	Illinois	38.57088	-90.19011	US	1
Bealeton	Virginia	38.57179	-77.76388	US	1
Paola	Kansas	38.57224	-94.87913	US	1
Greenup	Kentucky	38.57313	-82.83017	US	1
Moab	Utah	38.57332	-109.54984	US	1
Lindsborg	Kansas	38.57362	-97.67448	US	1
Providence	Kentucky	38.57451	-85.22107	US	1
Stanley	Virginia	38.5754	-78.50251	US	1
Angwin	California	38.57574	-122.44998	US	1
Oakland	Missouri	38.57644	-90.38567	US	1
Jefferson City	Missouri	38.5767	-92.17352	US	1
Calistoga	California	38.5788	-122.57971	US	1
West Sacramento	California	38.58046	-121.53023	US	1
Sacramento	California	38.58157	-121.4944	US	1
Wildwood	Missouri	38.58283	-90.6629	US	1
Algonquin	Maryland	38.5829	-76.10577	US	1
Centreville	Illinois	38.58338	-90.12511	US	1
Kirkwood	Missouri	38.58339	-90.40678	US	1
Fairview Heights	Illinois	38.58894	-89.99038	US	1
Rancho Cordova	California	38.58907	-121.30273	US	1
Alorton	Illinois	38.58977	-90.12011	US	1
Shrewsbury	Missouri	38.59033	-90.33678	US	1
Winchester	Missouri	38.59033	-90.5279	US	1
Millsboro	Delaware	38.5915	-75.2913	US	1
O'Fallon	Illinois	38.59227	-89.91121	US	1
Ellisville	Missouri	38.59255	-90.58707	US	1
Webster Groves	Missouri	38.59255	-90.35734	US	1
Bedford	Kentucky	38.59256	-85.31773	US	1
Saint Martins	Missouri	38.5942	-92.33713	US	1
Ballwin	Missouri	38.59505	-90.54623	US	1
Glendale	Missouri	38.59589	-90.37706	US	1
Manchester	Missouri	38.597	-90.50929	US	1
Vanceburg	Kentucky	38.59924	-83.3188	US	1
Indian Head	Maryland	38.60012	-77.1622	US	1
Des Peres	Missouri	38.60089	-90.4329	US	1
Arden-Arcade	California	38.6025	-121.37854	US	1
Saint Charles	Maryland	38.60317	-76.93858	US	1
Lebanon	Illinois	38.60394	-89.80732	US	1
Olathe	Colorado	38.60499	-107.98229	US	1
Beckemeyer	Illinois	38.6056	-89.43592	US	1
Trenton	Illinois	38.6056	-89.68204	US	1
Salem	Indiana	38.60561	-86.10109	US	1
Aviston	Illinois	38.60672	-89.60759	US	1
Warson Woods	Missouri	38.60727	-90.38345	US	1
St. Charles	Maryland	38.60728	-76.92478	US	1
Rock Hill	Missouri	38.60755	-90.37845	US	1
New Haven	Missouri	38.60838	-91.21904	US	1
Potomac Heights	Maryland	38.60873	-77.14053	US	1
Bennsville	Maryland	38.60929	-77.0122	US	1
Lyndon	Kansas	38.61001	-95.68443	US	1
Carlyle	Illinois	38.61033	-89.37258	US	1
Healdsburg	California	38.61047	-122.86916	US	1
Breese	Illinois	38.6106	-89.52703	US	1
Montclair	Virginia	38.61095	-77.33971	US	1
Town and Country	Missouri	38.61228	-90.46345	US	1
Maplewood	Missouri	38.61255	-90.32456	US	1
Broadway	Virginia	38.61317	-78.79891	US	1
Ottawa	Kansas	38.61557	-95.26775	US	1
Sandoval	Illinois	38.6156	-89.11423	US	1
Huntingtown	Maryland	38.61595	-76.61302	US	1
Carmichael	California	38.61713	-121.32828	US	1
Odin	Illinois	38.61727	-89.05229	US	1
Brentwood	Missouri	38.61755	-90.34928	US	1
Buffalo	West Virginia	38.61759	-81.9818	US	1
Clarkson Valley	Missouri	38.61839	-90.58929	US	1
Louisburg	Kansas	38.61946	-94.68079	US	1
Long Neck	Delaware	38.62011	-75.15074	US	1
Huntingtown Town Center	Maryland	38.62095	-76.61607	US	1
Hurlock	Maryland	38.62428	-75.85438	US	1
East Saint Louis	Illinois	38.6245	-90.15094	US	1
Waldorf	Maryland	38.62456	-76.93914	US	1
Franklin Furnace	Ohio	38.626	-82.847	US	1
Gold River	California	38.62629	-121.24662	US	1
Salem	Illinois	38.62699	-88.94562	US	1
Bryans Road	Maryland	38.62706	-77.07303	US	1
St. Louis	Missouri	38.62727	-90.19789	US	1
California	Missouri	38.62753	-92.56658	US	1
Marthasville	Missouri	38.62838	-91.05764	US	1
Richmond Heights	Missouri	38.62866	-90.31956	US	1
Monroe	Utah	38.62997	-112.12076	US	1
Osage City	Kansas	38.6339	-95.82582	US	1
Washington Park	Illinois	38.63505	-90.09289	US	1
Frontenac	Missouri	38.63561	-90.41512	US	1
Blades	Delaware	38.63567	-75.60993	US	1
Independent Hill	Virginia	38.63595	-77.43776	US	1
Caseyville	Illinois	38.63672	-90.02566	US	1
Dale City	Virginia	38.63706	-77.31109	US	1
Williamstown	Kentucky	38.63812	-84.5605	US	1
Timberville	Virginia	38.63901	-78.77391	US	1
Holts Summit	Missouri	38.64032	-92.12241	US	1
Maysville	Kentucky	38.64119	-83.74437	US	1
Seaford	Delaware	38.64123	-75.61104	US	1
Clayton	Missouri	38.64255	-90.32373	US	1
Franklin	West Virginia	38.64289	-79.33115	US	1
Fair Oaks	California	38.64463	-121.27217	US	1
Potomac Mills	Virginia	38.64595	-77.29415	US	1
Somerset	California	38.64768	-120.68576	US	1
New Market	Virginia	38.6479	-78.67141	US	1
Fairmont City	Illinois	38.64977	-90.09316	US	1
Ladue	Missouri	38.64977	-90.38067	US	1
Harrisonville	Missouri	38.65334	-94.34884	US	1
Tipton	Missouri	38.65558	-92.77992	US	1
Aberdeen	Ohio	38.65563	-83.76103	US	1
University City	Missouri	38.65588	-90.30928	US	1
Woodbridge	Virginia	38.65817	-77.2497	US	1
Cottonwood	California	38.65824	-121.97108	US	1
Trappe	Maryland	38.65845	-76.058	US	1
Washington	Indiana	38.65922	-87.17279	US	1
Baden	Maryland	38.65928	-76.77775	US	1
Creve Coeur	Missouri	38.66089	-90.42262	US	1
Council Grove	Kansas	38.66112	-96.49195	US	1
Orleans	Indiana	38.66172	-86.45166	US	1
Chesterfield	Missouri	38.66311	-90.57707	US	1
Monument Hills	California	38.66429	-121.87566	US	1
Sutton	West Virginia	38.66454	-80.70982	US	1
Olivette	Missouri	38.66533	-90.37595	US	1
Luray	Virginia	38.6654	-78.45945	US	1
Shingle Springs	California	38.66574	-120.92605	US	1
Shoals	Indiana	38.66644	-86.79111	US	1
Accokeek	Maryland	38.66762	-77.02831	US	1
Cameron Park	California	38.66879	-120.98716	US	1
Flora	Illinois	38.66894	-88.4856	US	1
Collinsville	Illinois	38.67033	-89.98455	US	1
Herington	Kansas	38.67112	-96.94251	US	1
Venice	Illinois	38.67227	-90.16983	US	1
Wellston	Missouri	38.67283	-90.29928	US	1
Falmouth	Kentucky	38.67674	-84.33021	US	1
Loogootee	Indiana	38.67699	-86.91417	US	1
Vincennes	Indiana	38.67727	-87.52863	US	1
Folsom	California	38.67796	-121.17606	US	1
Orangevale	California	38.67851	-121.22578	US	1
Woodland	California	38.67852	-121.7733	US	1
Foothill Farms	California	38.67877	-121.35114	US	1
Carrollton	Kentucky	38.6809	-85.1794	US	1
Deer Park	California	38.68185	-120.82327	US	0
Dry Ridge	Kentucky	38.68201	-84.58994	US	1
Fountain	Colorado	38.68222	-104.70081	US	1
Madison	Illinois	38.68255	-90.15705	US	1
Brooksville	Kentucky	38.68257	-84.06576	US	1
Hillsdale	Missouri	38.68338	-90.284	US	1
Pagedale	Missouri	38.68338	-90.30761	US	1
Occoquan	Virginia	38.68373	-77.26026	US	1
Scottsburg	Indiana	38.68561	-85.77025	US	1
El Dorado Hills	California	38.68574	-121.08217	US	1
North Highlands	California	38.68574	-121.37217	US	1
Hanley Hills	Missouri	38.68588	-90.32373	US	1
Chesapeake Beach	Maryland	38.68623	-76.53468	US	1
Lake Ridge	Virginia	38.68789	-77.29776	US	1
Manchester	Ohio	38.68813	-83.60936	US	1
Velda Village	Missouri	38.69005	-90.29428	US	1
Vinita Park	Missouri	38.69005	-90.34262	US	1
Georgetown	Delaware	38.69011	-75.38547	US	1
Velda Village Hills	Missouri	38.69061	-90.28734	US	1
Rio Linda	California	38.69101	-121.44857	US	1
Esparto	California	38.69213	-122.01719	US	1
Federalsburg	Maryland	38.69428	-75.77216	US	1
Diamond Springs	California	38.69463	-120.81494	US	1
Pine Lawn	Missouri	38.69588	-90.27511	US	1
Brandywine	Maryland	38.69678	-76.84775	US	1
Nokesville	Virginia	38.69873	-77.57971	US	1
Overland	Missouri	38.70116	-90.36234	US	1
Granite City	Illinois	38.70144	-90.14872	US	1
Bel-Nor	Missouri	38.702	-90.31678	US	1
Charlack	Missouri	38.70255	-90.34345	US	1
Hermann	Missouri	38.70421	-91.43738	US	1
Northwoods	Missouri	38.70422	-90.28345	US	1
Lorton	Virginia	38.70428	-77.22776	US	1
Sedalia	Missouri	38.70446	-93.22826	US	1
Bridgeport	Illinois	38.70588	-87.76003	US	1
Citrus Heights	California	38.70712	-121.28106	US	1
Fort Washington	Maryland	38.70734	-77.02303	US	1
North Beach	Maryland	38.70734	-76.53107	US	1
Antelope	California	38.70824	-121.32995	US	1
Bel-Ridge	Missouri	38.7095	-90.32539	US	1
Fort Belvoir	Virginia	38.7119	-77.14589	US	1
Maryland Heights	Missouri	38.71311	-90.42984	US	1
Saint Johns	Missouri	38.71338	-90.34317	US	1
Weldon Spring	Missouri	38.71339	-90.68929	US	1
Warrenton	Virginia	38.71345	-77.79527	US	1
Washington	Virginia	38.71345	-78.15944	US	1
Elverta	California	38.71379	-121.46273	US	1
Saint Jacob	Illinois	38.71394	-89.76815	US	1
Mount Vernon	Virginia	38.71412	-77.10082	US	1
Holden	Missouri	38.71418	-93.99133	US	1
Hanover	Indiana	38.71423	-85.47357	US	1
Breckenridge Hills	Missouri	38.7145	-90.36734	US	1
Saint John	Missouri	38.71484	-90.34627	US	1
Sea Ranch	California	38.71519	-123.45445	US	1
Laurel Hill	Virginia	38.71663	-77.23686	US	1
Sumner	Illinois	38.71699	-87.86142	US	1
Owings	Maryland	38.71762	-76.60135	US	1
Wellsville	Kansas	38.71834	-95.08164	US	1
Peculiar	Missouri	38.71918	-94.45856	US	1
Jennings	Missouri	38.71922	-90.26039	US	1
Dunkirk Town Center	Maryland	38.72039	-76.65857	US	1
Country Club Hills	Missouri	38.72088	-90.27484	US	1
Normandy	Missouri	38.72088	-90.29734	US	1
South Shore	Kentucky	38.72091	-82.95823	US	1
Rehoboth Beach	Delaware	38.72095	-75.07601	US	1
Dunkirk	Maryland	38.72178	-76.66052	US	1
Bristow	Virginia	38.72289	-77.5361	US	1
Maryville	Illinois	38.72366	-89.95593	US	1
Woodson Terrace	Missouri	38.72505	-90.35845	US	1
Saint Ann	Missouri	38.72727	-90.38317	US	1
Cool Valley	Missouri	38.72783	-90.31011	US	1
Lawrenceville	Illinois	38.72921	-87.68169	US	1
Troy	Illinois	38.72921	-89.88315	US	1
Placerville	California	38.72963	-120.79855	US	1
Whiteman Air Force Base	Missouri	38.73018	-93.55895	US	1
Wheelersburg	Ohio	38.73035	-82.85545	US	1
Ellsworth	Kansas	38.73056	-98.22811	US	1
Olney	Illinois	38.73088	-88.08532	US	1
Pontoon Beach	Illinois	38.73172	-90.08038	US	1
Portsmouth	Ohio	38.73174	-82.99767	US	1
Buckhall	Virginia	38.73178	-77.4311	US	1
Mitchell	Indiana	38.73283	-86.4736	US	1
Fort Hunt	Virginia	38.73289	-77.05803	US	1
Topaz Ranch Estates	Nevada	38.73565	-119.50079	US	1
Madison	Indiana	38.73589	-85.37996	US	1
Fort Carson	Colorado	38.73749	-104.78886	US	1
Camino	California	38.73824	-120.67493	US	1
Newington	Virginia	38.73845	-77.18498	US	1
Highland	Illinois	38.73949	-89.6712	US	1
Bellefontaine Neighbors	Missouri	38.74033	-90.2265	US	1
Delta	Colorado	38.74221	-108.06896	US	1
Bridgeville	Delaware	38.74261	-75.60437	US	1
Spring Hill	Kansas	38.74306	-94.82552	US	1
Ferguson	Missouri	38.74422	-90.30539	US	1
Ripley	Ohio	38.74563	-83.84492	US	1
Mount Jackson	Virginia	38.74595	-78.64224	US	1
Cottleville	Missouri	38.74616	-90.65401	US	1
Cripple Creek	Colorado	38.74666	-105.17831	US	1
Moline Acres	Missouri	38.74699	-90.24011	US	1
Security-Widefield	Colorado	38.74728	-104.71439	US	1
Hybla Valley	Virginia	38.74761	-77.08303	US	1
Vevay	Indiana	38.74784	-85.06717	US	1
Glen Carbon	Illinois	38.74838	-89.98316	US	1
Dellwood	Missouri	38.7495	-90.28567	US	1
Manassas	Virginia	38.75095	-77.47527	US	1
Friendly	Maryland	38.75178	-76.97859	US	1
Hayfield	Virginia	38.75178	-77.13581	US	1
Nassau	Delaware	38.75206	-75.18769	US	1
Roseville	California	38.75212	-121.28801	US	1
New Boston	Ohio	38.7523	-82.93684	US	1
Middletown	California	38.7524	-122.61499	US	1
Croom	Maryland	38.75262	-76.76386	US	1
Glasgow Village	Missouri	38.75366	-90.19844	US	1
Berkeley	Missouri	38.7545	-90.33123	US	1
Sciotodale	Ohio	38.7548	-82.86878	US	1
Rosaryville	Maryland	38.75678	-76.80969	US	1
Castle Point	Missouri	38.75811	-90.24817	US	1
Austin	Indiana	38.75839	-85.80803	US	1
West Portsmouth	Ohio	38.75841	-83.02906	US	1
Linton Hall	Virginia	38.75984	-77.57499	US	1
Pollock Pines	California	38.76158	-120.58611	US	1
Mitchell	Illinois	38.76199	-90.08538	US	1
Warrensburg	Missouri	38.76279	-93.73605	US	1
Granite Bay	California	38.76323	-121.16384	US	1
Edgerton	Kansas	38.76473	-95.00802	US	1
Calverton Park	Missouri	38.76477	-90.31373	US	1
Clinton	Maryland	38.76511	-76.89831	US	1
Knob Noster	Missouri	38.76668	-93.55855	US	1
Bridgeton	Missouri	38.767	-90.41151	US	1
Groveton	Virginia	38.76734	-77.0847	US	1
New Baltimore	Virginia	38.76734	-77.72833	US	1
North Madison	Indiana	38.76784	-85.39663	US	1
Dardenne Prairie	Missouri	38.7695	-90.72902	US	1
Hazelwood	Missouri	38.77144	-90.37095	US	1
Augusta	Kentucky	38.77174	-84.00576	US	1
Louisville	Illinois	38.77227	-88.50255	US	1
Richfield	Utah	38.77247	-112.08409	US	1
West Springfield	Virginia	38.77261	-77.22109	US	1
Marlton	Maryland	38.77373	-76.78997	US	1
Stratmoor	Colorado	38.77388	-104.7797	US	1
La Monte	Missouri	38.77418	-93.42521	US	1
Bicknell	Indiana	38.77421	-87.30779	US	1
Easton	Maryland	38.77428	-76.07633	US	1
Ashland	Missouri	38.77448	-92.25713	US	1
Lewes	Delaware	38.77456	-75.13935	US	1
Baldwin City	Kansas	38.77501	-95.18636	US	1
Deale	Maryland	38.77651	-76.55524	US	1
Milton	Delaware	38.77761	-75.30991	US	1
Overbrook	Kansas	38.78056	-95.5572	US	1
Franconia	Virginia	38.78206	-77.14637	US	1
National Harbor	Maryland	38.78264	-77.01506	US	1
Crittenden	Kentucky	38.78284	-84.60522	US	1
West Gate	Virginia	38.78289	-77.49749	US	1
Warsaw	Kentucky	38.7834	-84.90162	US	1
Bull Run	Virginia	38.78373	-77.52055	US	1
Saint Charles	Missouri	38.78394	-90.48123	US	1
Manassas Park	Virginia	38.784	-77.46971	US	1
Smith Valley	Nevada	38.78421	-119.34425	US	1
Saint Michaels	Maryland	38.78512	-76.22439	US	1
Belle Haven	Virginia	38.78539	-77.06303	US	1
Rosemount	Ohio	38.78619	-82.97906	US	1
Loch Lomond	Virginia	38.78623	-77.47804	US	1
Pleasant Hill	Missouri	38.78751	-94.26939	US	1
Spanish Lake	Missouri	38.78783	-90.21594	US	1
Rose Hill	Virginia	38.78872	-77.11276	US	1
Florissant	Missouri	38.78922	-90.32261	US	1
Springfield	Virginia	38.78928	-77.1872	US	1
Rocklin	California	38.79073	-121.23578	US	1
Huntington	Virginia	38.79234	-77.07081	US	1
Sudley	Virginia	38.79289	-77.49749	US	1
Yorkshire	Virginia	38.79317	-77.44777	US	1
Black Jack	Missouri	38.79338	-90.26733	US	1
Burke	Virginia	38.79345	-77.27165	US	1
West Union	Ohio	38.79452	-83.54519	US	1
Gainesville	Virginia	38.79567	-77.61388	US	1
Oxon Hill-Glassmanor	Maryland	38.79615	-76.97499	US	1
Lake Saint Louis	Missouri	38.79755	-90.78568	US	1
Saint Peters	Missouri	38.80033	-90.62651	US	1
Smith	Nevada	38.80047	-119.32738	US	1
Crothersville	Indiana	38.80061	-85.84164	US	1
Fairfax Station	Virginia	38.80095	-77.32554	US	1
Raymore	Missouri	38.80195	-94.45273	US	1
Spencer	West Virginia	38.80203	-81.35095	US	1
Oxon Hill	Maryland	38.80345	-76.9897	US	1
Camp Springs	Maryland	38.804	-76.90664	US	1
Ravensworth	Virginia	38.804	-77.22054	US	1
North Springfield	Virginia	38.80428	-77.2047	US	1
Alexandria	Virginia	38.80484	-77.04692	US	1
Queenland	Maryland	38.80524	-76.79126	US	1
Andrews AFB	Maryland	38.80531	-76.8746	US	1
Cloverdale	California	38.80546	-123.01722	US	1
Kings Park	Virginia	38.80622	-77.24332	US	1
Greenwood	Delaware	38.80706	-75.59132	US	1
Basye	Virginia	38.80706	-78.79224	US	1
Hidden Valley Lake	California	38.80796	-122.55832	US	1
Forest Heights	Maryland	38.80956	-76.99803	US	1
Gallipolis	Ohio	38.8098	-82.20237	US	1
Mellwood	Maryland	38.81039	-76.82414	US	1
O'Fallon	Missouri	38.81061	-90.69985	US	1
Gardner	Kansas	38.81084	-94.92719	US	1
Edwardsville	Illinois	38.81144	-89.95316	US	1
Warrenton	Missouri	38.81144	-91.14154	US	1
Wentzville	Missouri	38.81144	-90.85291	US	1
Belton	Missouri	38.81195	-94.5319	US	1
Haymarket	Virginia	38.81206	-77.63638	US	1
Temple Hills	Maryland	38.814	-76.94553	US	1
Kings Park West	Virginia	38.81443	-77.29582	US	1
Upper Marlboro	Maryland	38.81595	-76.74969	US	1
Verona	Kentucky	38.8184	-84.66078	US	1
Lincolnia	Virginia	38.81845	-77.14331	US	1
Carbondale	Kansas	38.81862	-95.68915	US	1
Ripley	West Virginia	38.8187	-81.71069	US	1
Glassmanor	Maryland	38.819	-76.99859	US	1
Edinburg	Virginia	38.82095	-78.56585	US	1
Loomis	California	38.82129	-121.193	US	1
Cheyenne Wells	Colorado	38.8214	-102.35324	US	1
Cobb	California	38.82213	-122.72305	US	1
New Century	Kansas	38.82253	-94.89971	US	1
Bellevue	Maryland	38.82678	-77.0197	US	1
Wright City	Missouri	38.82755	-91.02014	US	1
Orchard City	Colorado	38.82832	-107.9709	US	1
South Roxana	Illinois	38.82949	-90.06288	US	1
Morningside	Maryland	38.83011	-76.89136	US	1
Annandale	Virginia	38.83039	-77.19637	US	1
Marlboro Village	Maryland	38.83054	-76.76965	US	1
Lake Winnebago	Missouri	38.8314	-94.35856	US	1
Greater Upper Marlboro	Maryland	38.83142	-76.74827	US	1
Hillcrest Heights	Maryland	38.83289	-76.95942	US	1
Hartford	Illinois	38.83338	-90.09594	US	1
Marlow Heights	Maryland	38.83345	-76.95164	US	1
Colorado Springs	Colorado	38.83388	-104.82136	US	1
Old Jamestown	Missouri	38.83494	-90.28511	US	1
Marlboro Meadows	Maryland	38.83622	-76.71497	US	1
Ellicott	Colorado	38.83833	-104.38691	US	1
Salina	Kansas	38.84028	-97.61142	US	1
Centreville	Virginia	38.84039	-77.42888	US	1
Shady Side	Maryland	38.84178	-76.51218	US	1
Silver Hill	Maryland	38.84178	-76.94581	US	1
Buena Vista	Colorado	38.84222	-106.13113	US	1
Odon	Indiana	38.84283	-86.9914	US	1
Congress Heights	Maryland	38.84289	-77.00025	US	1
Point Pleasant	West Virginia	38.84453	-82.13709	US	1
Forestville	Maryland	38.84511	-76.87497	US	1
Westphalia	Maryland	38.84539	-76.81108	US	1
Fairfax	Virginia	38.84622	-77.30637	US	1
Fulton	Missouri	38.84671	-91.94796	US	1
Suitland-Silver Hill	Maryland	38.84685	-76.92591	US	1
Woodburn	Virginia	38.84745	-77.23605	US	1
Lake Barcroft	Virginia	38.84789	-77.15581	US	1
Roxana	Illinois	38.84838	-90.07622	US	1
Suitland	Maryland	38.84872	-76.92386	US	1
Brock Hall	Maryland	38.85011	-76.76108	US	1
Baileys Crossroads	Virginia	38.85039	-77.1297	US	1
Greenwood	Missouri	38.85168	-94.34384	US	1
Victoria	Kansas	38.85279	-99.1476	US	1
Mantua	Virginia	38.85372	-77.25943	US	1
Barry Farms	Maryland	38.8565	-76.99136	US	1
District Heights	Maryland	38.85761	-76.88942	US	1
Cimarron Hills	Colorado	38.85861	-104.69886	US	0
Manitou Springs	Colorado	38.85971	-104.9172	US	1
Wood River	Illinois	38.86116	-90.09761	US	1
Bedford	Indiana	38.86116	-86.48721	US	1
Saint Paul	Missouri	38.86144	-90.74179	US	1
Hillcrest	Maryland	38.86206	-76.95803	US	1
Georgetown	Ohio	38.86451	-83.90409	US	1
Marshall	Virginia	38.86484	-77.85777	US	1
West Falls Church	Virginia	38.86484	-77.18787	US	1
Anacostia	Maryland	38.8665	-76.98386	US	1
Pennsylvania Avenue SE	Maryland	38.86817	-76.95803	US	1
Paonia	Colorado	38.86832	-107.592	US	1
Crested Butte	Colorado	38.86971	-106.98782	US	1
Coral Hills	Maryland	38.87039	-76.92108	US	1
Lone Jack	Missouri	38.87084	-94.17383	US	1
Seven Corners	Virginia	38.87206	-77.15526	US	1
Greenbriar	Virginia	38.87345	-77.40082	US	1
Newcastle	California	38.87407	-121.13328	US	1
Merrifield	Virginia	38.87428	-77.22693	US	1
Walker Mill	Maryland	38.87539	-76.88831	US	1
Walton	Kentucky	38.87562	-84.61022	US	1
Capitol Riverfront	Maryland	38.87796	-77.00314	US	1
Brownstown	Indiana	38.87894	-86.04192	US	1
The Wharf	Maryland	38.87913	-77.02491	US	1
Hays	Kansas	38.87918	-99.32677	US	1
Southwest Waterfront	Maryland	38.87934	-77.01758	US	1
Lucasville	Ohio	38.87952	-82.99684	US	1
East Alton	Illinois	38.88033	-90.11122	US	1
Oakton	Virginia	38.88095	-77.30082	US	1
Arlington	Virginia	38.88101	-77.10428	US	1
Barracks Row	Maryland	38.88128	-76.995	US	1
Olathe	Kansas	38.8814	-94.81913	US	1
Woodstock	Virginia	38.88178	-78.50584	US	1
Falls Church	Virginia	38.88233	-77.17109	US	1
Denton	Maryland	38.88456	-75.82716	US	1
Kettering	Maryland	38.88456	-76.81469	US	1
Capitol Heights	Maryland	38.88511	-76.91581	US	1
Dunnigan	California	38.88518	-121.96969	US	1
Grandview	Missouri	38.88584	-94.53301	US	1
Cool	California	38.88722	-121.01472	US	1
Mayo	Maryland	38.88761	-76.5119	US	1
Rosewood Heights	Illinois	38.88783	-90.08483	US	1
Gardnerville Ranchos	Nevada	38.88824	-119.74129	US	1
Capitol Hill	Maryland	38.889	-77.00025	US	1
Benning Road	Maryland	38.88984	-76.93758	US	1
Alton	Illinois	38.8906	-90.18428	US	1
Capitol Gateway	Maryland	38.89113	-76.91851	US	1
Lincoln	California	38.89156	-121.29301	US	1
Greenville	Illinois	38.89227	-89.41314	US	1
Dunn Loring	Virginia	38.89344	-77.22165	US	1
Downtown DC	Maryland	38.8935	-77.01991	US	1
Oak Hill	Ohio	38.89396	-82.57349	US	1
Chantilly	Virginia	38.89428	-77.4311	US	1
Lincoln Heights	Maryland	38.89456	-76.92886	US	1
Peppermill Village	Maryland	38.89472	-76.88654	US	1
Benning	Maryland	38.89511	-76.94886	US	1
Washington	Maryland	38.89511	-77.03637	US	1
Idylwood	Virginia	38.89511	-77.21165	US	1
Russell	Kansas	38.89527	-98.86103	US	1
Seat Pleasant	Maryland	38.89622	-76.90664	US	1
Auburn	California	38.89657	-121.07689	US	1
Rosslyn	Virginia	38.89678	-77.07248	US	1
Largo	Maryland	38.89761	-76.83025	US	1
Sharon Springs	Kansas	38.89779	-101.75212	US	1
Deanwood	Maryland	38.89845	-76.92942	US	1
Queen Anne	Maryland	38.89872	-76.6783	US	1
H Street NE	Maryland	38.90015	-76.99587	US	1
Oolitic	Indiana	38.90088	-86.52527	US	1
Fairmount Heights	Maryland	38.90095	-76.91553	US	1
Vienna	Virginia	38.90122	-77.26526	US	1
Foggy Bottom	Maryland	38.9015	-77.0622	US	1
Cedaredge	Colorado	38.90165	-107.92645	US	1
Mount Vernon Triangle	Maryland	38.90232	-77.01685	US	1
Bull Run Mountain Estates	Virginia	38.90372	-77.66166	US	1
NoMa	Maryland	38.90372	-77.00598	US	1
Northwest One	Maryland	38.90428	-77.01196	US	1
Summerfield	Maryland	38.90454	-76.8683	US	1
Georgetown	Maryland	38.90483	-77.06248	US	1
Golden Triangle	Maryland	38.90524	-77.04362	US	1
Kenilworth	Maryland	38.90595	-76.94025	US	1
Auburn	Kansas	38.90611	-95.8161	US	1
Georgetown	California	38.90684	-120.83855	US	1
Lake Arbor	Maryland	38.90789	-76.82969	US	1
Dupont Circle	Maryland	38.90844	-77.04414	US	1
Union Market	Maryland	38.90857	-76.99819	US	1
Bethalto	Illinois	38.90921	-90.04066	US	1
Lower Lake	California	38.91045	-122.61026	US	1
Lee's Summit	Missouri	38.91084	-94.38217	US	1
Ivy City	Maryland	38.91122	-76.9847	US	1
Upper Alton	Illinois	38.91144	-90.15066	US	1
Shaw	Maryland	38.91206	-77.02137	US	1
Milford	Delaware	38.91261	-75.42797	US	1
Pimmit Hills	Virginia	38.91289	-77.20081	US	1
Auburn Lake Trails	California	38.91434	-120.95244	US	1
Selby-on-the-Bay	Maryland	38.91622	-76.52246	US	1
Bloomingdale	Maryland	38.91678	-77.01137	US	1
Abilene	Kansas	38.91722	-97.21391	US	1
Front Royal	Virginia	38.91817	-78.19444	US	1
Tysons	Virginia	38.91872	-77.23109	US	1
Claryville	Kentucky	38.91923	-84.39549	US	1
Solomon	Kansas	38.91944	-97.37114	US	1
Mitchellville	Maryland	38.92	-76.808	US	1
Brentwood Village	Maryland	38.92094	-76.98442	US	1
Glover Park	Maryland	38.92094	-77.0772	US	1
South Riding	Virginia	38.92094	-77.50388	US	1
Woodmore	Maryland	38.92122	-76.80303	US	1
Adams Morgan	Maryland	38.9215	-77.0422	US	1
Holiday Shores	Illinois	38.92199	-89.94066	US	1
Aurora	Utah	38.92219	-111.93409	US	1
Fort Lincoln	Maryland	38.92233	-76.95636	US	1
Davidsonville	Maryland	38.92289	-76.6283	US	1
Lake Lotawana	Missouri	38.92306	-94.24411	US	1
Grantsville	West Virginia	38.92342	-81.09595	US	1
Harrington	Delaware	38.92372	-75.5777	US	1
Apple Mountain Lake	Virginia	38.92428	-78.10139	US	1
Columbia Heights	Maryland	38.92567	-77.02942	US	1
Oak Hill	Virginia	38.9258	-77.40156	US	1
Elkins	West Virginia	38.92594	-79.84673	US	1
Cheverly	Maryland	38.92817	-76.91581	US	1
Woodley Park	Maryland	38.92872	-77.05581	US	1
Glenarden	Maryland	38.92928	-76.86164	US	1
Mount Pleasant	Maryland	38.93067	-77.04081	US	1
Pleasant Plains	Maryland	38.93067	-77.03025	US	1
Woodridge	Maryland	38.93122	-76.97109	US	1
North Auburn	California	38.93129	-121.08189	US	1
Worden	Illinois	38.93144	-89.83899	US	1
Park View	Maryland	38.93206	-77.02359	US	1
Brookland	Maryland	38.93289	-76.98414	US	1
Colmar Manor	Maryland	38.93317	-76.94581	US	1
South Lake Tahoe	California	38.93324	-119.98435	US	1
Londontowne	Maryland	38.93345	-76.54941	US	1
Landover	Maryland	38.934	-76.89664	US	1
Glenville	West Virginia	38.93426	-80.8376	US	1
McLean	Virginia	38.93428	-77.17748	US	1
Cape May	New Jersey	38.93511	-74.90601	US	1
Cleveland Park	Maryland	38.93622	-77.06553	US	1
Floris	Virginia	38.93706	-77.41277	US	1
Central 14th Street / Spring Road	Maryland	38.93707	-77.03265	US	1
Springdale	Maryland	38.93761	-76.83886	US	1
Edgewater	Maryland	38.938	-76.557	US	1
Ellis	Kansas	38.93807	-99.56067	US	1
Cottage City	Maryland	38.93817	-76.94831	US	1
West Cape May	New Jersey	38.93872	-74.94184	US	1
Bladensburg	Maryland	38.93928	-76.93386	US	1
Wolf Trap	Virginia	38.93983	-77.28609	US	1
Hillsmere Shores	Maryland	38.94011	-76.49496	US	1
Gardnerville	Nevada	38.9413	-119.74962	US	1
Mount Rainier	Maryland	38.9415	-76.96498	US	1
Winchester	Ohio	38.94174	-83.65075	US	1
Brookmont	Maryland	38.94206	-77.12026	US	1
Bowie	Maryland	38.94278	-76.73028	US	1
Independence	Kentucky	38.94312	-84.54411	US	1
Van Ness	Maryland	38.94316	-77.06299	US	1
Brentwood	Maryland	38.94317	-76.95664	US	1
Landover Hills	Maryland	38.94317	-76.8922	US	1
Eudora	Kansas	38.94334	-95.09858	US	1
East Valley	Nevada	38.9434	-119.69923	US	1
Cascade-Chipita Park	Colorado	38.94354	-105.00237	US	1
Central 14th Street / WMATA Northern Bus Barn	Maryland	38.94467	-77.03262	US	1
Union	Kentucky	38.9459	-84.6805	US	1
Petworth	Maryland	38.94594	-77.02498	US	1
Edmonston	Maryland	38.94678	-76.93109	US	1
Moscow Mills	Missouri	38.94783	-90.91819	US	1
Ridgely	Maryland	38.94789	-75.88438	US	1
Ravenswood	West Virginia	38.94814	-81.76096	US	1
New Richmond	Ohio	38.94868	-84.27994	US	1
Peebles	Ohio	38.94896	-83.40575	US	1
Rising Sun	Indiana	38.9495	-84.85384	US	1
Tenleytown	Maryland	38.94956	-77.08581	US	1
Columbia	Missouri	38.95171	-92.33407	US	1
Riva	Maryland	38.95206	-76.57802	US	1
Lenexa	Kansas	38.95362	-94.73357	US	1
Clear Lake Riviera	California	38.95406	-122.72082	US	1
Minden	Nevada	38.95407	-119.76573	US	1
Riggs Park	Maryland	38.95428	-76.99414	US	1
Robinwood	Maryland	38.95428	-76.51468	US	1
Godfrey	Illinois	38.9556	-90.18678	US	1
Hyattsville	Maryland	38.95594	-76.94553	US	1
Colorado Triangle	Maryland	38.95614	-77.03331	US	1
Kennedy Street	Maryland	38.9563	-77.01799	US	1
Fairwood	Maryland	38.95665	-76.77772	US	1
Ryland Heights	Kentucky	38.95756	-84.463	US	1
Salina	Utah	38.95774	-111.85993	US	1
Gove	Kansas	38.95779	-100.48875	US	1
East Riverdale	Maryland	38.958	-76.911	US	1
Grasonville	Maryland	38.95817	-76.21023	US	1
Clearlake	California	38.95823	-122.62637	US	1
Seymour	Indiana	38.95922	-85.89025	US	1
Alexandria	Kentucky	38.95951	-84.38799	US	1
Vandalia	Illinois	38.9606	-89.09368	US	1
Brightwood	Maryland	38.96122	-77.02748	US	1
Friendship Village	Maryland	38.96289	-77.08887	US	1
Riverdale Park	Maryland	38.96344	-76.93164	US	1
Sweet Springs	Missouri	38.96363	-93.41493	US	1
Bethel	Ohio	38.96368	-84.08077	US	1
Chillum	Maryland	38.96372	-76.99081	US	1
Somerset	Maryland	38.96594	-77.09609	US	1
Leawood	Kansas	38.96667	-94.6169	US	1
Lanham-Seabrook	Maryland	38.96835	-76.85108	US	1
Reston	Virginia	38.96872	-77.3411	US	1
Lanham	Maryland	38.96875	-76.8634	US	1
Fillmore	Utah	38.96885	-112.32355	US	1
Chevy Chase Village	Maryland	38.96928	-77.07887	US	1
Herndon	Virginia	38.96955	-77.3861	US	1
New Carrollton	Maryland	38.96983	-76.87997	US	1
University Park	Maryland	38.97039	-76.94192	US	1
Lawrence	Kansas	38.97167	-95.23525	US	1
Chapman	Kansas	38.97222	-97.02251	US	1
Boonville	Missouri	38.97364	-92.74324	US	1
Greensboro	Maryland	38.97372	-75.80493	US	1
The Parks At Walter Reed	Maryland	38.97399	-77.02956	US	1
Seabrook	Maryland	38.974	-76.849	US	1
Wildwood Crest	New Jersey	38.97484	-74.8335	US	1
Cabin John	Maryland	38.97539	-77.15803	US	1
Chester	Maryland	38.97539	-76.2894	US	1
Kingsbury	Nevada	38.97713	-119.90685	US	1
Montgomery City	Missouri	38.97754	-91.50488	US	1
Takoma Park	Maryland	38.97789	-77.00748	US	1
Kelseyville	California	38.97795	-122.83944	US	1
Annapolis	Maryland	38.97859	-76.49184	US	1
De Soto	Kansas	38.97917	-94.96858	US	1
Troy	Missouri	38.97949	-90.9807	US	1
Sheridan	California	38.97962	-121.37551	US	1
Bethesda	Maryland	38.98067	-77.10026	US	1
College Park	Maryland	38.98067	-76.93692	US	1
Stevensville	Maryland	38.98067	-76.3144	US	1
Loudoun Valley Estates	Virginia	38.98081	-77.5079	US	1
Chevy Chase	Maryland	38.981	-77.083	US	1
Parole	Maryland	38.981	-76.545	US	1
Shenandoah Farms	Virginia	38.98178	-78.07555	US	1
Brambleton	Virginia	38.98205	-77.5386	US	1
North Cape May	New Jersey	38.98206	-74.95795	US	1
Overland Park	Kansas	38.98223	-94.67079	US	1
Georgia Avenue / Walter Reed	Maryland	38.98256	-77.0263	US	1
Concordia	Missouri	38.98335	-93.56855	US	1
Oak Grove	Virginia	38.984	-77.40388	US	1
Naval Academy	Maryland	38.98568	-76.48774	US	1
Yerington	Nevada	38.98575	-119.16293	US	1
New Haven	West Virginia	38.98647	-81.97347	US	1
Glenn Dale	Maryland	38.98761	-76.82053	US	1
Erma	New Jersey	38.98776	-74.9017	US	1
Langley Park	Maryland	38.98872	-76.98136	US	1
Strasburg	Virginia	38.98872	-78.35862	US	1
Goddard	Maryland	38.98955	-76.85331	US	1
Silver Spring	Maryland	38.99067	-77.02609	US	1
Newton	Illinois	38.99088	-88.16254	US	1
Prairie Village	Kansas	38.99167	-94.63357	US	1
Wildwood	New Jersey	38.99178	-74.81489	US	1
Petersburg	West Virginia	38.99261	-79.12392	US	1
Woodland Park	Colorado	38.99388	-105.05693	US	1
Buckhannon	West Virginia	38.99399	-80.23203	US	1
Berwyn Heights	Maryland	38.994	-76.91053	US	1
Air Force Academy	Colorado	38.99425	-104.86375	US	1
Winfield	Missouri	38.99727	-90.73846	US	1
Taylor Mill	Kentucky	38.99756	-84.49633	US	1
Great Falls	Virginia	38.99817	-77.28832	US	1
Florence	Kentucky	38.99895	-84.62661	US	1
Odessa	Missouri	38.99917	-93.95356	US	1
Oakbrook	Kentucky	38.99978	-84.68522	US	1
North Wildwood	New Jersey	39.00067	-74.79933	US	1
Dranesville	Virginia	39.00067	-77.34582	US	1
Meadow Vista	California	39.00101	-121.02189	US	1
Soda Bay	California	39.00101	-122.78916	US	1
Middleport	Ohio	39.00175	-82.04875	US	1
Crofton	Maryland	39.00178	-76.68747	US	1
Oblong	Illinois	39.00199	-87.90892	US	1
Adelphi	Maryland	39.00317	-76.97192	US	1
Palestine	Illinois	39.00365	-87.6128	US	1
Greenbelt	Maryland	39.00455	-76.87553	US	1
Oak Grove	Missouri	39.00501	-94.12939	US	1
Robinson	Illinois	39.00532	-87.73919	US	1
North Vernon	Indiana	39.00617	-85.62358	US	1
Sterling	Virginia	39.00622	-77.4286	US	1
Felton	Delaware	39.00845	-75.57798	US	1
Raytown	Missouri	39.00862	-94.46356	US	1
Boonville	California	39.00907	-123.36612	US	1
Wheatland	California	39.00989	-121.42301	US	1
Staunton	Illinois	39.01227	-89.79121	US	1
Elsmere	Kentucky	39.01256	-84.60467	US	1
South Kensington	Maryland	39.013	-77.071	US	1
Black Forest	Colorado	39.01305	-104.70081	US	1
Forest Glen	Maryland	39.01455	-77.0547	US	1
Rio Grande	New Jersey	39.01456	-74.88156	US	1
Grain Valley	Missouri	39.01501	-94.19856	US	1
Alma	Kansas	39.01667	-96.28916	US	1
Erlanger	Kentucky	39.01673	-84.60078	US	1
Blue Springs	Missouri	39.01695	-94.28161	US	1
New Franklin	Missouri	39.01725	-92.73741	US	1
Arbuckle	California	39.0174	-122.05775	US	1
Mission Hills	Kansas	39.01778	-94.6169	US	1
Dillsboro	Indiana	39.01783	-85.05884	US	1
Broadlands	Virginia	39.01816	-77.52027	US	1
Potomac	Maryland	39.01817	-77.20859	US	1
Edgewood	Kentucky	39.01867	-84.58189	US	1
Foresthill	California	39.02018	-120.81799	US	1
Four Corners	Maryland	39.02039	-77.01275	US	1
Plumas Lake	California	39.02073	-121.55802	US	1
Cold Spring	Kentucky	39.02173	-84.43994	US	1
Fairway	Kansas	39.02223	-94.6319	US	1
Merriam	Kansas	39.02362	-94.69357	US	1
WaKeeney	Kansas	39.02501	-99.87957	US	1
Belington	West Virginia	39.0251	-79.93563	US	1
Kensington	Maryland	39.02567	-77.07637	US	1
Clearlake Oaks	California	39.02628	-122.67193	US	1
Riverview	Delaware	39.0265	-75.51076	US	1
Hillandale	Maryland	39.0265	-76.97414	US	1
Bloomfield	Indiana	39.02699	-86.93751	US	1
Saint Elmo	Illinois	39.02727	-88.84811	US	1
Crestview Hills	Kentucky	39.02728	-84.58494	US	1
Burlington	Kentucky	39.02756	-84.72411	US	1
Mount Orab	Ohio	39.02757	-83.91965	US	1
Pomeroy	Ohio	39.02758	-82.03375	US	1
Middletown	Virginia	39.02761	-78.28056	US	1
Mission	Kansas	39.02778	-94.65579	US	1
Amelia	Ohio	39.0284	-84.21771	US	1
Crownsville	Maryland	39.02844	-76.60135	US	1
Junction City	Kansas	39.02861	-96.8314	US	1
Villas	New Jersey	39.02872	-74.93851	US	1
Grandview Plaza	Kansas	39.02916	-96.78917	US	1
Arnold	Maryland	39.03206	-76.50274	US	1
Highland Heights	Kentucky	39.03312	-84.45189	US	1
Silver Grove	Kentucky	39.03451	-84.39022	US	1
Linton	Indiana	39.03477	-87.16585	US	1
Country Squire Lakes	Indiana	39.03478	-85.69858	US	1
Beltsville	Maryland	39.03483	-76.90747	US	1
Lakeside Park	Kentucky	39.03562	-84.56911	US	1
Roeland Park	Kansas	39.03751	-94.63218	US	1
Dulles Town Center	Virginia	39.03761	-77.41582	US	1
Sugarland Run	Virginia	39.03761	-77.37526	US	1
Garrett Park	Maryland	39.03816	-77.09303	US	1
Weston	West Virginia	39.03843	-80.46731	US	1
Kemp Mill	Maryland	39.039	-77.01914	US	1
North Kensington	Maryland	39.039	-77.071	US	1
Whitesboro	New Jersey	39.039	-74.85684	US	1
Lake of the Pines	California	39.03962	-121.05661	US	1
Brighton	Illinois	39.03977	-90.14066	US	1
Wheaton	Maryland	39.03983	-77.05526	US	1
White Oak	Maryland	39.03983	-76.99303	US	1
Westwood	Kansas	39.04056	-94.6169	US	1
Lincoln	Kansas	39.04084	-98.14477	US	1
Countryside	Virginia	39.04094	-77.4136	US	1
Shawnee	Kansas	39.04167	-94.72024	US	1
Centreville	Maryland	39.04178	-76.06633	US	1
Bunker Hill	Illinois	39.04282	-89.95177	US	1
Lakeport	California	39.04295	-122.91583	US	1
Whitesboro-Burleigh	New Jersey	39.04305	-74.86538	US	1
Cape Saint Claire	Maryland	39.04317	-76.44496	US	1
Ashburn	Virginia	39.04372	-77.48749	US	1
North Bethesda	Maryland	39.04455	-77.11887	US	1
Gleneagle	Colorado	39.04527	-104.82442	US	1
Johnson Lane	Nevada	39.04796	-119.72212	US	1
Orchard Mesa	Colorado	39.048	-108.529	US	1
Topeka	Kansas	39.04833	-95.67804	US	1
Crescent Springs	Kentucky	39.05145	-84.58161	US	1
Fort Wright	Kentucky	39.05173	-84.53411	US	1
Jackson	Ohio	39.05202	-82.63655	US	1
Herald Harbor	Maryland	39.05372	-76.56913	US	1
Williamsburg	Ohio	39.05423	-84.05299	US	1
Wilder	Kentucky	39.05645	-84.48689	US	1
Aurora	Indiana	39.057	-84.90134	US	1
University Center	Virginia	39.05705	-77.44415	US	1
Calverton	Maryland	39.05761	-76.93581	US	1
Glenmont	Maryland	39.05789	-77.0497	US	1
Fort Mitchell	Kentucky	39.0595	-84.54744	US	1
Smithville-Sanders	Indiana	39.05969	-86.51077	US	1
Bonner Springs	Kansas	39.05973	-94.88358	US	1
Lowes Island	Virginia	39.05983	-77.35221	US	1
Edwardsville	Kansas	39.06112	-94.81968	US	1
Altamont	Illinois	39.06199	-88.74811	US	1
Withamsville	Ohio	39.06228	-84.28827	US	1
Moorefield	West Virginia	39.06233	-78.96947	US	1
Villa Hills	Kentucky	39.06339	-84.593	US	1
Elizabeth	West Virginia	39.06341	-81.39512	US	1
Grand Junction	Colorado	39.06387	-108.55065	US	1
Belmont	Virginia	39.06483	-77.50999	US	1
Hebron	Kentucky	39.06589	-84.70106	US	1
Arden on the Severn	Maryland	39.06594	-76.57885	US	1
Tahoma	California	39.06741	-120.12824	US	1
Woodside East	Delaware	39.06756	-75.53748	US	1
Piketon	Ohio	39.06813	-83.01434	US	1
Travilah	Maryland	39.069	-77.26304	US	1
South Laurel	Maryland	39.06983	-76.85025	US	1
Severna Park	Maryland	39.07039	-76.54524	US	1
Park Hills	Kentucky	39.07145	-84.53217	US	1
Salem Heights	Ohio	39.07173	-84.37827	US	1
Wellsville	Missouri	39.07198	-91.57016	US	1
Versailles	Indiana	39.072	-85.2519	US	1
Southgate	Kentucky	39.072	-84.47272	US	1
Mount Olive	Illinois	39.07227	-89.72731	US	1
Higginsville	Missouri	39.07251	-93.71716	US	1
Cherry Grove	Ohio	39.07256	-84.32188	US	1
Fort Thomas	Kentucky	39.07506	-84.44716	US	1
Forestville	Ohio	39.07506	-84.34494	US	1
Fruit Hill	Ohio	39.07562	-84.36438	US	1
Colesville	Maryland	39.07566	-77.00192	US	1
Fairland	Maryland	39.07622	-76.95775	US	1
Batavia	Ohio	39.07701	-84.17688	US	1
Redlands	Colorado	39.07887	-108.63565	US	1
Aspen Hill	Maryland	39.07955	-77.07303	US	1
Gambrills	Maryland	39.081	-76.658	US	1
Fruitvale	Colorado	39.08165	-108.49676	US	1
Cape May Court House	New Jersey	39.08261	-74.82378	US	1
North Potomac	Maryland	39.08289	-77.26498	US	1
Stephens City	Virginia	39.08344	-78.21806	US	1
Covington	Kentucky	39.08367	-84.50855	US	1
Odenton	Maryland	39.084	-76.70025	US	1
Rockville	Maryland	39.084	-77.15276	US	1
Sherwood	Ohio	39.08478	-84.36077	US	1
Indian Hills	Nevada	39.08602	-119.78407	US	1
North Lakeport	California	39.08831	-122.90538	US	1
Lawrenceburg	Indiana	39.09089	-84.84995	US	1
Independence	Missouri	39.09112	-94.41551	US	1
Newport	Kentucky	39.09145	-84.49578	US	1
Monument	Colorado	39.09166	-104.87276	US	1
Clifton	Colorado	39.09193	-108.44898	US	1
Maryland City	Maryland	39.09205	-76.81775	US	1
Layhill	Maryland	39.09233	-77.04442	US	1
Ludlow	Kentucky	39.09256	-84.54744	US	1
Benld	Illinois	39.09282	-89.80398	US	1
Delhi Hills	Ohio	39.09284	-84.61272	US	1
Ferron	Utah	39.09358	-111.13322	US	1
Sullivan	Indiana	39.09532	-87.40585	US	1
Olivehurst	California	39.09545	-121.55219	US	1
East Independence	Missouri	39.09556	-94.35523	US	1
Parsons	West Virginia	39.09649	-79.6809	US	1
Laurel	Maryland	39.09928	-76.84831	US	1
Kansas City	Missouri	39.09973	-94.57857	US	1
Rising Sun-Lebanon	Delaware	39.09977	-75.50488	US	1
Colfax	California	39.10073	-120.95328	US	1
West Laurel	Maryland	39.10122	-76.8997	US	1
Avalon	New Jersey	39.10122	-74.71766	US	1
Woodmoor	Colorado	39.10138	-104.84748	US	1
Leisure World	Maryland	39.1023	-77.06898	US	1
Darnestown	Maryland	39.10344	-77.29082	US	1
Rossmoor	Maryland	39.10372	-77.07109	US	1
Silver Lake	Kansas	39.10417	-95.8586	US	1
Dry Run	Ohio	39.10423	-84.33049	US	1
Summerside	Ohio	39.10478	-84.28827	US	1
Francisville	Kentucky	39.10506	-84.72439	US	1
Mount Carmel	Ohio	39.10589	-84.3041	US	1
Bellevue	Kentucky	39.10645	-84.47883	US	1
Lake Shore	Maryland	39.10705	-76.48496	US	1
Fort Meade	Maryland	39.10815	-76.74323	US	1
Cloverly	Maryland	39.10816	-76.99775	US	1
Beale Air Force Base	California	39.10917	-121.35444	US	1
Tonganoxie	Kansas	39.10972	-95.08775	US	1
Sugar Creek	Missouri	39.10973	-94.44467	US	1
Turpin Hills	Ohio	39.11006	-84.37994	US	1
Palisade	Colorado	39.11026	-108.35092	US	1
Fort Riley North	Kansas	39.11081	-96.81392	US	1
Ogden	Kansas	39.11111	-96.70612	US	1
Burtonsville	Maryland	39.11122	-76.93248	US	1
Greendale	Indiana	39.11256	-84.86412	US	1
Dayton	Kentucky	39.11284	-84.47272	US	1
Camden	Delaware	39.11345	-75.54187	US	1
Kansas City	Kansas	39.11417	-94.62746	US	1
Spencerville	Maryland	39.11427	-76.97831	US	1
Leesburg	Virginia	39.11566	-77.5636	US	1
South Yuba City	California	39.11656	-121.63913	US	1
Hallsville	Missouri	39.11699	-92.22074	US	1
Derwood	Maryland	39.11733	-77.16109	US	1
Dover Base Housing	Delaware	39.11763	-75.48393	US	1
Wyoming	Delaware	39.11817	-75.55881	US	1
Pasadena	Maryland	39.119	-76.57108	US	1
Effingham	Illinois	39.12004	-88.54338	US	1
Jerseyville	Illinois	39.12005	-90.32845	US	1
Highland Acres	Delaware	39.12095	-75.52187	US	1
Milan	Indiana	39.12117	-85.13135	US	1
Covedale	Ohio	39.12117	-84.60633	US	1
Minneapolis	Kansas	39.12194	-97.7067	US	1
Palmer Lake	Colorado	39.12221	-104.9172	US	1
Marshall	Missouri	39.12308	-93.19687	US	1
Nice	California	39.12323	-122.84833	US	1
Wellston	Ohio	39.12341	-82.53294	US	1
Newtown	Ohio	39.1245	-84.36161	US	1
Worthington	Indiana	39.12504	-86.97945	US	1
Centerfield	Utah	39.12524	-111.81909	US	1
Fort George G Mead Junction	Maryland	39.12594	-76.78914	US	1
Waverly	Ohio	39.12673	-82.98546	US	1
Walnut Hills	Ohio	39.127	-84.48411	US	1
Cincinnati	Ohio	39.12711	-84.51439	US	1
Linda	California	39.12767	-121.5508	US	1
South Gate	Maryland	39.129	-76.6258	US	1
Osgood	Indiana	39.12922	-85.29163	US	1
Gillespie	Illinois	39.12977	-89.81954	US	1
North Kansas City	Missouri	39.13	-94.56218	US	1
Kent Acres	Delaware	39.13178	-75.52492	US	1
Rodney Village	Delaware	39.13206	-75.53242	US	1
Buckner	Missouri	39.13251	-94.19856	US	1
Teutopolis	Illinois	39.1331	-88.47199	US	1
Talmage	California	39.13323	-123.16778	US	1
Oakley	Kansas	39.13334	-100.86376	US	1
Hugo	Colorado	39.1361	-103.46994	US	1
Rossville	Kansas	39.13611	-95.95166	US	1
Purcellville	Virginia	39.13677	-77.71472	US	1
Severn	Maryland	39.13705	-76.6983	US	1
Savage	Maryland	39.13789	-76.82386	US	1
Rock Hall	Maryland	39.13817	-76.23495	US	1
North Laurel	Maryland	39.139	-76.87053	US	1
Green Haven	Maryland	39.13955	-76.54774	US	1
Yuba City	California	39.14045	-121.61691	US	1
Basehor	Kansas	39.14167	-94.93858	US	1
Gaithersburg	Maryland	39.14344	-77.20137	US	1
Ramsey	Illinois	39.14449	-89.10868	US	1
Mariemont	Ohio	39.14506	-84.37438	US	1
Scaggsville	Maryland	39.14511	-76.90025	US	1
Fairfax	Ohio	39.14534	-84.39327	US	1
Redland	Maryland	39.14539	-77.14415	US	0
Marysville	California	39.14573	-121.59135	US	1
Fayette	Missouri	39.14587	-92.68379	US	1
Poolesville	Maryland	39.14594	-77.41693	US	1
Tierra Buena	California	39.14878	-121.66691	US	0
Jessup	Maryland	39.14927	-76.77525	US	1
Ashton-Sandy Spring	Maryland	39.14976	-77.00504	US	1
Ukiah	California	39.15017	-123.20778	US	1
Sunnyside-Tahoe City	California	39.15023	-120.1612	US	1
Fulton	Maryland	39.15094	-76.92303	US	1
Berryville	Virginia	39.15177	-77.98222	US	1
Philippi	West Virginia	39.15232	-80.04036	US	1
Bridgetown	Ohio	39.15311	-84.63717	US	1
Olney	Maryland	39.15316	-77.06692	US	1
Sea Isle City	New Jersey	39.15345	-74.69294	US	1
Williams	California	39.15461	-122.14942	US	1
Gunnison	Utah	39.15524	-111.81826	US	1
Norwood	Ohio	39.15561	-84.45966	US	1
Hardin	Illinois	39.15671	-90.6179	US	1
Cheviot	Ohio	39.157	-84.61328	US	1
Mack	Ohio	39.15811	-84.64967	US	1
Dover	Delaware	39.15817	-75.52437	US	1
Fruita	Colorado	39.15887	-108.72899	US	1
Terrace Park	Ohio	39.15923	-84.30716	US	1
Sutter	California	39.15989	-121.75275	US	1
Hillsboro	Illinois	39.16128	-89.4954	US	1
Cleves	Ohio	39.16172	-84.74912	US	1
Hidden Valley	Indiana	39.16228	-84.84301	US	1
Glen Burnie	Maryland	39.16261	-76.62469	US	1
Jasonville	Indiana	39.1631	-87.19918	US	1
Carson City	Nevada	39.1638	-119.7674	US	1
Upper Lake	California	39.16461	-122.91055	US	1
Miami Heights	Ohio	39.16506	-84.7205	US	1
Bloomington	Indiana	39.16533	-86.52639	US	1
Elsberry	Missouri	39.16672	-90.78096	US	1
Riviera Beach	Maryland	39.16678	-76.50802	US	1
Saint Bernard	Ohio	39.167	-84.49855	US	1
Mexico	Missouri	39.16976	-91.88295	US	1
Germantown	Maryland	39.17316	-77.27165	US	1
Day Heights	Ohio	39.17395	-84.22633	US	1
Litchfield	Illinois	39.17533	-89.65426	US	1
Milford	Ohio	39.17534	-84.29438	US	1
Westport	Indiana	39.17589	-85.57303	US	1
Montgomery Village	Maryland	39.17677	-77.19526	US	1
Mineral Wells	West Virginia	39.178	-81.51207	US	1
Shelburn	Indiana	39.17837	-87.39363	US	1
Highland	Maryland	39.179	-76.95748	US	1
The Village of Indian Hill	Ohio	39.17949	-84.33517	US	1
Ferndale	Maryland	39.18316	-76.64024	US	1
Manhattan	Kansas	39.18361	-96.57167	US	1
Lexington	Missouri	39.18473	-93.87994	US	1
Winchester	Virginia	39.18566	-78.16333	US	1
Dent	Ohio	39.18589	-84.65134	US	1
Elmwood Place	Ohio	39.18728	-84.488	US	1
Golf Manor	Ohio	39.18728	-84.44633	US	1
Dollar Point	California	39.18796	-120.09991	US	1
Monfort Heights	Ohio	39.18839	-84.59522	US	1
Madeira	Ohio	39.19089	-84.36355	US	1
Aspen	Colorado	39.1911	-106.81754	US	1
Shawnee Land	Virginia	39.19149	-78.34556	US	1
Silverton	Ohio	39.19284	-84.4005	US	1
Hanover	Maryland	39.19289	-76.72414	US	1
Mulberry	Ohio	39.19339	-84.24216	US	1
Saint Marys	Kansas	39.19416	-96.0711	US	1
Grandview	Ohio	39.19422	-84.72439	US	1
Parkville	Missouri	39.195	-94.68218	US	1
Loma	Colorado	39.19581	-108.81316	US	1
Penn Valley	California	39.196	-121.19107	US	1
Finneytown	Ohio	39.20034	-84.5205	US	1
Mount Repose	Ohio	39.20062	-84.22438	US	1
Columbus	Indiana	39.20144	-85.92138	US	1
Wamego	Kansas	39.20194	-96.305	US	1
Hillsboro	Ohio	39.20229	-83.61159	US	1
Claycomo	Missouri	39.2025	-94.49245	US	1
Gladstone	Missouri	39.20389	-94.55468	US	1
Amberley	Ohio	39.20478	-84.428	US	1
Kingstown	Maryland	39.20483	-76.05133	US	1
Linthicum	Maryland	39.20511	-76.65275	US	1
Deer Park	Ohio	39.20534	-84.39466	US	1
West Elkridge	Maryland	39.20705	-76.72692	US	1
Nashville	Indiana	39.20727	-86.2511	US	1
Chestertown	Maryland	39.209	-76.06661	US	1
Harrisville	West Virginia	39.20952	-81.05178	US	1
Centralia	Missouri	39.21032	-92.13795	US	1
Kenwood	Ohio	39.21061	-84.36716	US	1
Castle Dale	Utah	39.21219	-111.01961	US	1
Elkridge	Maryland	39.21261	-76.71358	US	1
Snowmass Village	Colorado	39.21304	-106.93782	US	1
White Oak	Ohio	39.21311	-84.59939	US	1
Rossmoyne	Ohio	39.21367	-84.38688	US	1
Colusa	California	39.21433	-122.00942	US	1
Oskaloosa	Kansas	39.21528	-95.31275	US	1
Miamitown	Ohio	39.21589	-84.70411	US	1
Pleasant Valley	Missouri	39.21639	-94.48412	US	1
Shannondale	West Virginia	39.21705	-77.80749	US	1
Pumphrey	Maryland	39.21733	-76.63719	US	1
Slater	Missouri	39.21808	-93.06909	US	1
Dillonvale	Ohio	39.21811	-84.40216	US	1
Bright	Indiana	39.21839	-84.85606	US	1
North College Hill	Ohio	39.21839	-84.55078	US	1
Grass Valley	California	39.21906	-121.06106	US	1
Cheswold	Delaware	39.21928	-75.58576	US	1
Groesbeck	Ohio	39.22311	-84.58689	US	1
Albany	Missouri	39.22334	-94.11328	US	1
Reading	Ohio	39.22367	-84.44216	US	1
Fairplay	Colorado	39.22471	-106.00196	US	1
Curtis Bay	Maryland	39.22677	-76.58802	US	1
Orangeville	Utah	39.22719	-111.0535	US	1
Glasgow	Missouri	39.22725	-92.84658	US	1
Montgomery	Ohio	39.22811	-84.35411	US	1
Brooklyn Park	Maryland	39.22844	-76.61636	US	1
Skyline Acres	Ohio	39.22867	-84.56689	US	1
Lockland	Ohio	39.22922	-84.45772	US	1
Brooklyn	Maryland	39.23039	-76.60219	US	1
Wyoming	Ohio	39.23117	-84.46578	US	1
Blue Ash	Ohio	39.232	-84.37827	US	1
Lake Wildwood	California	39.23295	-121.20051	US	1
Baltimore Highlands	Maryland	39.23316	-76.63663	US	1
Goshen	Ohio	39.23339	-84.16132	US	1
Mount Healthy	Ohio	39.23367	-84.54578	US	1
Ellettsville	Indiana	39.23393	-86.625	US	1
Plainville	Kansas	39.23473	-99.29816	US	1
Lubeck	West Virginia	39.23535	-81.63124	US	1
Sunman	Indiana	39.237	-85.09468	US	1
Dayton	Nevada	39.23714	-119.59295	US	1
Kings Beach	California	39.23768	-120.02658	US	1
Weatherby Lake	Missouri	39.23778	-94.69607	US	1
Clarksburg	Maryland	39.23872	-77.27943	US	1
Lincoln Heights	Ohio	39.23895	-84.4555	US	1
Tahoe Vista	California	39.23991	-120.05102	US	1
Columbia	Maryland	39.24038	-76.83942	US	1
Lynchburg	Ohio	39.24173	-83.79131	US	1
Woodbine	New Jersey	39.24178	-74.81517	US	1
Edgemere	Maryland	39.24205	-76.44802	US	1
Lansdowne	Maryland	39.24511	-76.66052	US	1
Port Norris	New Jersey	39.24595	-75.03518	US	1
Liberty	Missouri	39.24611	-94.41912	US	1
Northbrook	Ohio	39.24645	-84.58356	US	1
McArthur	Ohio	39.24646	-82.47849	US	1
Ely	Nevada	39.24744	-114.88863	US	1
Greenup	Illinois	39.24782	-88.16337	US	1
Lansing	Kansas	39.24861	-94.90024	US	1
Farmersburg	Indiana	39.24865	-87.38196	US	1
Dundalk	Maryland	39.25066	-76.52052	US	1
Leadville	Colorado	39.25082	-106.29252	US	1
Stonewood	West Virginia	39.25092	-80.31231	US	1
Ilchester	Maryland	39.25094	-76.76469	US	1
Incline Village	Nevada	39.2513	-119.97297	US	1
Woodlawn	Ohio	39.252	-84.47022	US	1
Northgate	Ohio	39.25283	-84.59245	US	1
Arbutus	Maryland	39.25455	-76.69997	US	1
Cherry Hill	Maryland	39.25483	-76.63441	US	1
Evendale	Ohio	39.25617	-84.418	US	1
Perry Park	Colorado	39.25666	-104.99248	US	1
Leadville North	Colorado	39.2576	-106.30138	US	1
Lakeland	Maryland	39.25816	-76.6508	US	1
Dry Ridge	Ohio	39.25922	-84.61911	US	1
New Burlington	Ohio	39.2595	-84.55717	US	1
Washington	West Virginia	39.26119	-81.6718	US	1
Nevada City	California	39.26173	-121.01779	US	1
Harrison	Ohio	39.262	-84.81995	US	1
Westport	Maryland	39.26205	-76.63552	US	1
Nutter Fort	West Virginia	39.26342	-80.31981	US	1
Blennerhassett	West Virginia	39.26369	-81.62929	US	1
Limon	Colorado	39.26388	-103.69217	US	1
Middlebury	Indiana	39.26421	-87.1189	US	1
Morrell Park	Maryland	39.26455	-76.6608	US	1
Redwood Valley	California	39.26544	-123.20445	US	1
Parkersburg	West Virginia	39.26674	-81.56151	US	1
Ellicott City	Maryland	39.26733	-76.79831	US	1
Violetville	Maryland	39.26761	-76.67441	US	1
Greenhills	Ohio	39.26811	-84.523	US	1
Sharonville	Ohio	39.26811	-84.41327	US	1
Charlestown	Maryland	39.26816	-76.70525	US	1
Manti	Utah	39.2683	-111.63686	US	1
Loveland	Ohio	39.26895	-84.26383	US	1
Locust Point	Maryland	39.26945	-76.59204	US	1
Mount Healthy Heights	Ohio	39.27033	-84.568	US	1
South Baltimore	Maryland	39.2704	-76.61507	US	1
Glendale	Ohio	39.27061	-84.45939	US	1
Beechfield	Maryland	39.27177	-76.69275	US	1
Catonsville	Maryland	39.27205	-76.73192	US	1
Lovettsville	Virginia	39.2726	-77.63666	US	1
Sixteen Mile Stand	Ohio	39.27284	-84.32744	US	1
Toledo	Illinois	39.27365	-88.24365	US	1
Belpre	Ohio	39.27396	-81.5729	US	1
Broening Manor	Maryland	39.27424	-76.53783	US	1
Point of Rocks	Maryland	39.27594	-77.53915	US	1
Yale Heights	Maryland	39.27612	-76.69056	US	1
Maxwell	California	39.27628	-122.19137	US	1
Sharp-Leadenhall	Maryland	39.27682	-76.61769	US	1
Ocean City	New Jersey	39.27762	-74.5746	US	1
Federal Hill	Maryland	39.27827	-76.61161	US	1
Richmond	Missouri	39.27862	-93.97689	US	1
Medford	Maryland	39.27872	-76.54733	US	1
Millhill	Maryland	39.27928	-76.65683	US	1
Carlinville	Illinois	39.27977	-89.88177	US	1
Canton	Maryland	39.28039	-76.56663	US	1
Clarksburg	West Virginia	39.28065	-80.34453	US	1
Graceland Park	Maryland	39.28119	-76.53314	US	1
Washington Village/Pigtown	Maryland	39.28166	-76.6323	US	1
Otterbein	Maryland	39.28195	-76.61614	US	1
Carrollton Ridge	Maryland	39.28232	-76.64886	US	1
Fells Point	Maryland	39.28261	-76.5933	US	1
Salem	West Virginia	39.28287	-80.55899	US	1
Irvington	Maryland	39.28288	-76.68608	US	0
New Southwest/Mount Clare	Maryland	39.28303	-76.64173	US	1
Inner Harbor	Maryland	39.28356	-76.6063	US	1
Brewers Hill	Maryland	39.28417	-76.56462	US	1
Ten Hills	Maryland	39.28427	-76.70108	US	1
Westgate	Maryland	39.28445	-76.70673	US	1
Pennsboro	West Virginia	39.28508	-80.96844	US	1
Saint Josephs	Maryland	39.28535	-76.67516	US	1
Greektown	Maryland	39.28542	-76.55425	US	1
Carroll-South Hilton	Maryland	39.28579	-76.66691	US	1
Shipley Hill	Maryland	39.28631	-76.65711	US	1
Bridgeport	West Virginia	39.28648	-80.2562	US	1
Highlandtown	Maryland	39.2865	-76.56885	US	1
Union Square	Maryland	39.28668	-76.64154	US	1
Spencer	Indiana	39.28671	-86.76251	US	1
Springdale	Ohio	39.287	-84.48522	US	1
Hollins Market	Maryland	39.28733	-76.63319	US	1
Upper Fells Point	Maryland	39.28796	-76.58888	US	1
Highpoint	Ohio	39.28839	-84.35022	US	1
Damascus	Maryland	39.28844	-77.20387	US	1
Despard	West Virginia	39.2887	-80.30592	US	1
Bayview	Maryland	39.28895	-76.54163	US	1
Charles Town	West Virginia	39.28899	-77.85972	US	1
Butcher's Hill	Maryland	39.28955	-76.5883	US	1
Allendale	Maryland	39.28993	-76.68154	US	1
Uplands	Maryland	39.28994	-76.69288	US	1
Forest Park	Ohio	39.29034	-84.50411	US	1
Baltimore	Maryland	39.29038	-76.61219	US	1
Franklin Square	Maryland	39.2904	-76.64277	US	1
Clayton	Delaware	39.29067	-75.63437	US	1
Jonestown	Maryland	39.29086	-76.60366	US	1
Downtown	Maryland	39.29107	-76.61518	US	1
Poppleton	Maryland	39.2911	-76.63293	US	1
Penrose/Fayette Street Outreach	Maryland	39.29112	-76.65739	US	1
Washington Hill	Maryland	39.29152	-76.59467	US	1
Dunlap	Ohio	39.29228	-84.618	US	1
Hunting Ridge	Maryland	39.29261	-76.70192	US	1
Patterson Park Neighborhood	Maryland	39.29269	-76.57471	US	1
Blanchester	Ohio	39.29312	-83.98882	US	1
Patterson Place	Maryland	39.29376	-76.5834	US	1
Old Town	Maryland	39.294	-76.60719	US	1
Rognel Heights	Maryland	39.294	-76.6858	US	1
Rosemont Homeowners/Tenants	Maryland	39.29434	-76.65759	US	1
Ranson	West Virginia	39.2951	-77.86055	US	1
Edmondson Village	Maryland	39.29511	-76.68164	US	1
Augusta	West Virginia	39.29538	-78.63779	US	1
Harlem Park	Maryland	39.29597	-76.6401	US	1
Midtown-Edmondson	Maryland	39.29627	-76.65014	US	1
West Union	West Virginia	39.29647	-80.77705	US	1
Seton Hill	Maryland	39.29672	-76.6237	US	1
McElderry Park	Maryland	39.29686	-76.58046	US	1
Ellwood Park/Monument	Maryland	39.29717	-76.57219	US	1
Mosher	Maryland	39.29735	-76.6624	US	1
West Hills	Maryland	39.29736	-76.70662	US	1
Franklintown Road	Maryland	39.29738	-76.66758	US	1
Penn-Fallsway	Maryland	39.29753	-76.60867	US	1
Mount Vernon	Maryland	39.29761	-76.6158	US	1
Casey	Illinois	39.2992	-87.99253	US	1
Loveland Park	Ohio	39.29978	-84.26327	US	1
Pleasant Run	Ohio	39.29978	-84.56356	US	1
Smyrna	Delaware	39.29983	-75.60465	US	1
Batesville	Indiana	39.30005	-85.22218	US	1
Milton-Montford	Maryland	39.30062	-76.58312	US	1
Madison-Eastend	Maryland	39.30077	-76.57691	US	1
Nokomis	Illinois	39.30116	-89.28508	US	1
Gay Street	Maryland	39.30123	-76.59683	US	1
Upton	Maryland	39.30149	-76.63152	US	1
Bridgeview/Greenlawn	Maryland	39.30151	-76.65466	US	1
Middle East	Maryland	39.30151	-76.58982	US	1
Armistead Gardens	Maryland	39.30177	-76.54941	US	1
Carrollton	Illinois	39.30227	-90.40706	US	1
Pleasant Run Farm	Ohio	39.30311	-84.548	US	1
Johnston Square	Maryland	39.30348	-76.60624	US	1
Sandtown-Winchester	Maryland	39.30376	-76.64258	US	1
Hope	Indiana	39.30394	-85.77137	US	1
Mid-Town Belvedere	Maryland	39.30406	-76.61659	US	1
Rosemont	Maryland	39.30443	-76.67054	US	1
Madison Park	Maryland	39.30449	-76.62722	US	1
Cordry Sweetwater Lakes	Indiana	39.30464	-86.11837	US	1
Franklintown	Maryland	39.30584	-76.70145	US	1
Burlington	Colorado	39.30611	-102.26936	US	1
Northwest Community Action	Maryland	39.30647	-76.66529	US	1
Coppin Heights/Ash-Co-East	Maryland	39.307	-76.65725	US	1
Easterwood	Maryland	39.30744	-76.65029	US	1
Bolton Hill	Maryland	39.30782	-76.62573	US	1
Oliver	Maryland	39.30802	-76.5993	US	1
Druid Heights	Maryland	39.3083	-76.63708	US	1
Broadway East	Maryland	39.30846	-76.58882	US	1
Greenmount West	Maryland	39.30874	-76.6116	US	1
Walbrook	Maryland	39.309	-76.67136	US	1
Essex	Maryland	39.30927	-76.47496	US	1
Green Valley	Maryland	39.30927	-77.29721	US	1
Berea	Maryland	39.30961	-76.57801	US	1
Virginia City	Nevada	39.30963	-119.64962	US	1
Charles North	Maryland	39.31058	-76.61709	US	1
Vandalia	Missouri	39.31087	-91.48849	US	1
Adamstown	Maryland	39.31094	-77.47471	US	1
Leavenworth	Kansas	39.31111	-94.92246	US	1
Loma Rica	California	39.31183	-121.41774	US	1
Landen	Ohio	39.312	-84.28299	US	1
Penn North	Maryland	39.31212	-76.64259	US	1
Mount Holly	Maryland	39.31214	-76.67864	US	1
Ross	Ohio	39.31228	-84.6505	US	1
Wakefield	Maryland	39.31261	-76.69803	US	1
Panway/Braddish Avenue	Maryland	39.31287	-76.66267	US	1
Orchard Ridge	Maryland	39.31324	-76.55828	US	1
Reservoir Hill	Maryland	39.31363	-76.63316	US	1
Brunswick	Maryland	39.31427	-77.62777	US	1
Barclay	Maryland	39.31472	-76.61233	US	1
East Baltimore Midway	Maryland	39.31485	-76.60323	US	1
Parkview/Woodbrook	Maryland	39.3168	-76.64805	US	1
Mondawmin	Maryland	39.31761	-76.65941	US	1
Somers Point	New Jersey	39.31762	-74.5946	US	1
Garwyn Oaks	Maryland	39.31785	-76.67933	US	1
Hanlon-Longwood	Maryland	39.31821	-76.66946	US	1
Neoga	Illinois	39.31948	-88.45283	US	1
Rosedale	Maryland	39.32011	-76.51552	US	1
Remington	Maryland	39.32015	-76.62283	US	1
West Forest Park	Maryland	39.32036	-76.69176	US	1
Harwood	Maryland	39.32078	-76.61125	US	1
Woodlawn	Maryland	39.32288	-76.72803	US	1
Coldstream Homestead Montebello	Maryland	39.32294	-76.59547	US	1
Concerned Citizens Of Forest Park	Maryland	39.32314	-76.68369	US	1
Charles Village	Maryland	39.32316	-76.6133	US	1
Bolivar	West Virginia	39.32343	-77.75277	US	1
New Vienna	Ohio	39.32367	-83.69103	US	1
Better Waverly	Maryland	39.32439	-76.60517	US	1
Forest Park	Maryland	39.32594	-76.68191	US	1
Urbana	Maryland	39.32594	-77.35137	US	1
Huntington	Utah	39.32664	-110.96461	US	1
Central Forest Park	Maryland	39.32677	-76.68833	US	1
Vienna	West Virginia	39.32702	-81.54846	US	1
Margate City	New Jersey	39.32789	-74.50349	US	1
Truckee	California	39.32796	-120.18325	US	1
Ashburton	Maryland	39.32823	-76.6717	US	1
Waverly	Maryland	39.32844	-76.60608	US	1
Park Circle	Maryland	39.32877	-76.66013	US	1
Athens	Ohio	39.32924	-82.10126	US	1
Frankford	Maryland	39.32928	-76.54463	US	1
Hampden	Maryland	39.33094	-76.63497	US	1
Howard Park	Maryland	39.33122	-76.69469	US	1
East Arlington	Maryland	39.33147	-76.66848	US	1
Callaway-Garrison	Maryland	39.33156	-76.67963	US	1
Dorchester	Maryland	39.33178	-76.68632	US	1
Cedonia	Maryland	39.33221	-76.53206	US	1
Gwynn Oak	Maryland	39.33261	-76.69275	US	1
Chillicothe	Ohio	39.33312	-82.9824	US	1
Ednor Gardens-Lakeside	Maryland	39.33314	-76.5967	US	1
Arcadia	Maryland	39.33385	-76.56774	US	1
Middle River	Maryland	39.33427	-76.43941	US	1
Buckeystown	Maryland	39.33482	-77.43165	US	1
Guilford	Maryland	39.33483	-76.61802	US	1
Bowleys Quarters	Maryland	39.33539	-76.39024	US	1
Martinsville	Illinois	39.33559	-87.88198	US	1
North Fork Village	Ohio	39.3359	-83.02907	US	1
West Arlington	Maryland	39.33677	-76.69497	US	1
Greenspring	Maryland	39.33706	-76.66022	US	1
Greensburg	Indiana	39.33727	-85.48358	US	1
Dolfield	Maryland	39.33772	-76.68031	US	1
Tuscany-Canterbury	Maryland	39.33784	-76.6215	US	1
Rossville	Maryland	39.33844	-76.47968	US	1
Excelsior Springs	Missouri	39.33917	-94.22606	US	1
Laurel Lake	New Jersey	39.33956	-75.0299	US	1
Pen Lucy	Maryland	39.33974	-76.60498	US	1
Original Northwood	Maryland	39.33982	-76.59678	US	1
Linwood	New Jersey	39.33984	-74.57516	US	1
Medfield	Maryland	39.34026	-76.64326	US	1
Ventnor City	New Jersey	39.34039	-74.47737	US	1
Grove Park	Maryland	39.34042	-76.70257	US	1
Lochearn	Maryland	39.34066	-76.72219	US	1
Grafton	West Virginia	39.34092	-80.01897	US	1
Hillen	Maryland	39.34187	-76.59019	US	1
Bowling Green	Missouri	39.34199	-91.19514	US	1
Romney	West Virginia	39.34204	-78.75668	US	1
Parklane	Maryland	39.34268	-76.66224	US	1
Valley Falls	Kansas	39.34333	-95.46025	US	1
Greenfield	Illinois	39.34366	-90.21261	US	1
Central Park Heights	Maryland	39.34368	-76.67106	US	1
Leesburg	Ohio	39.34506	-83.55297	US	1
Fairfield	Ohio	39.34589	-84.5605	US	1
Morgan State University	Maryland	39.34609	-76.58201	US	1
Waltherson	Maryland	39.3465	-76.56274	US	1
Cedmont	Maryland	39.34668	-76.53452	US	1
Lauraville	Maryland	39.34669	-76.57154	US	1
Beckett Ridge	Ohio	39.347	-84.43522	US	1
Kiowa	Colorado	39.34721	-104.46441	US	1
Cylburn	Maryland	39.34762	-76.66408	US	1
Milford Mill	Maryland	39.34788	-76.76997	US	1
Cold Spring	Maryland	39.34844	-76.65775	US	1
Arlington	Maryland	39.34857	-76.68324	US	1
New Northwood	Maryland	39.34883	-76.59496	US	1
Loyola/Notre Dame	Maryland	39.3493	-76.62116	US	1
Glenham-Belhar	Maryland	39.35003	-76.54858	US	1
Goodland	Kansas	39.35083	-101.71017	US	1
Greenfield	Ohio	39.35201	-83.38269	US	1
Delta	Utah	39.35218	-112.57717	US	1
Perring Loch	Maryland	39.35269	-76.58478	US	1
Levindale	Maryland	39.35296	-76.66466	US	1
Reisterstown Station	Maryland	39.35311	-76.70333	US	1
Princes Lakes	Indiana	39.35366	-86.09805	US	1
Edinburgh	Indiana	39.35422	-85.96666	US	1
Kenilworth Park	Maryland	39.35427	-76.59802	US	1
Morrow	Ohio	39.3545	-84.12716	US	1
Roland Park	Maryland	39.35455	-76.63414	US	1
Rosemont East	Maryland	39.35557	-76.53841	US	1
Kings Mills	Ohio	39.35561	-84.24855	US	1
Glen	Maryland	39.35632	-76.69066	US	1
Cameron Village	Maryland	39.35666	-76.59958	US	1
Mid-Govans	Maryland	39.35743	-76.60582	US	1
Hoxie	Kansas	39.3575	-100.44181	US	1
Inwood	West Virginia	39.35788	-78.04	US	1
Homeland	Maryland	39.35816	-76.62441	US	1
Carrollton	Missouri	39.35835	-93.49577	US	1
Westfield	Maryland	39.35917	-76.55148	US	1
Ephraim	Utah	39.35968	-111.58631	US	1
Mason	Ohio	39.36006	-84.30994	US	1
Elizabeth	Colorado	39.36027	-104.59691	US	1
Loch Raven	Maryland	39.36142	-76.58183	US	1
Boaz	West Virginia	39.36146	-81.50207	US	1
Jefferson	Maryland	39.36205	-77.53165	US	1
Hamilton Hills	Maryland	39.36277	-76.56505	US	1
Ramblewood	Maryland	39.36288	-76.58691	US	1
Chinquapin Park	Maryland	39.36314	-76.60228	US	1
Overlea	Maryland	39.36344	-76.52052	US	1
Wetherington	Ohio	39.36367	-84.37744	US	1
Gridley	California	39.36378	-121.69358	US	1
Cheswolde	Maryland	39.364	-76.68914	US	1
Atlantic City	New Jersey	39.36415	-74.42306	US	1
Mount Washington	Maryland	39.36427	-76.67275	US	1
Hill City	Kansas	39.36473	-99.84206	US	1
Glen Oaks	Maryland	39.36483	-76.59647	US	1
Cross Country	Maryland	39.36612	-76.69797	US	1
North Harford Road	Maryland	39.36617	-76.54612	US	1
North Roland Park/Poplar Hill	Maryland	39.36694	-76.63962	US	1
Randallstown	Maryland	39.36733	-76.79525	US	1
Kearney	Missouri	39.36778	-94.36217	US	1
Fallstaff	Maryland	39.36844	-76.70664	US	1
Basalt	Colorado	39.36887	-107.03282	US	1
The Plains	Ohio	39.36896	-82.13237	US	1
Lake Walker	Maryland	39.36961	-76.60434	US	1
Idlewood	Maryland	39.37011	-76.58913	US	1
Platte City	Missouri	39.37028	-94.78246	US	1
Northfield	New Jersey	39.37039	-74.55015	US	1
South Lebanon	Ohio	39.37089	-84.21327	US	1
Castle Rock	Colorado	39.37221	-104.85609	US	1
Ballenger Creek	Maryland	39.3726	-77.43526	US	1
Reno	Ohio	39.37285	-81.39567	US	1
Sykesville	Maryland	39.37371	-76.96776	US	1
Stagecoach	Nevada	39.3738	-119.37406	US	1
Pikesville	Maryland	39.37427	-76.72247	US	1
Mount Airy	Maryland	39.37621	-77.1547	US	1
Parkville	Maryland	39.37733	-76.53969	US	1
Fairton	New Jersey	39.38178	-75.21991	US	1
New Market	Maryland	39.3826	-77.26943	US	1
White Marsh	Maryland	39.38372	-76.43218	US	1
Smithville	Missouri	39.38694	-94.58107	US	1
Pana	Illinois	39.38893	-89.08008	US	1
Pleasantville	New Jersey	39.38984	-74.52404	US	1
Newport	Ohio	39.39091	-81.22678	US	1
Marshall	Illinois	39.39143	-87.69364	US	1
Geneva	Indiana	39.39172	-85.71998	US	1
Saint Marys	West Virginia	39.39174	-81.20511	US	1
Bethlehem	West Virginia	39.39203	-80.28064	US	1
Bartonsville	Maryland	39.3926	-77.35804	US	1
Westmoreland	Kansas	39.39389	-96.41361	US	1
Carney	Maryland	39.39427	-76.52358	US	1
El Jebel	Colorado	39.39498	-107.09033	US	1
Townsend	Delaware	39.39511	-75.6916	US	1
Shinnston	West Virginia	39.39564	-80.30009	US	1
Colby	Kansas	39.39584	-101.05238	US	1
Chauncey	Ohio	39.39785	-82.12931	US	1
Mountain Lake Park	Maryland	39.39843	-79.38171	US	1
Hamilton	Ohio	39.3995	-84.56134	US	1
Williamstown	West Virginia	39.40063	-81.44818	US	1
Frankfort	Ohio	39.40145	-83.18074	US	1
Spring Ridge	Maryland	39.40149	-77.35248	US	1
Towson	Maryland	39.4015	-76.60191	US	1
Millville	New Jersey	39.40206	-75.03934	US	1
Carbondale	Colorado	39.40221	-107.21116	US	1
Eldersburg	Maryland	39.40371	-76.95026	US	1
McGill	Nevada	39.40494	-114.77863	US	1
Bailey	Colorado	39.40554	-105.47333	US	1
Garrison	Maryland	39.40594	-76.76053	US	1
Shelbyville	Illinois	39.40643	-88.79007	US	1
Oakland	Maryland	39.40787	-79.40671	US	1
Ponderosa Park	Colorado	39.40832	-104.65108	US	1
Willits	California	39.40961	-123.35557	US	1
Brigantine	New Jersey	39.41012	-74.36459	US	1
Linganore	Maryland	39.411	-77.302	US	1
Weston	Missouri	39.41111	-94.90163	US	1
Estell Manor	New Jersey	39.41206	-74.74239	US	1
Biggs	California	39.41239	-121.71275	US	1
Perry Hall	Maryland	39.41261	-76.46357	US	1
Joppatowne	Maryland	39.414	-76.358	US	1
Frederick	Maryland	39.41427	-77.41054	US	1
Marietta	Ohio	39.41535	-81.45484	US	1
Silver Springs	Nevada	39.41547	-119.22461	US	1
Trafalgar	Indiana	39.41616	-86.15082	US	1
Moberly	Missouri	39.41837	-92.43824	US	1
Braddock Heights	Maryland	39.41871	-77.5036	US	1
Edgewood	Maryland	39.41872	-76.2944	US	1
Owings Mills	Maryland	39.41955	-76.78025	US	1
Morrisonville	Illinois	39.42005	-89.45565	US	1
Lutherville	Maryland	39.42122	-76.62608	US	1
Hampton	Maryland	39.42288	-76.58469	US	1
Brookville	Indiana	39.42311	-85.01274	US	1
Salisbury	Missouri	39.42392	-92.80158	US	1
Bridgeton	New Jersey	39.42734	-75.23408	US	1
Martinsville	Indiana	39.42783	-86.42833	US	1
Saint Paul	Indiana	39.4281	-85.62831	US	1
Absecon	New Jersey	39.42845	-74.49571	US	1
Shepherdstown	West Virginia	39.4301	-77.80416	US	1
Mays Chapel	Maryland	39.43316	-76.64941	US	1
Keytesville	Missouri	39.43447	-92.93825	US	1
New Miami	Ohio	39.43478	-84.53689	US	1
Lebanon	Ohio	39.43534	-84.20299	US	1
Palermo	California	39.43544	-121.53802	US	1
White Hall	Illinois	39.43699	-90.40318	US	1
Timonium	Maryland	39.43705	-76.61969	US	1
Stockton	Kansas	39.43807	-99.2651	US	1
Lawson	Missouri	39.43834	-94.20411	US	1
Osborne	Kansas	39.43914	-98.69624	US	1
Lutherville-Timonium	Maryland	39.43997	-76.61099	US	1
Monroe	Ohio	39.44034	-84.36216	US	1
Huntsville	Missouri	39.44059	-92.54518	US	1
Windsor	Illinois	39.44087	-88.59478	US	1
Keyser	West Virginia	39.44093	-78.97392	US	1
Battlement Mesa	Colorado	39.44137	-108.02507	US	1
Middletown	Maryland	39.44371	-77.54471	US	1
Brooktrails	California	39.44377	-123.38529	US	1
Wilmington	Ohio	39.44534	-83.82854	US	1
Terra Alta	West Virginia	39.44565	-79.54644	US	1
Fort Bragg	California	39.44572	-123.80529	US	1
South Vineland	New Jersey	39.44595	-75.02879	US	1
Girard	Illinois	39.44644	-89.78093	US	1
Kingsville	Maryland	39.44872	-76.41774	US	1
Louisiana	Missouri	39.44894	-91.05153	US	1
Middletown	Delaware	39.44956	-75.71632	US	1
Parachute	Colorado	39.45192	-108.05285	US	1
Mays Landing	New Jersey	39.45234	-74.72766	US	1
The Pinery	Colorado	39.45527	-104.73442	US	1
Pleasant Valley	West Virginia	39.45536	-80.14175	US	1
Beloit	Kansas	39.45612	-98.10616	US	1
Clover Hill	Maryland	39.45621	-77.42887	US	1
Martinsburg	West Virginia	39.45621	-77.96389	US	1
Castle Pines	Colorado	39.45804	-104.89609	US	1
Nelsonville	Ohio	39.45868	-82.23182	US	1
Abingdon	Maryland	39.46233	-76.27912	US	1
Monongah	West Virginia	39.46258	-80.21814	US	1
Challenge-Brownsville	California	39.46447	-121.26338	US	1
West Terre Haute	Indiana	39.46504	-87.45002	US	1
Holton	Kansas	39.46527	-95.73637	US	1
Terre Haute	Indiana	39.4667	-87.41391	US	1
Aberdeen Proving Ground	Maryland	39.46686	-76.13066	US	1
Perryman	Maryland	39.46955	-76.2044	US	1
Reisterstown	Maryland	39.46976	-76.8319	US	1
Castle Pines North	Colorado	39.47174	-104.89482	US	1
Kingwood	West Virginia	39.47176	-79.68339	US	1
Fallon	Nevada	39.47353	-118.77737	US	1
Devola	Ohio	39.47369	-81.47901	US	1
Riverside	Maryland	39.47372	-76.24134	US	1
Roxborough Park	Colorado	39.47388	-105.08526	US	1
Kingston	Ohio	39.47395	-82.91073	US	1
Rosenhayn	New Jersey	39.47817	-75.13129	US	1
Pomona	New Jersey	39.47845	-74.57516	US	1
Pleasant Hills	Maryland	39.47955	-76.39413	US	1
Franklin	Indiana	39.48061	-86.05499	US	1
Paris	Missouri	39.48087	-92.00128	US	1
Trenton	Ohio	39.48089	-84.45772	US	1
South Oroville	California	39.481	-121.536	US	1
Cockeysville	Maryland	39.48122	-76.64386	US	1
Breckenridge	Colorado	39.48165	-106.03835	US	1
Spring City	Utah	39.48246	-111.49602	US	1
Mattoon	Illinois	39.48309	-88.37283	US	1
Roodhouse	Illinois	39.48394	-90.37151	US	1
Fairmont	West Virginia	39.48508	-80.14258	US	1
Westernport	Maryland	39.48537	-79.04475	US	1
Keedysville	Maryland	39.48621	-77.69971	US	1
Walkersville	Maryland	39.48621	-77.35193	US	1
Vineland	New Jersey	39.48623	-75.02573	US	1
Sabina	Ohio	39.48867	-83.63687	US	1
Seelyville	Indiana	39.49198	-87.26724	US	1
Middlebourne	West Virginia	39.4923	-80.90372	US	1
Hunter	Ohio	39.49284	-84.28966	US	1
Smithville	New Jersey	39.49401	-74.45709	US	1
Mayfield	Ohio	39.49478	-84.37272	US	1
Charleston	Illinois	39.49615	-88.17615	US	1
Hunt Valley	Maryland	39.49983	-76.64108	US	1
Virden	Illinois	39.50089	-89.76787	US	1
Seabrook Farms	New Jersey	39.50095	-75.21796	US	1
Glouster	Ohio	39.50313	-82.08459	US	1
Fort Ashby	West Virginia	39.50315	-78.76863	US	1
Barrackville	West Virginia	39.5037	-80.16675	US	1
Bel Air South	Maryland	39.50506	-76.31977	US	1
Myersville	Maryland	39.5051	-77.56638	US	1
Boonsboro	Maryland	39.50621	-77.65249	US	1
Oxford	Ohio	39.507	-84.74523	US	1
Aberdeen	Maryland	39.50956	-76.16412	US	1
Oroville East	California	39.51126	-121.47519	US	1
Thermalito	California	39.51128	-121.58692	US	1
Eureka	Nevada	39.51271	-115.96061	US	1
Buena	New Jersey	39.51373	-74.92462	US	1
Mogul	Nevada	39.5138	-119.92603	US	1
Oroville	California	39.51394	-121.55776	US	1
Fallston	Maryland	39.51455	-76.41107	US	1
Cloverdale	Indiana	39.51477	-86.7939	US	1
Middletown	Ohio	39.51506	-84.39828	US	1
Verdi	Nevada	39.51824	-119.98881	US	1
Parker	Colorado	39.5186	-104.76136	US	1
Assumption	Illinois	39.52032	-89.04897	US	1
Port Republic	New Jersey	39.52067	-74.48571	US	1
Bargersville	Indiana	39.52088	-86.16777	US	1
Shelbyville	Indiana	39.52144	-85.77692	US	1
Brazil	Indiana	39.52365	-87.12502	US	1
Willows	California	39.52433	-122.19359	US	1
New Matamoras	Ohio	39.52452	-81.06705	US	1
Moroni	Utah	39.52496	-111.59047	US	1
North Terre Haute	Indiana	39.52781	-87.3603	US	1
Egg Harbor City	New Jersey	39.52873	-74.64794	US	1
Reno	Nevada	39.52963	-119.8138	US	1
Waynesville	Ohio	39.52978	-84.0866	US	1
Stonegate	Colorado	39.53082	-104.80386	US	1
Mannington	West Virginia	39.53092	-80.34342	US	1
Carriage Club	Colorado	39.53249	-104.90109	US	1
South Bel Air	Maryland	39.53316	-76.33746	US	0
Woodsboro	Maryland	39.53316	-77.31471	US	1
Rifle	Colorado	39.5347	-107.78312	US	1
Sparks	Nevada	39.53491	-119.75269	US	1
Bel Air	Maryland	39.53594	-76.34829	US	1
Washington Court House	Ohio	39.53645	-83.43908	US	1
Brooklyn	Indiana	39.53921	-86.36916	US	1
Meridian	Colorado	39.53957	-104.84528	US	1
North Bel Air	Maryland	39.53983	-76.35496	US	0
Logan	Ohio	39.54007	-82.4071	US	1
New Windsor	Maryland	39.54205	-77.10804	US	1
Wellington	Utah	39.54247	-110.73543	US	1
Mystic Island	New Jersey	39.54428	-74.38237	US	1
Newfield	New Jersey	39.54688	-75.02636	US	1
Mount Pleasant	Utah	39.54691	-111.45547	US	1
East Carbon City	Utah	39.54774	-110.41488	US	1
Beverly	Ohio	39.54785	-81.63957	US	1
Olivet	New Jersey	39.54817	-75.15463	US	1
Lathrop	Missouri	39.54834	-94.32995	US	1
Silt	Colorado	39.54859	-107.65617	US	1
Taylorville	Illinois	39.54894	-89.29453	US	1
Havre de Grace	Maryland	39.54928	-76.09162	US	1
Whiteland	Indiana	39.55005	-86.07971	US	1
Glenwood Springs	Colorado	39.55054	-107.32478	US	1
Lone Tree	Colorado	39.55171	-104.8863	US	1
Springboro	Ohio	39.55228	-84.23327	US	1
Highlands Ranch	Colorado	39.55388	-104.96943	US	1
Bel Air North	Maryland	39.55429	-76.37309	US	1
Acres Green	Colorado	39.55666	-104.89609	US	1
New Whiteland	Indiana	39.5581	-86.09526	US	1
Franklin	Ohio	39.55895	-84.30411	US	1
Beach Haven	New Jersey	39.55928	-74.2432	US	1
Downieville	California	39.55934	-120.82689	US	1
Perryville	Maryland	39.56011	-76.07134	US	1
Alloway	New Jersey	39.56095	-75.36242	US	1
Waterloo	Indiana	39.56255	-86.19749	US	1
Saint James	Maryland	39.5626	-77.75805	US	1
Atchison	Kansas	39.56305	-95.12164	US	1
Sistersville	West Virginia	39.56424	-80.99594	US	1
Plattsburg	Missouri	39.56555	-94.44801	US	1
Divernon	Illinois	39.56561	-89.65732	US	1
Lonaconing	Maryland	39.56592	-78.9803	US	1
Five Points	Ohio	39.56867	-84.19299	US	1
Logan Elm Village	Ohio	39.56978	-82.95185	US	1
Concordia	Kansas	39.57084	-97.66254	US	1
Salem	New Jersey	39.57178	-75.46714	US	1
New Castle	Colorado	39.57276	-107.53644	US	1
North Beach Haven	New Jersey	39.57317	-74.23153	US	1
Frisco	Colorado	39.57443	-106.09752	US	1
Westminster	Maryland	39.57538	-76.99581	US	1
Ken Caryl	Colorado	39.57582	-105.11221	US	1
Elwood	New Jersey	39.57651	-74.71683	US	1
Inverness	Colorado	39.57738	-104.86135	US	1
Dove Valley	Colorado	39.57771	-104.8294	US	1
Delaware City	Delaware	39.57775	-75.58945	US	1
Monrovia	Indiana	39.57894	-86.48222	US	1
Centennial	Colorado	39.57916	-104.87692	US	1
Carlisle	Ohio	39.582	-84.32022	US	1
Castlewood	Colorado	39.58471	-104.90109	US	0
New London	Missouri	39.58532	-91.40098	US	1
Williamsport	Ohio	39.5859	-83.12046	US	1
Minturn	Colorado	39.58637	-106.43086	US	1
Southglenn	Colorado	39.58721	-104.95276	US	0
Columbine	Colorado	39.58777	-105.06943	US	1
Kincaid	Illinois	39.58866	-89.41454	US	1
Auburn	Illinois	39.59172	-89.74649	US	1
Pawnee	Illinois	39.59172	-89.58037	US	1
Waverly	Illinois	39.59172	-89.95288	US	1
Cresaptown	Maryland	39.59287	-78.83335	US	1
Elmer	New Jersey	39.59511	-75.17018	US	1
Collings Lakes	New Jersey	39.59567	-74.88156	US	1
Sun Valley	Nevada	39.5963	-119.77602	US	1
Price	Utah	39.59941	-110.81071	US	1
Keystone	Colorado	39.59943	-105.98724	US	1
Sullivan	Illinois	39.59948	-88.60784	US	1
North East	Maryland	39.60011	-75.94133	US	1
Circleville	Ohio	39.60062	-82.94601	US	1
Williamsport	Maryland	39.60065	-77.82055	US	1
Columbine Valley	Colorado	39.6011	-105.03221	US	1
Folsom	New Jersey	39.60206	-74.84267	US	1
Paden City	West Virginia	39.60285	-80.93677	US	1
Tuckerton	New Jersey	39.60317	-74.34015	US	1
Jarrettsville	Maryland	39.60455	-76.47774	US	1
Glasgow	Delaware	39.60483	-75.74521	US	1
Hampstead	Maryland	39.60483	-76.84998	US	1
Elkton	Maryland	39.60678	-75.83327	US	1
Pittsfield	Illinois	39.60783	-90.80513	US	1
Fernley	Nevada	39.60797	-119.25183	US	1
Rushville	Indiana	39.60921	-85.44636	US	1
Gower	Missouri	39.61083	-94.5994	US	1
Cherry Creek	Colorado	39.611	-104.861	US	1
Paris	Illinois	39.61115	-87.69614	US	1
Brookhaven	West Virginia	39.61175	-79.90451	US	1
Potomac Park	Maryland	39.61176	-78.80585	US	1
Mooresville	Indiana	39.61282	-86.37416	US	1
Littleton	Colorado	39.61332	-105.01665	US	1
Greenwood	Indiana	39.61366	-86.10665	US	1
Wiley Ford	West Virginia	39.61453	-78.77502	US	1
Golden Valley	Nevada	39.61547	-119.82658	US	1
Dakota Ridge	Colorado	39.61638	-105.13934	US	1
Indian Hills	Colorado	39.61665	-105.23721	US	1
Greenwood Village	Colorado	39.61721	-104.95081	US	1
Carbonville	Utah	39.61996	-110.83433	US	1
Halfway	Maryland	39.62065	-77.75888	US	1
Bowling Green	Maryland	39.6237	-78.80446	US	1
Thurmont	Maryland	39.62371	-77.41082	US	1
Upper Bear Creek	Colorado	39.62385	-105.4178	US	1
Moweaqua	Illinois	39.62476	-89.01897	US	1
Berkeley Springs	West Virginia	39.6248	-78.22472	US	1
Germantown	Ohio	39.62617	-84.36939	US	1
Fairview	Utah	39.62635	-111.43963	US	1
Centerville	Ohio	39.62839	-84.15938	US	1
Camden	Ohio	39.62894	-84.64856	US	1
Bear	Delaware	39.62928	-75.65826	US	1
Morgantown	West Virginia	39.62953	-79.9559	US	1
Winchester	Illinois	39.62977	-90.45624	US	1
Fountain Green	Utah	39.62996	-111.6352	US	1
Avon	Colorado	39.63137	-106.52225	US	1
Silverthorne	Colorado	39.63214	-106.07428	US	1
Victory Lakes	New Jersey	39.63317	-74.966	US	1
Evergreen	Colorado	39.63332	-105.31721	US	1
Westover	West Virginia	39.63453	-79.96979	US	1
Liberty	Indiana	39.6356	-84.93107	US	1
Bellbrook	Ohio	39.63562	-84.07077	US	1
Lemmon Valley	Nevada	39.63602	-119.84325	US	1
Hammonton	New Jersey	39.63651	-74.80239	US	1
Vail	Colorado	39.64026	-106.3742	US	1
Connersville	Indiana	39.64116	-85.14107	US	1
Cherry Hills Village	Colorado	39.64165	-104.95943	US	1
Hagerstown	Maryland	39.64176	-77.71999	US	1
Miamisburg	Ohio	39.64284	-84.28661	US	1
Ship Bottom	New Jersey	39.6429	-74.18042	US	1
Kingston	Missouri	39.64417	-94.03855	US	1
Cavetown	Maryland	39.64426	-77.58582	US	1
Greencastle	Indiana	39.64449	-86.86473	US	1
New Martinsville	West Virginia	39.64452	-80.8576	US	1
Edwards	Colorado	39.64499	-106.5942	US	1
Berry Creek	California	39.64516	-121.4033	US	1
Bethany	Illinois	39.64559	-88.73813	US	1
Granville	West Virginia	39.64591	-79.98729	US	1
Durham	California	39.64627	-121.79998	US	1
Gypsum	Colorado	39.64693	-106.95171	US	1
Sheridan	Colorado	39.64693	-105.02526	US	1
Englewood	Colorado	39.64777	-104.98776	US	1
McConnelsville	Ohio	39.64868	-81.85319	US	1
Spanish Springs	Nevada	39.64908	-119.70741	US	1
Woodstown	New Jersey	39.6515	-75.32825	US	1
Shawnee Hills	Ohio	39.65284	-83.78687	US	1
Cumberland	Maryland	39.65287	-78.76252	US	1
Pennsville	New Jersey	39.65345	-75.51659	US	1
Wilson-Conococheague	Maryland	39.65351	-77.83157	US	1
Monroe City	Missouri	39.65365	-91.73461	US	1
Jeffersonville	Ohio	39.65367	-83.56381	US	1
Kittredge	Colorado	39.65471	-105.29971	US	1
Smithsburg	Maryland	39.65482	-77.57277	US	1
Eagle	Colorado	39.65526	-106.82865	US	1
La Vale	Maryland	39.65564	-78.81058	US	1
Clinton	Indiana	39.65698	-87.39807	US	1
Edinburg	Illinois	39.65727	-89.38953	US	1
Taneytown	Maryland	39.65788	-77.17443	US	1
Jamestown	Ohio	39.65812	-83.73492	US	1
Frostburg	Maryland	39.65814	-78.92836	US	1
Star City	West Virginia	39.65841	-79.98645	US	1
Spring Glen	Utah	39.65941	-110.85349	US	1
New Castle	Delaware	39.65948	-75.56359	US	1
Clayton	New Jersey	39.66011	-75.09212	US	1
Horton	Kansas	39.66056	-95.52637	US	1
Manchester	Maryland	39.66121	-76.88498	US	1
Geneva	Ohio	39.66201	-82.43349	US	1
Surf City	New Jersey	39.66206	-74.16514	US	1
Southport	Indiana	39.66505	-86.12776	US	1
Brookside	Delaware	39.66706	-75.72688	US	1
Holly Hills	Colorado	39.66757	-104.91797	US	0
Beach Haven West	New Jersey	39.66984	-74.23181	US	1
Cheat Lake	West Virginia	39.67202	-79.85339	US	1
West Carrollton City	Ohio	39.67228	-84.25216	US	1
Morristown	Indiana	39.67338	-85.69859	US	1
Chatham	Illinois	39.67616	-89.70454	US	1
Farmersville	Ohio	39.6795	-84.42911	US	1
Cold Springs	Nevada	39.68019	-119.97659	US	1
Fairview Park	Indiana	39.68031	-87.41752	US	1
Paramount-Long Meadow	Maryland	39.68042	-77.6929	US	1
Newark	Delaware	39.68372	-75.74966	US	1
Helper	Utah	39.68413	-110.85461	US	1
Arcola	Illinois	39.68476	-88.30644	US	1
Xenia	Ohio	39.68478	-83.92965	US	1
Genesee	Colorado	39.68582	-105.27277	US	1
Williamstown	New Jersey	39.68623	-74.99517	US	1
Fountainhead-Orchard Hills	Maryland	39.68636	-77.71901	US	1
Wilmington Manor	Delaware	39.68678	-75.58437	US	1
Laytonville	California	39.68821	-123.48279	US	1
Lake Lakengren	Ohio	39.68843	-84.69347	US	1
Kettering	Ohio	39.6895	-84.16883	US	1
Maugansville	Maryland	39.69287	-77.74472	US	1
Shelbina	Missouri	39.69393	-92.04295	US	1
Barry	Illinois	39.69421	-91.03902	US	1
Manahawkin	New Jersey	39.6954	-74.25875	US	1
Rising Sun	Maryland	39.69789	-76.06273	US	1
Hancock	Maryland	39.69898	-78.17973	US	1
Blue Mound	Illinois	39.70115	-89.12314	US	1
Bremen	Ohio	39.70173	-82.42682	US	1
Glassboro	New Jersey	39.70289	-75.11184	US	1
Plainfield	Indiana	39.70421	-86.39944	US	1
Emmitsburg	Maryland	39.70454	-77.32693	US	1
Lakewood	Colorado	39.70471	-105.08137	US	1
Glendale	Colorado	39.70499	-104.93359	US	0
Georgetown	Colorado	39.7061	-105.6975	US	1
Moraine	Ohio	39.70617	-84.21938	US	1
Hannibal	Missouri	39.70838	-91.35848	US	1
South Jacksonville	Illinois	39.70866	-90.22818	US	1
Griggsville	Illinois	39.70894	-90.72457	US	1
Beavercreek	Ohio	39.70923	-84.06327	US	1
Nephi	Utah	39.71023	-111.83632	US	1
Carneys Point	New Jersey	39.71122	-75.4702	US	1
Byers	Colorado	39.71137	-104.22774	US	1
Marceline	Missouri	39.71197	-92.94825	US	1
Macon	Illinois	39.71282	-88.99702	US	1
Lancaster	Ohio	39.71368	-82.59933	US	1
Newport	Delaware	39.71372	-75.60937	US	1
New Lexington	Ohio	39.71396	-82.20848	US	1
Arthur	Illinois	39.71476	-88.47228	US	1
Lovington	Illinois	39.71559	-88.63256	US	1
Ashville	Ohio	39.71562	-82.95296	US	1
Highfield-Cascade	Maryland	39.71616	-77.48282	US	1
Wilberforce	Ohio	39.71617	-83.87771	US	1
Sicklerville	New Jersey	39.71734	-74.96933	US	1
South Bloomfield	Ohio	39.7184	-82.98685	US	1
Mount Sterling	Ohio	39.71951	-83.26519	US	1
Beech Grove	Indiana	39.72199	-86.08998	US	1
New Palestine	Indiana	39.72199	-85.88915	US	1
Richwood	New Jersey	39.72261	-75.16546	US	1
State Line	Pennsylvania	39.72482	-77.72444	US	1
New Berlin	Illinois	39.72533	-89.91066	US	1
Oakwood	Ohio	39.72534	-84.17411	US	1
Heritage Lake	Indiana	39.72779	-86.71022	US	1
Chico	California	39.72849	-121.83748	US	1
Aurora	Colorado	39.72943	-104.83192	US	1
Penns Grove	New Jersey	39.72956	-75.46797	US	1
Pike Creek	Delaware	39.73095	-75.7041	US	1
Chesilhurst	New Jersey	39.73234	-74.881	US	1
West Pleasant View	Colorado	39.73256	-105.17852	US	1
Pitman	New Jersey	39.73289	-75.13157	US	1
Mount Pleasant	Pennsylvania	39.73371	-77.07554	US	1
Jacksonville	Illinois	39.73394	-90.22901	US	1
Florence	New Jersey	39.73428	-74.91822	US	1
Pike Creek Valley	Delaware	39.73622	-75.69827	US	1
New Freedom	Pennsylvania	39.73788	-76.70136	US	1
Strasburg	Colorado	39.73832	-104.32329	US	1
Point Marion	Pennsylvania	39.73897	-79.89867	US	1
Denver	Colorado	39.73915	-104.9847	US	1
Elsmere	Delaware	39.73928	-75.59798	US	1
Mullica Hill	New Jersey	39.73928	-75.22407	US	1
Cameron	Missouri	39.74028	-94.24106	US	1
Macon	Missouri	39.74226	-92.47269	US	1
Idaho Springs	Colorado	39.74249	-105.51361	US	1
Hamilton City	California	39.74266	-122.01359	US	1
Ocean Acres	New Jersey	39.74345	-74.28098	US	1
Hamilton	Missouri	39.74362	-93.99827	US	1
Wayne Heights	Pennsylvania	39.74371	-77.55388	US	1
Eaton	Ohio	39.74394	-84.63662	US	1
Cedarville	Ohio	39.74423	-83.80854	US	1
West Alexandria	Ohio	39.7445	-84.53217	US	1
Littlestown	Pennsylvania	39.74454	-77.08804	US	1
New Lebanon	Ohio	39.74533	-84.38495	US	1
Wilmington	Delaware	39.74595	-75.54659	US	1
Drexel	Ohio	39.74645	-84.28661	US	1
Orland	California	39.74738	-122.19637	US	1
Swedesboro	New Jersey	39.74761	-75.31047	US	1
Caldwell	Ohio	39.74785	-81.51651	US	1
Carroll Valley	Pennsylvania	39.74926	-77.38304	US	1
Rochester	Illinois	39.74949	-89.53176	US	1
Edgemoor	Delaware	39.75011	-75.49964	US	1
Edgewater	Colorado	39.75304	-105.06415	US	1
Barnegat	New Jersey	39.75318	-74.22292	US	1
Stewartstown	Pennsylvania	39.75371	-76.59136	US	1
Beckett	New Jersey	39.754	-75.35741	US	1
Golden	Colorado	39.75554	-105.2211	US	1
Elwood	Kansas	39.75555	-94.87247	US	1
Waynesboro	Pennsylvania	39.75593	-77.57777	US	1
Phillipsburg	Kansas	39.75612	-99.32399	US	1
Southern View	Illinois	39.75727	-89.65371	US	1
Applewood	Colorado	39.75778	-105.1625	US	1
Susquehanna Trails	Pennsylvania	39.75872	-76.36802	US	1
Bennett	Colorado	39.75887	-104.42746	US	1
Dayton	Ohio	39.75895	-84.19161	US	1
Wathena	Kansas	39.75916	-94.94969	US	1
Paradise	California	39.75961	-121.62192	US	1
Danville	Indiana	39.7606	-86.52639	US	1
North Star	Delaware	39.76122	-75.7191	US	1
Rockville	Indiana	39.76254	-87.22918	US	1
Woodsfield	Ohio	39.76257	-81.11538	US	1
Avon	Indiana	39.76282	-86.39972	US	1
Bellefonte	Delaware	39.766	-75.502	US	1
Wheat Ridge	Colorado	39.7661	-105.07721	US	1
Sewell	New Jersey	39.7665	-75.14434	US	1
Jerome	Illinois	39.76755	-89.68066	US	1
Indianapolis	Indiana	39.76838	-86.15804	US	1
Commercial Point	Ohio	39.7684	-83.05713	US	1
Saint Joseph	Missouri	39.76861	-94.84663	US	1
Shrewsbury	Pennsylvania	39.76871	-76.67969	US	1
Crooksville	Ohio	39.76896	-82.09209	US	1
Atco	New Jersey	39.76984	-74.88739	US	1
Mount Zion	Illinois	39.77143	-88.87424	US	1
Saint Francis	Kansas	39.77222	-101.7999	US	1
Turnersville	New Jersey	39.77317	-75.05128	US	1
Cumberland	Indiana	39.77615	-85.9572	US	1
Jackson	New Jersey	39.7765	-74.86238	US	1
Leland Grove	Illinois	39.777	-89.67927	US	1
Landenberg	Pennsylvania	39.77733	-75.77133	US	1
Greenville	Delaware	39.779	-75.59826	US	1
Smith Center	Kansas	39.77918	-98.78507	US	1
Riverside	Ohio	39.77978	-84.1241	US	1
Parkville	Pennsylvania	39.78121	-76.96331	US	1
Warren Park	Indiana	39.78199	-86.05026	US	1
Troy	Kansas	39.78305	-95.08997	US	1
Pine Hill	New Jersey	39.78428	-74.99211	US	1
Brookfield	Missouri	39.78447	-93.07353	US	1
Greenfield	Indiana	39.78504	-85.76942	US	1
Oxford	Pennsylvania	39.78539	-75.97883	US	1
Mankato	Kansas	39.78723	-98.21005	US	1
Hockessin	Delaware	39.78761	-75.6966	US	1
Pennville	Pennsylvania	39.78954	-76.99804	US	1
Greencastle	Pennsylvania	39.79037	-77.72777	US	1
Berlin	New Jersey	39.79123	-74.92905	US	1
Waretown	New Jersey	39.79151	-74.19514	US	1
Glen Rock	Pennsylvania	39.79316	-76.73025	US	1
Covelo	California	39.79327	-123.24922	US	1
Palmyra	Missouri	39.79421	-91.52321	US	1
Wenonah	New Jersey	39.79456	-75.14879	US	1
Chillicothe	Missouri	39.79529	-93.55244	US	1
Knightstown	Indiana	39.7956	-85.52636	US	1
Trotwood	Ohio	39.79728	-84.31133	US	1
Fort McKinley	Ohio	39.79756	-84.25355	US	1
Tuscola	Illinois	39.7992	-88.2831	US	1
Atwood	Illinois	39.79948	-88.46228	US	1
Hanover	Pennsylvania	39.80066	-76.98304	US	1
Claymont	Delaware	39.80067	-75.45964	US	1
Oak Valley	New Jersey	39.80122	-75.1624	US	1
Springfield	Illinois	39.80172	-89.64371	US	1
Central City	Colorado	39.80193	-105.51416	US	1
Speedway	Indiana	39.80227	-86.26721	US	1
Blackwood	New Jersey	39.80234	-75.06406	US	1
Arvada	Colorado	39.80276	-105.08748	US	1
Lithopolis	Ohio	39.80284	-82.80628	US	1
Chrisman	Illinois	39.80365	-87.67364	US	1
Berkley	Colorado	39.80443	-105.02609	US	1
Shelbyville	Missouri	39.80587	-92.04156	US	1
Yellow Springs	Ohio	39.80645	-83.88687	US	1
Atwood	Kansas	39.80667	-101.0421	US	1
Somerset	Ohio	39.80701	-82.29709	US	1
Roseville	Ohio	39.80729	-82.07125	US	1
McSherrystown	Pennsylvania	39.80732	-77.01137	US	1
Commerce City	Colorado	39.80832	-104.93387	US	1
Midway	Pennsylvania	39.80843	-77.00276	US	1
Lake Heritage	Pennsylvania	39.80954	-77.18387	US	1
Clermont	Indiana	39.80977	-86.32249	US	1
Portola	California	39.81046	-120.4691	US	1
Wright-Patterson AFB	Ohio	39.81113	-84.05731	US	1
Clementon	New Jersey	39.8115	-74.98294	US	1
Long Creek	Illinois	39.81198	-88.84757	US	1
Bonneauville	Pennsylvania	39.81204	-77.13721	US	1
Magalia	California	39.81211	-121.57831	US	1
Cambridge City	Indiana	39.81255	-85.17163	US	1
Meyersdale	Pennsylvania	39.81369	-79.02475	US	1
Mona	Utah	39.81607	-111.85549	US	1
Grandview	Illinois	39.81644	-89.61871	US	1
Payson	Illinois	39.81699	-91.24237	US	1
Woodbury Heights	New Jersey	39.81706	-75.15518	US	1
Centerville	Indiana	39.81782	-84.99635	US	1
Washington	Kansas	39.81806	-97.05086	US	1
Oberlin	Kansas	39.81834	-100.5282	US	1
Shiloh	Ohio	39.81867	-84.22855	US	1
Marcus Hook	Pennsylvania	39.81928	-75.41853	US	1
Laurel Springs	New Jersey	39.82011	-75.00628	US	1
Fairborn	Ohio	39.82089	-84.01938	US	1
West Grove	Pennsylvania	39.82205	-75.82744	US	1
Avondale	Pennsylvania	39.82344	-75.78327	US	1
Lindenwold	New Jersey	39.82428	-74.99767	US	1
Belleville	Kansas	39.82445	-97.63254	US	1
Fairchance	Pennsylvania	39.8248	-79.75449	US	1
Twin Lakes	Colorado	39.82499	-105.0047	US	1
Gibbstown	New Jersey	39.82511	-75.28352	US	1
South Charleston	Ohio	39.82534	-83.63437	US	1
Linwood	Pennsylvania	39.8265	-75.42547	US	1
Stratford	New Jersey	39.82678	-75.01545	US	1
Trainer	Pennsylvania	39.82761	-75.41436	US	1
Mercersburg	Pennsylvania	39.82787	-77.90333	US	1
Fairfield Heights	Indiana	39.82861	-86.38224	US	1
Richmond	Indiana	39.82894	-84.89024	US	1
Boothwyn	Pennsylvania	39.83011	-75.44158	US	1
Paulsboro	New Jersey	39.83039	-75.24046	US	1
Gettysburg	Pennsylvania	39.83093	-77.2311	US	1
Meredosia	Illinois	39.83116	-90.55957	US	1
Toughkenamon	Pennsylvania	39.8315	-75.75744	US	1
Country Club Village	Missouri	39.83222	-94.82163	US	1
Airville	Pennsylvania	39.83232	-76.40635	US	1
Norton	Kansas	39.83389	-99.89151	US	1
Seneca	Kansas	39.83416	-96.06417	US	1
Welby	Colorado	39.83665	-104.95915	US	1
Westminster	Colorado	39.83665	-105.0372	US	1
Brookville	Ohio	39.83672	-84.41134	US	1
Sherrelwood	Colorado	39.83776	-105.00137	US	1
Gibbsboro	New Jersey	39.83817	-74.96489	US	1
Woodbury	New Jersey	39.83817	-75.15268	US	1
Lawrence	Indiana	39.83865	-86.02526	US	1
Derby	Colorado	39.83943	-104.91859	US	1
Glendora	New Jersey	39.83956	-75.07351	US	1
Forked River	New Jersey	39.83984	-74.19014	US	1
Decatur	Illinois	39.84031	-88.9548	US	1
Marysville	Kansas	39.84111	-96.64724	US	1
Canal Winchester	Ohio	39.84284	-82.80462	US	1
Brownsburg	Indiana	39.84338	-86.39777	US	1
Huber Heights	Ohio	39.84395	-84.12466	US	1
Somerdale	New Jersey	39.844	-75.02267	US	1
Riverton	Illinois	39.84422	-89.53954	US	1
Mont Alto	Pennsylvania	39.84426	-77.55832	US	1
Baltimore	Ohio	39.84534	-82.60072	US	1
Lewisburg	Ohio	39.84616	-84.53967	US	1
Masontown	Pennsylvania	39.84674	-79.89978	US	1
Kennett Square	Pennsylvania	39.84678	-75.7116	US	1
Chester	Pennsylvania	39.84753	-75.35785	US	1
Echelon	New Jersey	39.84845	-74.99572	US	1
Federal Heights	Colorado	39.85137	-104.99859	US	1
Runnemede	New Jersey	39.85234	-75.06795	US	1
Hiawatha	Kansas	39.8525	-95.53582	US	1
Shaw Heights	Colorado	39.8525	-105.04306	US	0
Harristown	Illinois	39.85393	-89.08397	US	1
Loganville	Pennsylvania	39.85566	-76.70747	US	1
Holiday Valley	Ohio	39.85617	-83.96854	US	1
New Paris	Ohio	39.85699	-84.79329	US	1
Medford Lakes	New Jersey	39.85845	-74.80294	US	1
Highland	Kansas	39.85972	-95.2697	US	1
Powhatan Point	Ohio	39.86008	-80.81537	US	1
Eddystone	Pennsylvania	39.86011	-75.34436	US	1
Lisbon	Ohio	39.86089	-83.6352	US	1
Villa Grove	Illinois	39.86281	-88.16227	US	1
Clayton	Ohio	39.86311	-84.3605	US	1
Ashland	New Jersey	39.86317	-75.006	US	1
Village Green-Green Ridge	Pennsylvania	39.86363	-75.42548	US	1
New Oxford	Pennsylvania	39.86371	-77.05581	US	1
Pittsboro	Indiana	39.86393	-86.46694	US	1
Parkside	Pennsylvania	39.86428	-75.37853	US	1
Barrington	New Jersey	39.86484	-75.05517	US	1
Guilford Siding	Pennsylvania	39.86537	-77.61249	US	1
National Park	New Jersey	39.86595	-75.17879	US	1
Lawnside	New Jersey	39.8665	-75.02823	US	1
Broad Ripple	Indiana	39.86671	-86.14165	US	1
Bellmawr	New Jersey	39.86761	-75.09462	US	1
Westville	New Jersey	39.86789	-75.13156	US	1
Thornton	Colorado	39.86804	-104.97192	US	1
Green Meadows	Ohio	39.86895	-83.94438	US	1
Brookhaven	Pennsylvania	39.86928	-75.38241	US	1
Woodlyn	Pennsylvania	39.87233	-75.33713	US	1
Spring Grove	Pennsylvania	39.87454	-76.86581	US	1
Hopwood	Pennsylvania	39.87702	-79.70199	US	1
Haddon Heights	New Jersey	39.87734	-75.06462	US	1
Leith-Hatfield	Pennsylvania	39.87744	-79.73133	US	1
Englewood	Ohio	39.87756	-84.30217	US	1
Enon	Ohio	39.87812	-83.93688	US	1
Brooklawn	New Jersey	39.87817	-75.12073	US	1
Groveport	Ohio	39.8784	-82.88379	US	1
Mount Ephraim	New Jersey	39.87845	-75.09267	US	1
Linneus	Missouri	39.87863	-93.18882	US	1
Obetz	Ohio	39.87895	-82.95074	US	1
Rockport	Indiana	39.88087	-87.2789	US	1
Springdale	New Jersey	39.881	-74.97	US	1
Ridley Park	Pennsylvania	39.88122	-75.3238	US	1
Grove City	Ohio	39.88145	-83.09296	US	1
Forest Ranch	California	39.88211	-121.67275	US	1
Jacobus	Pennsylvania	39.88316	-76.71052	US	1
Newport	Indiana	39.8842	-87.40863	US	1
Pickerington	Ohio	39.88423	-82.7535	US	1
Northglenn	Colorado	39.88554	-104.9872	US	1
London	Ohio	39.88645	-83.44825	US	1
Park Layne	Ohio	39.88645	-84.03966	US	1
Abbottstown	Pennsylvania	39.88649	-76.9847	US	1
Upland	Pennsylvania	39.8865	-75.77439	US	1
Fairdale	Pennsylvania	39.88702	-79.96811	US	1
Ashland	Illinois	39.88783	-90.00789	US	1
Prospect Park	Pennsylvania	39.88789	-75.30824	US	1
Maysville	Missouri	39.88917	-94.3619	US	1
Crystal Lakes	Ohio	39.88923	-84.0266	US	1
Folsom	Pennsylvania	39.88983	-75.32519	US	1
Meridian Hills	Indiana	39.89004	-86.15721	US	1
Chester Heights	Pennsylvania	39.89011	-75.47548	US	1
Eastwick	Pennsylvania	39.89039	-75.2424	US	1
Cerro Gordo	Illinois	39.89059	-88.72813	US	1
Vandalia	Ohio	39.89061	-84.19883	US	1
Audubon	New Jersey	39.89095	-75.07295	US	1
Folcroft	Pennsylvania	39.89095	-75.2838	US	1
Marlton	New Jersey	39.89122	-74.92183	US	1
Haddonfield	New Jersey	39.8915	-75.03767	US	1
Norwood	Pennsylvania	39.89178	-75.29963	US	1
Leisuretowne	New Jersey	39.89234	-74.7021	US	1
Gloucester City	New Jersey	39.89281	-75.12041	US	1
South Uniontown	Pennsylvania	39.89285	-79.74699	US	1
Sherman	Illinois	39.89366	-89.60482	US	1
Morrisville	Pennsylvania	39.8948	-80.16173	US	1
Waynesburg	Pennsylvania	39.89646	-80.17923	US	1
Audubon Park	New Jersey	39.8965	-75.08767	US	1
Quarryville	Pennsylvania	39.89705	-76.16357	US	1
Greentree	New Jersey	39.89706	-74.95572	US	1
Urbancrest	Ohio	39.89756	-83.08685	US	1
Union	Ohio	39.89783	-84.30633	US	1
South Zanesville	Ohio	39.89923	-82.00625	US	1
Dallastown	Pennsylvania	39.89954	-76.64025	US	1
East Uniontown	Pennsylvania	39.8998	-79.69782	US	1
Millersport	Ohio	39.90006	-82.53405	US	1
Uniontown	Pennsylvania	39.90008	-79.71643	US	1
Glenolden	Pennsylvania	39.90011	-75.28907	US	1
Red Lion	Pennsylvania	39.90093	-76.6058	US	1
Oaklyn	New Jersey	39.90095	-75.08462	US	1
Swarthmore	Pennsylvania	39.90206	-75.34991	US	1
Sabetha	Kansas	39.90222	-95.80082	US	1
Blacklick Estates	Ohio	39.90506	-82.86434	US	1
Coal Creek	Colorado	39.90638	-105.37749	US	1
Sharon Hill	Pennsylvania	39.9065	-75.27157	US	1
Bell Road (historical)	Pennsylvania	39.90678	-75.23379	US	1
McCordsville	Indiana	39.9081	-85.92276	US	1
Yoe	Pennsylvania	39.90899	-76.63691	US	1
Bayville	New Jersey	39.90929	-74.15486	US	1
Morton	Pennsylvania	39.90983	-75.32352	US	1
Hagerstown	Indiana	39.91116	-85.16163	US	1
Fayetteville	Pennsylvania	39.9112	-77.54999	US	1
Collingdale	Pennsylvania	39.91178	-75.27713	US	1
Colwyn	Pennsylvania	39.91234	-75.25379	US	1
Thornport	Ohio	39.91312	-82.41099	US	1
Ellisburg	New Jersey	39.91372	-75.01045	US	1
Presidential Lakes Estates	New Jersey	39.91373	-74.5646	US	1
Gallatin	Missouri	39.91445	-93.96217	US	1
Guilford	Pennsylvania	39.91541	-77.60105	US	1
Fairfield Beach	Ohio	39.9159	-82.47516	US	1
Windsor	Pennsylvania	39.91621	-76.58441	US	1
Media	Pennsylvania	39.91678	-75.38769	US	1
Whitman	Pennsylvania	39.91678	-75.15546	US	0
Lima	Pennsylvania	39.91733	-75.44047	US	1
Wood-Lynne	New Jersey	39.91734	-75.09629	US	1
Elmwood	Pennsylvania	39.91789	-75.22796	US	1
Collingswood	New Jersey	39.91817	-75.07128	US	1
Spry	Pennsylvania	39.91843	-76.68497	US	1
Darby	Pennsylvania	39.91845	-75.25907	US	1
Oliver	Pennsylvania	39.91869	-79.71782	US	1
Lower Moyamensing	Pennsylvania	39.91956	-75.16475	US	1
Moundsville	West Virginia	39.92035	-80.74314	US	1
Broomfield	Colorado	39.92054	-105.08665	US	1
Berlin	Pennsylvania	39.92064	-78.9578	US	1
Aldan	Pennsylvania	39.9215	-75.28796	US	1
Bement	Illinois	39.92198	-88.57201	US	1
Girard Estate	Pennsylvania	39.92345	-75.18462	US	1
Kingston Estates	New Jersey	39.92372	-74.98795	US	1
Springfield	Ohio	39.92423	-83.80882	US	1
Paschall	Pennsylvania	39.92428	-75.23852	US	1
Camden	New Jersey	39.92595	-75.11962	US	1
Wharton	Pennsylvania	39.92678	-75.15712	US	0
Ocean Gate	New Jersey	39.92679	-74.13375	US	1
Seaside Park	New Jersey	39.92679	-74.07708	US	1
Pennsport	Pennsylvania	39.92761	-75.15045	US	0
Corning	California	39.92766	-122.17916	US	1
Golden Triangle	New Jersey	39.92789	-75.03878	US	1
Ramblewood	New Jersey	39.92872	-74.94378	US	1
New Castle	Indiana	39.92894	-85.37025	US	1
Clifton Heights	Pennsylvania	39.92928	-75.2963	US	1
Bartram Village	Pennsylvania	39.9303	-75.2169	US	1
Biglerville	Pennsylvania	39.93037	-77.24804	US	1
Springfield	Pennsylvania	39.93067	-75.32019	US	1
Fortville	Indiana	39.93226	-85.84804	US	1
Forsyth	Illinois	39.93254	-88.95119	US	1
McConnellsburg	Pennsylvania	39.93259	-77.99889	US	1
Warrensburg	Illinois	39.93282	-89.06203	US	1
Point Breeze	Pennsylvania	39.93345	-75.17796	US	1
Buckeye Lake	Ohio	39.93368	-82.47238	US	1
Mount Laurel	New Jersey	39.934	-74.891	US	1
Vincentown	New Jersey	39.934	-74.74849	US	1
East Quincy	California	39.93406	-120.89801	US	1
Queen Village	Pennsylvania	39.93428	-75.14851	US	1
Cherry Hill	New Jersey	39.93484	-75.03073	US	1
Grays Ferry	Pennsylvania	39.93511	-75.19212	US	1
Bella Vista	Pennsylvania	39.93539	-75.15712	US	1
Quincy	Illinois	39.9356	-91.40987	US	1
Cherry Hill Mall	New Jersey	39.93595	-75.00906	US	1
Pine Beach	New Jersey	39.93595	-74.17097	US	1
Hawthorne	Pennsylvania	39.93595	-75.16712	US	1
New Carlisle	Ohio	39.93617	-84.02549	US	1
Harbor Hills	Ohio	39.93673	-82.43515	US	1
Kingsessing	Pennsylvania	39.93678	-75.22963	US	1
Quincy	California	39.93682	-120.94647	US	1
Chambersburg	Pennsylvania	39.93759	-77.6611	US	1
East Berlin	Pennsylvania	39.9376	-76.97859	US	1
Georgetown	Pennsylvania	39.9376	-76.08329	US	1
Lansdowne	Pennsylvania	39.93817	-75.27185	US	1
Yeadon	Pennsylvania	39.939	-75.25546	US	1
Beachwood	New Jersey	39.93901	-74.19292	US	1
Zanesville	Ohio	39.94035	-82.01319	US	1
Grantley	Pennsylvania	39.94038	-76.72913	US	1
Conestoga	Pennsylvania	39.94066	-76.34635	US	1
Savannah	Missouri	39.94166	-94.83025	US	1
Island Heights	New Jersey	39.94206	-74.14986	US	1
South Toms River	New Jersey	39.94206	-74.20431	US	1
Schuylkill	Pennsylvania	39.94233	-75.18712	US	1
Country Lake Estates	New Jersey	39.94262	-74.54404	US	1
Southwest Center City Philadelphia	Pennsylvania	39.94281	-75.18086	US	1
Angora	Pennsylvania	39.944	-75.23768	US	1
Seaside Heights	New Jersey	39.94429	-74.07291	US	1
West Jefferson	Ohio	39.94478	-83.2688	US	1
Southwest Schuylkill	Pennsylvania	39.94483	-75.20379	US	1
Fraser	Colorado	39.94499	-105.81723	US	1
East Lansdowne	Pennsylvania	39.94567	-75.26129	US	1
Holiday Heights	New Jersey	39.94595	-74.25403	US	1
Old City	Pennsylvania	39.9465	-75.14684	US	1
Drexel Hill	Pennsylvania	39.94706	-75.29213	US	1
Merchantville	New Jersey	39.94734	-75.06656	US	1
Cobbs Creek	Pennsylvania	39.94761	-75.24018	US	1
Crestwood Village	New Jersey	39.94817	-74.3607	US	1
Rittenhouse	Pennsylvania	39.94845	-75.17212	US	1
Cayuga	Indiana	39.94865	-87.45974	US	1
Glendale	West Virginia	39.94924	-80.75425	US	1
Atglen	Pennsylvania	39.94927	-75.97356	US	1
Magnolia	New Jersey	39.94984	-74.66071	US	1
Washington Square	Pennsylvania	39.95002	-75.16206	US	1
Valley View	Pennsylvania	39.9501	-76.70108	US	1
Cedar Park	Pennsylvania	39.95039	-75.2274	US	1
University City	Pennsylvania	39.95071	-75.19476	US	1
Zionsville	Indiana	39.95087	-86.26194	US	1
Virginia	Illinois	39.95116	-90.21234	US	1
Center City	Pennsylvania	39.9512	-75.15923	US	0
Pleasant Grove	Ohio	39.95201	-81.95902	US	1
Cedar Glen Lakes	New Jersey	39.95234	-74.39987	US	1
Philadelphia	Pennsylvania	39.95238	-75.16362	US	1
West York	Pennsylvania	39.9526	-76.75136	US	1
Maple Shade	New Jersey	39.95261	-74.99239	US	1
Spruce Hill	Pennsylvania	39.95273	-75.21034	US	1
Superior	Colorado	39.95276	-105.1686	US	1
Garden Court	Pennsylvania	39.95309	-75.22141	US	1
Milford	Pennsylvania	39.95313	-79.10419	US	1
Holiday City South	New Jersey	39.95324	-74.23778	US	1
Chinatown	Pennsylvania	39.95345	-75.15462	US	1
Toms River	New Jersey	39.95373	-74.19792	US	1
Williamsville	Illinois	39.95422	-89.54871	US	1
Pine Ridge at Crestwood	New Jersey	39.95456	-74.31515	US	1
Lincoln Village	Ohio	39.95479	-83.13074	US	1
Reynoldsburg	Ohio	39.95479	-82.81212	US	1
Christiana	Pennsylvania	39.95483	-75.99689	US	1
Fishers	Indiana	39.95559	-86.01387	US	1
Dover Beaches South	New Jersey	39.95567	-74.0743	US	1
Logan Square	Pennsylvania	39.95569	-75.17054	US	1
Pennsauken	New Jersey	39.95622	-75.05795	US	1
Ingalls	Indiana	39.95699	-85.80526	US	1
Lake Darby	Ohio	39.95728	-83.2288	US	1
Etna	Ohio	39.95729	-82.68183	US	1
Tipp City	Ohio	39.95839	-84.17216	US	1
Parkesburg	Pennsylvania	39.95872	-75.91939	US	1
Choctaw Lake	Ohio	39.96006	-83.48492	US	1
Athens	Illinois	39.96088	-89.72399	US	1
West Chester	Pennsylvania	39.96097	-75.60804	US	1
Columbus	Ohio	39.96118	-82.99879	US	1
Nederland	Colorado	39.96138	-105.51083	US	1
Hebron	Ohio	39.96173	-82.49127	US	1
West Milton	Ohio	39.96255	-84.328	US	1
Republic	Pennsylvania	39.96258	-79.87671	US	1
York	Pennsylvania	39.9626	-76.72774	US	1
Pemberton Heights	New Jersey	39.96261	-74.67877	US	1
Mantua	Pennsylvania	39.96261	-75.19129	US	1
Silver Ridge	New Jersey	39.963	-74.238	US	1
Millbourne	Pennsylvania	39.96345	-75.25018	US	1
Holiday City-Berkeley	New Jersey	39.9638	-74.27803	US	1
Fishtown	Pennsylvania	39.96511	-75.13545	US	1
Poplar	Pennsylvania	39.96539	-75.15379	US	1
Belmont	Pennsylvania	39.96567	-75.2024	US	1
Haddington	Pennsylvania	39.96578	-75.23764	US	1
Moorestown-Lenola	New Jersey	39.96591	-74.96441	US	1
Lumberton	New Jersey	39.96595	-74.80516	US	1
Northern Liberties	Pennsylvania	39.96595	-75.14629	US	1
Mill Creek	Pennsylvania	39.96622	-75.21546	US	1
Whitehall	Ohio	39.96673	-82.88546	US	1
Scotland	Pennsylvania	39.9687	-77.58721	US	1
Bexley	Ohio	39.96895	-82.93768	US	1
Byesville	Ohio	39.96979	-81.53651	US	1
Lavallette	New Jersey	39.9704	-74.06875	US	1
Shadyside	Ohio	39.97091	-80.75064	US	1
Carroll Park	Pennsylvania	39.97095	-75.23657	US	1
Pemberton	New Jersey	39.97206	-74.68294	US	1
Ludlow	Pennsylvania	39.97206	-75.14629	US	1
Fairmount	Pennsylvania	39.97233	-75.18101	US	1
Browns Mills	New Jersey	39.97261	-74.58293	US	1
Yorktown	Pennsylvania	39.97345	-75.15296	US	1
East York	Pennsylvania	39.97371	-76.68636	US	1
South Coatesville	Pennsylvania	39.97427	-75.81995	US	1
Georgetown	Illinois	39.97531	-87.63585	US	1
Santaquin	Utah	39.97551	-111.78521	US	1
Brewerytown	Pennsylvania	39.97706	-75.18185	US	1
Louisville	Colorado	39.97776	-105.13193	US	1
Dunbar	Pennsylvania	39.97785	-79.61448	US	1
Todd Creek	Colorado	39.97804	-104.87331	US	1
North York	Pennsylvania	39.97815	-76.73302	US	1
Shiloh	Pennsylvania	39.97815	-76.79719	US	1
Carmel	Indiana	39.97837	-86.11804	US	1
North Zanesville	Ohio	39.97868	-82.00347	US	1
Willow Street	Pennsylvania	39.97927	-76.27635	US	1
Grandview Heights	Ohio	39.97979	-83.04074	US	1
Havertown	Pennsylvania	39.98095	-75.30852	US	1
Broomall	Pennsylvania	39.9815	-75.35658	US	1
Coatesville	Pennsylvania	39.98316	-75.82384	US	1
Strasburg	Pennsylvania	39.98316	-76.18412	US	1
Strawberry Mansion	Pennsylvania	39.98345	-75.18268	US	1
Weigelstown	Pennsylvania	39.98371	-76.82247	US	1
Hartranft	Pennsylvania	39.98483	-75.14712	US	1
Lake Meade	Pennsylvania	39.9851	-77.0372	US	1
Brighton	Colorado	39.98526	-104.82053	US	1
Kensington	Pennsylvania	39.98595	-75.13184	US	1
Tolono	Illinois	39.98614	-88.25894	US	1
Penn Wynne	Pennsylvania	39.98622	-75.27546	US	1
West Kensington	Pennsylvania	39.9865	-75.13907	US	1
Oregon	Missouri	39.98694	-95.14498	US	1
Stonybrook	Pennsylvania	39.98704	-76.64413	US	1
Mount Sterling	Illinois	39.98727	-90.76346	US	1
Gap	Pennsylvania	39.98732	-76.02051	US	1
Barnesville	Ohio	39.98813	-81.1765	US	1
McMechen	West Virginia	39.98813	-80.73147	US	1
Overbrook	Pennsylvania	39.98928	-75.24324	US	1
Arcanum	Ohio	39.99005	-84.55329	US	1
Lampeter	Pennsylvania	39.9901	-76.23968	US	1
Caln	Pennsylvania	39.99094	-75.78022	US	1
Dover Beaches North	New Jersey	39.99123	-74.06375	US	1
Northridge	Ohio	39.99173	-83.77854	US	1
Yorklyn	Pennsylvania	39.99232	-76.64635	US	1
Thorndale	Pennsylvania	39.99288	-75.74522	US	1
Mount Holly	New Jersey	39.99289	-74.78766	US	1
Port Richmond	Pennsylvania	39.99345	-75.10017	US	1
Lafayette	Colorado	39.9936	-105.08971	US	1
New Concord	Ohio	39.99368	-81.73402	US	1
Upper Arlington	Ohio	39.99451	-83.06241	US	1
Pataskala	Ohio	39.99562	-82.67433	US	1
Genola	Utah	39.99634	-111.84327	US	1
South Connellsville	Pennsylvania	39.99674	-79.58587	US	1
Cinnaminson	New Jersey	39.99678	-74.99267	US	1
Whitestown	Indiana	39.99726	-86.34583	US	1
Pendleton	Indiana	39.99754	-85.74664	US	1
Millersville	Pennsylvania	39.99788	-76.35413	US	1
Luzerne	Pennsylvania	39.99924	-79.96283	US	1
Bridesburg	Pennsylvania	40.00039	-75.06962	US	1
Dover	Pennsylvania	40.00176	-76.85025	US	1
Pine Lake Park	New Jersey	40.00317	-74.25653	US	1
Wynnefield Heights	Pennsylvania	40.00345	-75.20462	US	1
Leisure Village West-Pine Lake Park	New Jersey	40.00416	-74.26629	US	1
Hallam	Pennsylvania	40.00482	-76.60413	US	1
Earlston	Pennsylvania	40.00619	-78.37001	US	1
Downingtown	Pennsylvania	40.0065	-75.70327	US	1
Ardmore	Pennsylvania	40.00678	-75.28546	US	1
Philo	Illinois	40.00698	-88.1581	US	1
Palmyra	New Jersey	40.00706	-75.02823	US	1
Lochbuie	Colorado	40.00721	-104.71608	US	1
Bala Cynwyd	Pennsylvania	40.00761	-75.23407	US	1
Somerset	Pennsylvania	40.00841	-79.07808	US	1
Allegheny West	Pennsylvania	40.00845	-75.17796	US	1
Juniata Park	Pennsylvania	40.00845	-75.10879	US	1
Narberth	Pennsylvania	40.00845	-75.26046	US	1
Paradise	Pennsylvania	40.00982	-76.12857	US	1
Nicetown-Tioga	Pennsylvania	40.00989	-75.16387	US	1
Hiller	Pennsylvania	40.01035	-79.90088	US	1
Mount Pulaski	Illinois	40.01088	-89.28231	US	1
Elk Ridge	Utah	40.01134	-111.67687	US	1
Everett	Pennsylvania	40.01147	-78.37335	US	1
Riverton	New Jersey	40.0115	-75.01489	US	1
Petersburg	Illinois	40.01172	-89.84817	US	1
Nicetown	Pennsylvania	40.01317	-75.15684	US	1
Frankford	Pennsylvania	40.01384	-75.07859	US	1
Lakehurst	New Jersey	40.01456	-74.31126	US	1
East Falls	Pennsylvania	40.01456	-75.19157	US	1
Boulder	Colorado	40.01499	-105.27055	US	1
Woodland Hills	Utah	40.01532	-111.64868	US	1
Maple Glen	Pennsylvania	40.01563	-79.97672	US	1
Rancho Tehama Reserve	California	40.01569	-122.40072	US	1
Bellaire	Ohio	40.01618	-80.74231	US	1
Bethesda	Ohio	40.01618	-81.0726	US	1
Hunting Park	Pennsylvania	40.0165	-75.14379	US	1
Beardstown	Illinois	40.01755	-90.42429	US	1
Connellsville	Pennsylvania	40.01785	-79.58948	US	1
Benwood	West Virginia	40.01813	-80.73425	US	1
Bedford	Pennsylvania	40.01869	-78.50391	US	1
Leisure Knoll	New Jersey	40.01901	-74.29209	US	1
Gahanna	Ohio	40.01923	-82.87934	US	1
Superior	Nebraska	40.02085	-98.07004	US	1
Los Molinos	California	40.02127	-122.10027	US	1
Emigsville	Pennsylvania	40.02176	-76.72802	US	1
Wissinoming	Pennsylvania	40.02233	-75.06323	US	1
Heath	Ohio	40.02284	-82.4446	US	1
La Plata	Missouri	40.02337	-92.49158	US	1
Beechwood Trails	Ohio	40.02367	-82.65072	US	1
Brownsville	Pennsylvania	40.02369	-79.88394	US	1
Manayunk	Pennsylvania	40.02456	-75.21407	US	1
Sidney	Illinois	40.02503	-88.07337	US	1
Wrightsville	Pennsylvania	40.02565	-76.52997	US	1
Monticello	Illinois	40.02781	-88.5734	US	1
Willingboro	New Jersey	40.02789	-74.86905	US	1
Logan	Pennsylvania	40.02845	-75.15157	US	1
Exton	Pennsylvania	40.029	-75.62077	US	1
Fort Dix	New Jersey	40.02984	-74.61849	US	1
Leisure Village East	New Jersey	40.03012	-74.16431	US	1
Cambridge	Ohio	40.03118	-81.58846	US	1
Tacony	Pennsylvania	40.03122	-75.04434	US	1
Hilliard	Ohio	40.0334	-83.15825	US	1
Columbia	Pennsylvania	40.03371	-76.50441	US	1
Homer	Illinois	40.03476	-87.95809	US	1
Glen Willow	Pennsylvania	40.03483	-75.22574	US	1
Wister	Pennsylvania	40.03511	-75.15795	US	1
Malvern	Pennsylvania	40.03622	-75.51381	US	1
Maroa	Illinois	40.03643	-88.95703	US	1
Meeker	Colorado	40.03747	-107.91313	US	1
Intercourse	Pennsylvania	40.0376	-76.10495	US	1
Lancaster	Pennsylvania	40.03788	-76.30551	US	1
Roxborough	Pennsylvania	40.03817	-75.2224	US	1
Tulpehocken	Pennsylvania	40.03817	-75.19546	US	1
Camp Point	Illinois	40.03921	-91.0693	US	1
Mountville	Pennsylvania	40.03926	-76.4308	US	1
Troy	Ohio	40.0395	-84.20328	US	1
McGuire AFB	New Jersey	40.03977	-74.58174	US	1
Crawfordsville	Indiana	40.04115	-86.87445	US	1
Olney	Pennsylvania	40.04122	-75.12379	US	1
Holmesburg	Pennsylvania	40.0415	-75.02795	US	1
Paoli	Pennsylvania	40.04205	-75.47631	US	1
Cedar Glen West	New Jersey	40.04206	-74.29265	US	1
Westville	Illinois	40.04226	-87.63863	US	1
Leisure Village	New Jersey	40.04262	-74.18486	US	1
Westfield	Indiana	40.04282	-86.12749	US	1
Germantown	Pennsylvania	40.04344	-75.18018	US	1
Wayne	Pennsylvania	40.044	-75.38769	US	1
Payson	Utah	40.0444	-111.73215	US	1
Berwyn	Pennsylvania	40.04483	-75.43881	US	1
Centerville	Pennsylvania	40.04535	-79.97561	US	1
Noblesville	Indiana	40.04559	-86.0086	US	1
Radnor	Pennsylvania	40.04622	-75.35991	US	1
Lebanon	Indiana	40.04837	-86.46917	US	1
Benkelman	Nebraska	40.04916	-101.53294	US	1
Devon	Pennsylvania	40.04928	-75.42908	US	1
Lynn	Indiana	40.04977	-84.93969	US	1
Friedens	Pennsylvania	40.05008	-78.99836	US	1
East Oak Lane	Pennsylvania	40.05011	-75.13295	US	1
Oxford Circle	Pennsylvania	40.05011	-75.07184	US	1
Erie	Colorado	40.05026	-105.04998	US	1
Lawndale	Pennsylvania	40.05039	-75.09156	US	1
Shippensburg	Pennsylvania	40.05065	-77.52026	US	1
Delanco	New Jersey	40.05067	-74.9535	US	1
King City	Missouri	40.05138	-94.52412	US	1
Pleasant Hill	Ohio	40.05172	-84.34439	US	1
Ogontz	Pennsylvania	40.05178	-75.15129	US	1
Granville South	Ohio	40.05207	-82.54166	US	1
Carpenter	Pennsylvania	40.05233	-75.20018	US	1
West Mount Airy	Pennsylvania	40.05261	-75.19796	US	1
Shawmont	Pennsylvania	40.05289	-75.23601	US	1
Salem	Utah	40.05301	-111.67354	US	1
Lexington Park	Pennsylvania	40.05344	-75.04628	US	1
Lionville	Pennsylvania	40.05372	-75.65993	US	1
Pennypack Woods	Pennsylvania	40.05428	-75.016	US	1
Savoy	Illinois	40.05475	-88.25172	US	1
Torresdale	Pennsylvania	40.05483	-75.00434	US	1
Winchester Park	Pennsylvania	40.05511	-75.02962	US	1
Gerber	California	40.05627	-122.15027	US	1
Allen Lane	Pennsylvania	40.0565	-75.1974	US	1
Marietta	Pennsylvania	40.05704	-76.55219	US	1
Middletown	Indiana	40.05727	-85.5372	US	1
Pittville	Pennsylvania	40.05733	-75.14462	US	1
Newark	Ohio	40.05812	-82.40126	US	1
Kremmling	Colorado	40.05887	-106.38892	US	1
Brick	New Jersey	40.05928	-74.13708	US	1
Eagleview	Pennsylvania	40.05938	-75.68076	US	1
Upper Roxborough	Pennsylvania	40.05956	-75.23851	US	1
West Mountain	Utah	40.06079	-111.78827	US	1
Falls City	Nebraska	40.06084	-95.60193	US	1
Cheltenham	Pennsylvania	40.06094	-75.09406	US	1
Academy Garden	Pennsylvania	40.06178	-74.99628	US	1
Rhawnhurst	Pennsylvania	40.06178	-75.05573	US	1
Manchester	Pennsylvania	40.06315	-76.7183	US	1
Mount Wolf	Pennsylvania	40.06315	-76.70386	US	1
Gunbarrel	Colorado	40.06335	-105.17107	US	1
Ryers	Pennsylvania	40.06372	-75.08712	US	1
Wheeling	West Virginia	40.06396	-80.72091	US	1
East Mount Airy	Pennsylvania	40.0645	-75.1875	US	1
Catlin	Illinois	40.06504	-87.70197	US	1
Beverly	New Jersey	40.06539	-74.91906	US	1
California	Pennsylvania	40.06563	-79.89171	US	1
Blue Grass	Pennsylvania	40.06567	-75.02739	US	1
Pennypack	Pennsylvania	40.06678	-75.04545	US	1
New Egypt	New Jersey	40.06761	-74.53071	US	1
Granville	Ohio	40.06812	-82.5196	US	1
Edgewater Park	New Jersey	40.06817	-74.90072	US	1
Lapel	Indiana	40.06837	-85.84831	US	1
Wolfhurst	Ohio	40.06924	-80.7837	US	1
West Oak Lane	Pennsylvania	40.06928	-75.16629	US	1
Bridgeport	Ohio	40.06979	-80.74008	US	1
West Conshohocken	Pennsylvania	40.06983	-75.3163	US	1
Burlington	New Jersey	40.07122	-74.86489	US	1
Mechanicsburg	Ohio	40.072	-83.55631	US	1
Columbus	New Jersey	40.07261	-74.72072	US	1
Andorra	Pennsylvania	40.07261	-75.23129	US	1
Hot Sulphur Springs	Colorado	40.07304	-106.1028	US	1
Morrell Park	Pennsylvania	40.07344	-74.9885	US	1
Hudson	Colorado	40.07359	-104.64302	US	1
Maytown	Pennsylvania	40.07537	-76.58219	US	1
Chesterbrook	Pennsylvania	40.07566	-75.45908	US	1
Wray	Colorado	40.07582	-102.22325	US	1
Minerva Park	Ohio	40.07645	-82.94379	US	1
Cornwells Heights	Pennsylvania	40.07678	-74.94878	US	1
Chestnut Hill	Pennsylvania	40.07706	-75.2074	US	1
Elkins Park	Pennsylvania	40.07706	-75.12684	US	1
Mantua	Ohio	40.07785	-81.67901	US	1
Cedarbrook	Pennsylvania	40.07799	-75.17675	US	1
Modena Park	Pennsylvania	40.07844	-74.98795	US	1
Trenton	Missouri	40.0789	-93.61661	US	1
Mermaid	Pennsylvania	40.079	-75.17823	US	1
Conshohocken	Pennsylvania	40.07928	-75.30157	US	1
Hanover	Ohio	40.07979	-82.26098	US	1
Saint Clairsville	Ohio	40.08063	-80.90009	US	1
New Albany	Ohio	40.08117	-82.80879	US	1
Fox Chase	Pennsylvania	40.08122	-75.08017	US	1
Rockledge	Pennsylvania	40.08122	-75.08962	US	1
Wyndmoor	Pennsylvania	40.08122	-75.18934	US	1
Bustleton	Pennsylvania	40.08261	-75.03156	US	1
Point Pleasant	New Jersey	40.08317	-74.06819	US	1
Eddington	Pennsylvania	40.08456	-74.94489	US	1
Dacono	Colorado	40.08471	-104.93942	US	1
Fort Lupton	Colorado	40.08471	-104.81303	US	1
Granby	Colorado	40.0861	-105.93946	US	1
Perryopolis	Pennsylvania	40.08702	-79.7506	US	1
Croydon	Pennsylvania	40.08733	-74.9035	US	1
Rangely	Colorado	40.08748	-108.80483	US	1
Leola	Pennsylvania	40.08787	-76.18495	US	1
Huber Ridge	Ohio	40.08867	-82.91657	US	1
Red Cloud	Nebraska	40.0889	-98.5195	US	1
King of Prussia	Pennsylvania	40.08927	-75.39602	US	1
Bainbridge	Pennsylvania	40.09093	-76.66747	US	1
Point Pleasant Beach	New Jersey	40.09123	-74.04791	US	1
Lafayette Hill	Pennsylvania	40.09245	-75.2533	US	1
Worthington	Ohio	40.09312	-83.01796	US	1
Parkwood Manor	Pennsylvania	40.09344	-74.96795	US	1
Honey Brook	Pennsylvania	40.09427	-75.91133	US	1
Wyncote	Pennsylvania	40.09455	-75.14879	US	1
Chester Springs	Pennsylvania	40.0951	-75.61687	US	1
Tilton	Illinois	40.09531	-87.64752	US	1
Landisville	Pennsylvania	40.09537	-76.40996	US	1
Martins Ferry	Ohio	40.09591	-80.72453	US	1
Jenkintown	Pennsylvania	40.09594	-75.12517	US	1
Franklin	Nebraska	40.09612	-98.95258	US	1
Alma	Nebraska	40.09751	-99.36204	US	1
Lakewood	New Jersey	40.09789	-74.21764	US	1
Benjamin	Utah	40.09829	-111.73132	US	1
Frederick	Colorado	40.09915	-104.9372	US	1
Dublin	Ohio	40.09923	-83.11408	US	1
East Petersburg	Pennsylvania	40.1001	-76.35413	US	1
Scottdale	Pennsylvania	40.10035	-79.58698	US	1
Bristol	Pennsylvania	40.10067	-74.85183	US	1
Salunga	Pennsylvania	40.10093	-76.42469	US	1
New Holland	Pennsylvania	40.10176	-76.08523	US	1
Glenside	Pennsylvania	40.10233	-75.15212	US	1
Plymouth Meeting	Pennsylvania	40.10233	-75.27435	US	1
Greenville	Ohio	40.10283	-84.63301	US	1
Edgewood	Indiana	40.10337	-85.73414	US	1
Flourtown	Pennsylvania	40.10344	-75.2124	US	1
Normandy	Pennsylvania	40.10344	-74.99572	US	1
Niwot	Colorado	40.10387	-105.17082	US	1
Bensalem	Pennsylvania	40.10455	-74.95128	US	1
Bridgeport	Pennsylvania	40.10511	-75.34518	US	1
Anderson	Indiana	40.10532	-85.68025	US	1
Plain City	Ohio	40.10756	-83.26742	US	1
Brielle	New Jersey	40.10789	-74.05653	US	1
Keenesburg	Colorado	40.10832	-104.51996	US	1
Pawnee City	Nebraska	40.10833	-96.15445	US	1
Urbana	Ohio	40.10839	-83.75243	US	1
Aristocrat Ranchettes	Colorado	40.10915	-104.76247	US	1
Mount Joy	Pennsylvania	40.10982	-76.5033	US	1
East Earl	Pennsylvania	40.1101	-76.03272	US	1
Urbana	Illinois	40.11059	-88.20727	US	1
Central City	Pennsylvania	40.11063	-78.80197	US	1
Dillsburg	Pennsylvania	40.11093	-77.03498	US	1
Saint Joseph	Illinois	40.1117	-88.0417	US	1
Firestone	Colorado	40.11248	-104.93664	US	1
Chesterfield	Indiana	40.11254	-85.59692	US	1
Veedersburg	Indiana	40.11309	-87.26251	US	1
Fairhope	Pennsylvania	40.11368	-79.83977	US	1
Spanish Fork	Utah	40.11496	-111.65492	US	1
Roebling	New Jersey	40.11594	-74.78627	US	1
Oakwood	Illinois	40.11615	-87.77836	US	1
Champaign	Illinois	40.11642	-88.24338	US	1
Bentleyville	Pennsylvania	40.11674	-80.00839	US	1
Covington	Ohio	40.11727	-84.35384	US	1
Frazeysburg	Ohio	40.11729	-82.11931	US	1
Monticello	Missouri	40.11838	-91.71211	US	1
Mount Holly Springs	Pennsylvania	40.11842	-77.18998	US	1
Oreland	Pennsylvania	40.11844	-75.17768	US	1
Blue Ball	Pennsylvania	40.11871	-76.04717	US	1
Redway	California	40.12014	-123.82336	US	1
Abington	Pennsylvania	40.12067	-75.11795	US	1
Ramtown	New Jersey	40.12095	-74.14375	US	1
Daleville	Indiana	40.12115	-85.55803	US	1
Rushville	Illinois	40.12116	-90.56318	US	1
Dresden	Ohio	40.12146	-82.01069	US	1
Norristown	Pennsylvania	40.1215	-75.3399	US	1
Yuma	Colorado	40.12221	-102.72521	US	1
Wymore	Nebraska	40.12222	-96.66252	US	1
Bear Rocks	Pennsylvania	40.12285	-79.4617	US	1
Somerton	Pennsylvania	40.12344	-75.01489	US	1
Brownstown	Pennsylvania	40.12371	-76.21384	US	1
Cicero	Indiana	40.12393	-86.01332	US	1
Danville	Illinois	40.12448	-87.63002	US	1
Speers	Pennsylvania	40.12452	-79.87977	US	1
Belle Vernon	Pennsylvania	40.12507	-79.86644	US	1
Westerville	Ohio	40.12617	-82.92907	US	1
Manasquan	New Jersey	40.12623	-74.0493	US	1
Acme	Pennsylvania	40.12674	-79.42865	US	1
Audubon	Pennsylvania	40.12788	-75.43185	US	1
Saint Paris	Ohio	40.12839	-83.95966	US	1
North Belle Vernon	Pennsylvania	40.12924	-79.8681	US	1
Thorntown	Indiana	40.12948	-86.60667	US	1
Canton	Missouri	40.1295	-91.51852	US	1
West Norriton	Pennsylvania	40.12955	-75.37852	US	1
Rheems	Pennsylvania	40.13009	-76.57052	US	1
Mapleton	Utah	40.13023	-111.57853	US	1
Phoenixville	Pennsylvania	40.13038	-75.51491	US	1
Lynnwood-Pricedale	Pennsylvania	40.13071	-79.85135	US	1
Mound City	Missouri	40.13111	-95.23164	US	1
Bryn Athyn	Pennsylvania	40.1315	-75.06739	US	1
Sea Girt	New Jersey	40.13206	-74.03458	US	1
Bradford	Ohio	40.13227	-84.43078	US	1
Sheridan	Indiana	40.13504	-86.22055	US	1
Fairbury	Nebraska	40.13722	-97.18059	US	1
Beaver City	Nebraska	40.13751	-99.82956	US	1
Charleroi	Pennsylvania	40.13785	-79.8981	US	1
Tullytown	Pennsylvania	40.13928	-74.81461	US	1
Greenville	California	40.13961	-120.95107	US	1
Dresher	Pennsylvania	40.14094	-75.16684	US	1
Covington	Indiana	40.1417	-87.39474	US	1
Fort Washington	Pennsylvania	40.14178	-75.20906	US	1
Willow Grove	Pennsylvania	40.144	-75.11573	US	1
Piqua	Ohio	40.14477	-84.24244	US	1
Trevose	Pennsylvania	40.146	-74.985	US	1
Bordentown	New Jersey	40.14622	-74.71183	US	1
Lincoln	Illinois	40.14838	-89.36482	US	1
Monessen	Pennsylvania	40.14841	-79.88783	US	1
Boiling Springs	Pennsylvania	40.14981	-77.12831	US	1
Trooper	Pennsylvania	40.14983	-75.40185	US	1
Feasterville	Pennsylvania	40.15	-74.997	US	1
East Norriton	Pennsylvania	40.15043	-75.33637	US	1
North Charleroi	Pennsylvania	40.15118	-79.90755	US	1
Rothsville	Pennsylvania	40.15121	-76.25107	US	1
Spring Lake Heights	New Jersey	40.152	-74.039	US	1
Penndel	Pennsylvania	40.15205	-74.91656	US	1
Blue Bell	Pennsylvania	40.15233	-75.26629	US	1
Elizabethtown	Pennsylvania	40.15287	-76.60275	US	1
Spring Lake	New Jersey	40.15345	-74.02819	US	1
Clinton	Illinois	40.15365	-88.96453	US	1
Johnstown	Ohio	40.15367	-82.68517	US	1
Yorkville	Ohio	40.15452	-80.71036	US	1
Ambler	Pennsylvania	40.15455	-75.22157	US	1
Levittown	Pennsylvania	40.15511	-74.82877	US	1
New California	Ohio	40.15617	-83.23658	US	1
Akron	Pennsylvania	40.15676	-76.20217	US	1
Elverson	Pennsylvania	40.15676	-75.83271	US	1
Valley Green	Pennsylvania	40.15731	-76.79275	US	1
Lititz	Pennsylvania	40.15732	-76.3069	US	1
Terre Hill	Pennsylvania	40.15732	-76.0505	US	1
Powell	Ohio	40.15784	-83.07519	US	1
Vista Center	New Jersey	40.15928	-74.31792	US	1
Eagleville	Pennsylvania	40.15955	-75.40824	US	1
Lake Como	New Jersey	40.15984	-74.02819	US	1
Akron	Colorado	40.16054	-103.21438	US	1
Boswell	Pennsylvania	40.16147	-79.02892	US	1
Duchesne	Utah	40.16329	-110.40293	US	1
Manheim	Pennsylvania	40.16343	-76.39496	US	1
Springville	Utah	40.16523	-111.61075	US	1
Hebron	Nebraska	40.16639	-97.58588	US	1
Tiltonsville	Ohio	40.16674	-80.6998	US	1
Langhorne Manor	Pennsylvania	40.16705	-74.91767	US	1
Longmont	Colorado	40.16721	-105.10193	US	1
Edina	Missouri	40.16754	-92.17268	US	1
West Belmar	New Jersey	40.16928	-74.03542	US	1
West Liberty	West Virginia	40.16979	-80.59369	US	1
Groveville	New Jersey	40.16983	-74.67155	US	1
South Belmar	New Jersey	40.17095	-74.02736	US	1
Winchester	Indiana	40.17199	-84.98135	US	1
Newville	Pennsylvania	40.17314	-77.3986	US	1
Donora	Pennsylvania	40.1734	-79.85755	US	1
Yorktown	Indiana	40.17365	-85.49414	US	1
East Washington	Pennsylvania	40.17368	-80.23756	US	1
Washington	Pennsylvania	40.17396	-80.24617	US	1
Hatboro	Pennsylvania	40.17428	-75.10684	US	1
Langhorne	Pennsylvania	40.17455	-74.92267	US	1
Trenton	Nebraska	40.17555	-101.01294	US	1
Arcadia	Indiana	40.17587	-86.02165	US	1
Spring City	Pennsylvania	40.17677	-75.54769	US	1
Wickerham Manor-Fisher	Pennsylvania	40.17749	-79.90684	US	1
Allentown	New Jersey	40.17789	-74.58349	US	1
Horsham	Pennsylvania	40.17844	-75.12851	US	1
Belmar	New Jersey	40.17845	-74.0218	US	1
Red Bluff	California	40.17849	-122.23583	US	1
Lovelock	Nevada	40.17935	-118.47348	US	1
Fairless Hills	Pennsylvania	40.17955	-74.85516	US	1
Ephrata	Pennsylvania	40.17982	-76.17884	US	1
Evansburg	Pennsylvania	40.18094	-75.42907	US	1
Yardville	New Jersey	40.18122	-74.66432	US	1
Shrewsbury	New Jersey	40.18261	-74.52932	US	1
Fivepointville	Pennsylvania	40.18287	-76.05106	US	1
Fellsburg	Pennsylvania	40.18313	-79.82421	US	1
Royersford	Pennsylvania	40.18427	-75.53796	US	1
Spring House	Pennsylvania	40.18539	-75.22768	US	1
Collegeville	Pennsylvania	40.18566	-75.45157	US	1
Warminster Heights	Pennsylvania	40.18705	-75.08156	US	1
Royalton	Pennsylvania	40.18731	-76.72997	US	1
Farmland	Indiana	40.18782	-85.12747	US	1
Parker City	Indiana	40.18893	-85.20413	US	1
White Horse	New Jersey	40.19067	-74.70238	US	1
Woodbourne	Pennsylvania	40.19233	-74.88878	US	1
Avon-by-the-Sea	New Jersey	40.19234	-74.01597	US	1
Wolfdale	Pennsylvania	40.19285	-80.28784	US	1
Muncie	Indiana	40.19338	-85.38636	US	1
Shark River Hills	New Jersey	40.194	-74.04875	US	1
Churchville	Pennsylvania	40.194	-75.004	US	1
Kirksville	Missouri	40.19475	-92.58325	US	1
Baidland	Pennsylvania	40.19479	-79.97088	US	1
Mahomet	Illinois	40.19531	-88.40422	US	1
Farmingdale	New Jersey	40.1965	-74.16848	US	1
Bowmansville	Pennsylvania	40.19676	-76.01744	US	1
Lewis Center	Ohio	40.1984	-83.01018	US	1
Trappe	Pennsylvania	40.19899	-75.47629	US	1
Union City	Ohio	40.19938	-84.80353	US	1
Middletown	Pennsylvania	40.19981	-76.73108	US	1
Neptune City	New Jersey	40.20011	-74.02792	US	1
Carlisle	Pennsylvania	40.20148	-77.18887	US	1
Nelson	Nebraska	40.20168	-98.06782	US	1
McCook	Nebraska	40.20195	-100.62571	US	1
Union City	Indiana	40.20199	-84.80913	US	1
Milan	Missouri	40.20224	-93.12521	US	1
Mason City	Illinois	40.20227	-89.69816	US	1
Bradley Beach	New Jersey	40.20234	-74.01208	US	1
Monongahela	Pennsylvania	40.20313	-79.92616	US	1
Village Shires	Pennsylvania	40.20316	-74.97045	US	1
Penryn	Pennsylvania	40.20509	-76.36829	US	1
Bethany	West Virginia	40.20563	-80.55674	US	1
Lake of the Woods	Illinois	40.20642	-88.36867	US	1
New Eagle	Pennsylvania	40.20785	-79.94699	US	1
Ivyland	Pennsylvania	40.20789	-75.07267	US	1
Jerome	Pennsylvania	40.20896	-78.98364	US	1
West Newton	Pennsylvania	40.20979	-79.76699	US	1
Calumet	Pennsylvania	40.2109	-79.48532	US	1
Highspire	Pennsylvania	40.21092	-76.79108	US	1
North Wales	Pennsylvania	40.21094	-75.27823	US	1
Reamstown	Pennsylvania	40.21148	-76.12328	US	1
Ocean Grove	New Jersey	40.21206	-74.00653	US	1
Mechanicsburg	Pennsylvania	40.21426	-77.00859	US	1
Ansonia	Ohio	40.21449	-84.6369	US	1
Robbinsville	New Jersey	40.21455	-74.61932	US	1
Platteville	Colorado	40.21498	-104.82275	US	1
Richboro	Pennsylvania	40.21511	-75.01072	US	1
Trenton	New Jersey	40.21705	-74.74294	US	1
Stanberry	Missouri	40.21777	-94.53829	US	1
Clay	Pennsylvania	40.21843	-76.25551	US	1
New Stanton	Pennsylvania	40.21924	-79.60948	US	1
Asbury Park	New Jersey	40.22039	-74.01208	US	1
Woodside	Pennsylvania	40.22178	-74.87544	US	1
Versailles	Ohio	40.22255	-84.4844	US	1
Frankton	Indiana	40.22282	-85.77887	US	1
Skippack	Pennsylvania	40.22288	-75.39879	US	1
North Lewisburg	Ohio	40.22311	-83.55743	US	1
Shiremanstown	Pennsylvania	40.22342	-76.95359	US	1
Collinsburg	Pennsylvania	40.22424	-79.76838	US	1
Lyons	Colorado	40.22471	-105.27138	US	1
Brickerville	Pennsylvania	40.22593	-76.30246	US	1
Lower Allen	Pennsylvania	40.22648	-76.90053	US	1
Davidsville	Pennsylvania	40.22702	-78.93641	US	1
Hamilton Square	New Jersey	40.22733	-74.65321	US	1
Astoria	Illinois	40.22754	-90.35957	US	1
McGovern	Pennsylvania	40.22896	-80.21645	US	1
Newtown	Pennsylvania	40.22928	-74.93683	US	1
Bressler	Pennsylvania	40.22953	-76.81997	US	1
Limerick	Pennsylvania	40.23093	-75.52212	US	1
Mercerville-Hamilton Square	New Jersey	40.23126	-74.67223	US	1
Kenilworth	Pennsylvania	40.23149	-75.63408	US	1
Enhaut	Pennsylvania	40.23176	-76.82692	US	1
Wanamassa	New Jersey	40.23178	-74.02542	US	1
New Cumberland	Pennsylvania	40.23231	-76.8847	US	1
Denver	Pennsylvania	40.23315	-76.13717	US	1
Swartzville	Pennsylvania	40.23315	-76.07828	US	1
Mead	Colorado	40.23332	-104.99859	US	1
Provo	Utah	40.23384	-111.65853	US	1
Utica	Ohio	40.23423	-82.45127	US	1
Alleghenyville	Pennsylvania	40.23426	-75.98855	US	1
Steelton	Pennsylvania	40.23537	-76.84136	US	1
Marysville	Ohio	40.23645	-83.36714	US	1
Mercerville	New Jersey	40.23705	-74.68655	US	1
South Pottstown	Pennsylvania	40.23954	-75.65102	US	1
Windber	Pennsylvania	40.2398	-78.83502	US	1
Camp Hill	Pennsylvania	40.23981	-76.91997	US	1
Youngwood	Pennsylvania	40.24035	-79.57671	US	1
Prospect Park	New Jersey	40.24039	-74.76627	US	1
Adamstown	Pennsylvania	40.2412	-76.05633	US	1
Lemoyne	Pennsylvania	40.2412	-76.89414	US	1
Schoeneck	Pennsylvania	40.24148	-76.17411	US	1
Lansdale	Pennsylvania	40.2415	-75.28379	US	1
Thomasboro	Illinois	40.2417	-88.18421	US	1
Schlusser	Pennsylvania	40.24175	-77.17693	US	1
West Freehold	New Jersey	40.24206	-74.30126	US	1
Sunbury	Ohio	40.24256	-82.85907	US	1
Kulpsville	Pennsylvania	40.24288	-75.33656	US	1
Ligonier	Pennsylvania	40.24313	-79.23753	US	1
Farmer City	Illinois	40.24337	-88.64257	US	1
Sanatoga	Pennsylvania	40.2451	-75.59518	US	1
Pottstown	Pennsylvania	40.24537	-75.64963	US	1
Yardley	Pennsylvania	40.24566	-74.846	US	1
Houston	Pennsylvania	40.24646	-80.21145	US	1
Montgomeryville	Pennsylvania	40.24733	-75.24379	US	1
Fort Morgan	Colorado	40.25026	-103.79995	US	1
West Liberty	Ohio	40.25228	-83.75577	US	1
Stowe	Pennsylvania	40.2526	-75.67741	US	1
Schwenksville	Pennsylvania	40.25621	-75.46379	US	1
Gastonville	Pennsylvania	40.25729	-79.99588	US	1
Lawnton	Pennsylvania	40.25842	-76.80386	US	1
Brush	Colorado	40.25887	-103.62384	US	1
Paxtang	Pennsylvania	40.25898	-76.83192	US	1
Atlanta	Illinois	40.25948	-89.23342	US	1
Freehold	New Jersey	40.26011	-74.27376	US	1
Newtown Grant	Pennsylvania	40.26011	-74.95489	US	1
Canonsburg	Pennsylvania	40.26257	-80.18728	US	1
Alexandria	Indiana	40.26282	-85.67581	US	1
Wormleysburg	Pennsylvania	40.26287	-76.91386	US	1
Twin Rivers	New Jersey	40.264	-74.49126	US	1
Birdsboro	Pennsylvania	40.26454	-75.80409	US	1
Brilliant	Ohio	40.26479	-80.62619	US	1
Pottsgrove	Pennsylvania	40.26482	-75.61185	US	1
Hummelstown	Pennsylvania	40.26537	-76.7083	US	1
Reinholds	Pennsylvania	40.26676	-76.1155	US	1
Beatrice	Nebraska	40.26806	-96.74697	US	1
Bethany	Missouri	40.26833	-94.02829	US	1
Rutherford	Pennsylvania	40.26898	-76.76803	US	1
Brittany Farms-Highlands	Pennsylvania	40.26901	-75.21401	US	1
Elizabeth	Pennsylvania	40.26924	-79.88977	US	1
Hightstown	New Jersey	40.26955	-74.52321	US	1
Ewing	New Jersey	40.26983	-74.79988	US	1
Oakhurst	New Jersey	40.27094	-74.01625	US	1
Wellsburg	West Virginia	40.27201	-80.60952	US	1
Coshocton	Ohio	40.27202	-81.85958	US	1
Newcomerstown	Ohio	40.27229	-81.60595	US	1
Cadiz	Ohio	40.27285	-80.99676	US	1
Cornwall	Pennsylvania	40.2737	-76.40607	US	1
Harrisburg	Pennsylvania	40.2737	-76.88442	US	1
Amity Gardens	Pennsylvania	40.27426	-75.73519	US	1
West Fairview	Pennsylvania	40.27509	-76.91553	US	1
West Lafayette	Ohio	40.27535	-81.75096	US	1
Penbrook	Pennsylvania	40.27537	-76.84803	US	1
Spring Mount	Pennsylvania	40.27566	-75.45657	US	1
Flying Hills	Pennsylvania	40.27676	-75.9141	US	1
Elwood	Indiana	40.27698	-85.84192	US	1
Campbelltown	Pennsylvania	40.27759	-76.58525	US	1
McMurray	Pennsylvania	40.27785	-80.08394	US	1
South Greensburg	Pennsylvania	40.2784	-79.54476	US	1
Frankfort	Indiana	40.27948	-86.51084	US	1
Harleysville	Pennsylvania	40.27955	-75.38712	US	1
Hatfield	Pennsylvania	40.27983	-75.29934	US	1
East Freehold	New Jersey	40.28094	-74.25126	US	1
Gilcrest	Colorado	40.28193	-104.77775	US	1
Cambridge	Nebraska	40.28195	-100.16569	US	1
Halfway House	Pennsylvania	40.28204	-75.64324	US	1
Tipton	Indiana	40.28226	-86.0411	US	1
Sidney	Ohio	40.28422	-84.1555	US	1
Progress	Pennsylvania	40.28509	-76.83136	US	1
Hershey	Pennsylvania	40.28592	-76.65025	US	1
Mohnton	Pennsylvania	40.28593	-75.98438	US	1
Colts Neck	New Jersey	40.28761	-74.17237	US	1
Williamsport	Indiana	40.28837	-87.2939	US	1
Lorane	Pennsylvania	40.28843	-75.85465	US	1
Chalfont	Pennsylvania	40.28844	-75.20906	US	1
Ferndale	Pennsylvania	40.28896	-78.91475	US	1
Ballard	Utah	40.2894	-109.9432	US	1
Enola	Pennsylvania	40.29009	-76.93386	US	1
West Long Branch	New Jersey	40.29039	-74.01764	US	1
Thompsonville	Pennsylvania	40.2909	-80.10811	US	1
Geistown	Pennsylvania	40.29091	-78.86891	US	1
Jefferson Hills	Pennsylvania	40.29118	-79.93199	US	1
Southwest Greensburg	Pennsylvania	40.29118	-79.54698	US	1
Lawson Heights	Pennsylvania	40.29174	-79.3892	US	1
Clairton	Pennsylvania	40.29229	-79.88171	US	1
Muse	Pennsylvania	40.29285	-80.20034	US	1
Attica	Indiana	40.2942	-87.2489	US	1
Eatontown	New Jersey	40.29622	-74.05097	US	1
Janesville	California	40.29656	-120.52411	US	1
Claysburg	Pennsylvania	40.29674	-78.44974	US	1
Orem	Utah	40.2969	-111.69465	US	1
Vineyard	Utah	40.29704	-111.7467	US	1
Englishtown	New Jersey	40.29733	-74.3582	US	1
Lawrenceville	New Jersey	40.29733	-74.7296	US	1
Elim	Pennsylvania	40.29785	-78.94253	US	1
Palmdale	Pennsylvania	40.29787	-76.61858	US	1
South Park Township	Pennsylvania	40.29864	-79.99405	US	1
Delaware	Ohio	40.29867	-83.06797	US	1
Grill	Pennsylvania	40.2987	-75.94049	US	1
New Britain	Pennsylvania	40.299	-75.18101	US	1
Roosevelt	Utah	40.2994	-109.98876	US	1
Havana	Illinois	40.30004	-90.06095	US	1
Salix	Pennsylvania	40.30008	-78.7653	US	1
Colonial Park	Pennsylvania	40.30064	-76.80969	US	1
Albany	Indiana	40.30088	-85.24191	US	1
Greensburg	Pennsylvania	40.30146	-79.53893	US	1
Bryn Mawr	Pennsylvania	40.30396	-80.08672	US	1
Arapahoe	Nebraska	40.30417	-99.9004	US	1
Long Branch	New Jersey	40.30428	-73.99236	US	1
Tinton Falls	New Jersey	40.30428	-74.10042	US	1
Centerburg	Ohio	40.30451	-82.69628	US	1
Gifford	Illinois	40.30587	-88.02115	US	1
Chester	California	40.30627	-121.23191	US	1
Oakland	Pennsylvania	40.30646	-78.88752	US	1
Montrose	Pennsylvania	40.30648	-75.98771	US	1
Shillington	Pennsylvania	40.30787	-75.96549	US	1
Yorketown	New Jersey	40.30789	-74.33765	US	1
Berthoud	Colorado	40.30832	-105.08109	US	1
Rantoul	Illinois	40.30837	-88.15588	US	1
Palmyra	Pennsylvania	40.30898	-76.5933	US	1
Clearbrook Park	New Jersey	40.30983	-74.4646	US	1
Wilson	Pennsylvania	40.31007	-79.89144	US	1
Doylestown	Pennsylvania	40.31011	-75.12989	US	1
Southmont	Pennsylvania	40.31063	-78.93864	US	1
Kenhorst	Pennsylvania	40.31065	-75.93938	US	1
Woxall	Pennsylvania	40.31066	-75.44879	US	1
Concordia	New Jersey	40.31094	-74.44821	US	1
Martinsburg	Pennsylvania	40.31119	-78.32418	US	1
Souderton	Pennsylvania	40.31177	-75.32518	US	1
De Graff	Ohio	40.312	-83.91577	US	1
Greenock	Pennsylvania	40.31229	-79.80671	US	1
Dale	Pennsylvania	40.31285	-78.90419	US	1
Heyworth	Illinois	40.31337	-88.97369	US	1
Eagle Mountain	Utah	40.31412	-112.00688	US	1
Fisher	Illinois	40.31476	-88.35005	US	1
Lincoln Park	Pennsylvania	40.31481	-75.98549	US	1
Marlboro	New Jersey	40.31539	-74.24626	US	1
Versailles	Pennsylvania	40.31563	-79.83116	US	1
Westmont	Pennsylvania	40.31563	-78.95169	US	1
Cranbury	New Jersey	40.31622	-74.51376	US	1
Paxtonia	Pennsylvania	40.31731	-76.79442	US	1
Princeton Junction	New Jersey	40.31733	-74.61988	US	1
Oceanport	New Jersey	40.31817	-74.01514	US	1
Cecil-Bishop	Pennsylvania	40.31819	-80.19331	US	1
Lincoln	Pennsylvania	40.31896	-79.85477	US	1
Reiffton	Pennsylvania	40.31981	-75.87354	US	1
Gilbertsville	Pennsylvania	40.3201	-75.61018	US	1
Latrobe	Pennsylvania	40.32118	-79.37948	US	1
Mingo Junction	Ohio	40.32174	-80.6098	US	1
Beaverdale	Pennsylvania	40.32202	-78.69696	US	1
Telford	Pennsylvania	40.32205	-75.32795	US	1
Loyalhanna	Pennsylvania	40.32257	-79.36226	US	1
Irwin	Pennsylvania	40.32451	-79.70115	US	1
Jacksonwald	Pennsylvania	40.32454	-75.84965	US	1
West Wyomissing	Pennsylvania	40.32454	-75.99077	US	1
Glassport	Pennsylvania	40.32479	-79.89227	US	1
Hooverson Heights	West Virginia	40.32479	-80.57757	US	1
Liberty	Pennsylvania	40.32535	-79.85616	US	1
Conemaugh	Pennsylvania	40.326	-78.897	US	1
Johnstown	Pennsylvania	40.32674	-78.92197	US	1
Saint Lawrence	Pennsylvania	40.32704	-75.87187	US	1
Sinking Spring	Pennsylvania	40.32731	-76.01105	US	1
Bethel Park	Pennsylvania	40.32757	-80.0395	US	1
Follansbee	West Virginia	40.32757	-80.59591	US	1
Lebanon South	Pennsylvania	40.32804	-76.40644	US	1
Jeannette	Pennsylvania	40.32812	-79.61532	US	1
Mount Penn	Pennsylvania	40.32815	-75.89076	US	1
Pennington	New Jersey	40.32844	-74.79072	US	1
Milliken	Colorado	40.32943	-104.85525	US	1
Annville	Pennsylvania	40.32954	-76.51524	US	1
Wyomissing	Pennsylvania	40.32954	-75.96521	US	1
West Lawn	Pennsylvania	40.32981	-75.99438	US	1
Whittingham	New Jersey	40.32982	-74.44511	US	1
Wernersville	Pennsylvania	40.33009	-76.0805	US	1
Monmouth Beach	New Jersey	40.33039	-73.98153	US	1
Lincroft	New Jersey	40.33067	-74.12097	US	1
Plainsboro Center	New Jersey	40.33177	-74.5946	US	1
Princeton Meadows	New Jersey	40.33177	-74.56377	US	1
West Reading	Pennsylvania	40.3337	-75.94743	US	1
Boyertown	Pennsylvania	40.33371	-75.63741	US	1
Derry	Pennsylvania	40.33396	-79.29976	US	1
Manor	Pennsylvania	40.33396	-79.67004	US	1
Linglestown	Pennsylvania	40.33398	-76.78914	US	1
Pleasant Hills	Pennsylvania	40.33563	-79.96061	US	1
Reading	Pennsylvania	40.33565	-75.92687	US	1
Port Vue	Pennsylvania	40.3359	-79.86977	US	1
Upper Saint Clair	Pennsylvania	40.3359	-80.08339	US	1
Roaring Spring	Pennsylvania	40.33591	-78.39085	US	1
Whitfield	Pennsylvania	40.33593	-76.00605	US	1
Pleasant Hill	Pennsylvania	40.3362	-76.44163	US	1
Rossmoor	New Jersey	40.3365	-74.47349	US	1
Little Silver	New Jersey	40.33678	-74.04708	US	1
Johnstown	Colorado	40.33693	-104.9122	US	1
Cleona	Pennsylvania	40.33731	-76.47552	US	1
Pennside	Pennsylvania	40.33732	-75.87854	US	1
White Oak	Pennsylvania	40.33757	-79.80921	US	1
Wyomissing Hills	Pennsylvania	40.33759	-75.97966	US	1
Baldwin	Pennsylvania	40.33813	-79.97894	US	1
Hebron	Pennsylvania	40.33898	-76.3994	US	1
Skyline View	Pennsylvania	40.33926	-76.72553	US	1
Eaton	Indiana	40.34032	-85.3508	US	1
Lebanon	Pennsylvania	40.34093	-76.41135	US	1
Marysville	Pennsylvania	40.34259	-76.92997	US	1
Lindon	Utah	40.34329	-111.72076	US	1
Mulberry	Indiana	40.34448	-86.66528	US	1
New Berlinville	Pennsylvania	40.34537	-75.63296	US	1
Lawrence Park	Pennsylvania	40.34564	-76.8008	US	1
Avon	Pennsylvania	40.34565	-76.38996	US	1
Stony Creek Mills	Pennsylvania	40.34565	-75.86993	US	1
Maryville	Missouri	40.3461	-94.87247	US	1
Robertsville	New Jersey	40.34622	-74.28792	US	1
Colony Park	Pennsylvania	40.34683	-75.9824	US	1
Red Bank	New Jersey	40.34705	-74.06431	US	1
McKeesport	Pennsylvania	40.34785	-79.86422	US	1
East Conemaugh	Pennsylvania	40.34868	-78.88364	US	1
Princeton	New Jersey	40.34872	-74.65905	US	1
La Salle	Colorado	40.34887	-104.70191	US	1
Redkey	Indiana	40.34893	-85.14997	US	1
Saratoga Springs	Utah	40.34912	-111.90466	US	1
Campion	Colorado	40.34943	-105.07776	US	1
Newmanstown	Pennsylvania	40.34954	-76.21328	US	1
Dravosburg	Pennsylvania	40.35063	-79.88616	US	1
Fort Loramie	Ohio	40.35144	-84.37384	US	1
Robesonia	Pennsylvania	40.35176	-76.13439	US	1
Le Roy	Illinois	40.35198	-88.76424	US	1
Jamesburg	New Jersey	40.35261	-74.44015	US	1
Spring Ridge	Pennsylvania	40.35287	-75.98994	US	1
Sellersville	Pennsylvania	40.35399	-75.3049	US	1
Mount Lebanon	Pennsylvania	40.35535	-80.0495	US	1
Bridgeville	Pennsylvania	40.35618	-80.11006	US	1
Gnadenhutten	Ohio	40.3584	-81.43428	US	1
Warsaw	Illinois	40.35921	-91.4346	US	1
Richland	Pennsylvania	40.35926	-76.25828	US	1
Sand Hill	Pennsylvania	40.35954	-76.43163	US	1
Greenfields	Pennsylvania	40.3599	-75.95199	US	1
Fair Haven	New Jersey	40.36067	-74.03819	US	1
Bellefontaine	Ohio	40.36116	-83.75966	US	1
Whitehall	Pennsylvania	40.36118	-79.99089	US	1
Sea Bright	New Jersey	40.3615	-73.97403	US	1
Womelsdorf	Pennsylvania	40.36176	-76.18411	US	1
West Mifflin	Pennsylvania	40.3634	-79.86644	US	1
Pleasant Grove	Utah	40.36412	-111.73854	US	1
New Hope	Pennsylvania	40.36427	-74.95128	US	1
Castle Shannon	Pennsylvania	40.36479	-80.02228	US	1
Lambertville	New Jersey	40.36594	-74.94294	US	1
Tecumseh	Nebraska	40.36667	-96.19612	US	1
Steubenville	Ohio	40.36979	-80.63396	US	1
Brentwood	Pennsylvania	40.37063	-79.97477	US	1
McDonald	Pennsylvania	40.3709	-80.23478	US	1
Dublin	Pennsylvania	40.37177	-75.20156	US	1
Rumson	New Jersey	40.37205	-73.99903	US	1
Perkasie	Pennsylvania	40.37205	-75.29268	US	1
Delavan	Illinois	40.37254	-89.54732	US	1
Dayton	New Jersey	40.37261	-74.51015	US	1
Red Hill	Pennsylvania	40.37288	-75.48101	US	1
Shadeland	Indiana	40.37365	-86.9489	US	1
Dayton	Indiana	40.3742	-86.7689	US	1
Myerstown	Pennsylvania	40.37454	-76.30273	US	1
Wintersville	Ohio	40.37535	-80.70369	US	1
Kingston	New Jersey	40.37538	-74.61349	US	1
Gambier	Ohio	40.37562	-82.3971	US	1
Evans	Colorado	40.37637	-104.69219	US	1
Morganville	New Jersey	40.3765	-74.24431	US	1
Helmetta	New Jersey	40.37677	-74.4246	US	1
American Fork	Utah	40.3769	-111.79576	US	1
Estes Park	Colorado	40.37721	-105.52167	US	1
Hyde Park	Pennsylvania	40.37732	-75.92521	US	1
Monmouth Junction	New Jersey	40.379	-74.54654	US	1
Rossville	Illinois	40.3792	-87.66863	US	1
North Versailles	Pennsylvania	40.37979	-79.80949	US	1
Duquesne	Pennsylvania	40.38146	-79.85977	US	1
Burgettstown	Pennsylvania	40.38201	-80.39284	US	1
East McKeesport	Pennsylvania	40.38312	-79.80644	US	1
Johnstonville	California	40.38434	-120.58745	US	1
Mount Union	Pennsylvania	40.38452	-77.88222	US	1
Sturgeon	Pennsylvania	40.38479	-80.21089	US	1
Muhlenberg Park	Pennsylvania	40.38482	-75.94132	US	1
Trafford	Pennsylvania	40.38562	-79.75893	US	1
Plumsteadville	Pennsylvania	40.38733	-75.14656	US	1
Kersey	Colorado	40.38748	-104.56163	US	1
Oley	Pennsylvania	40.38759	-75.78964	US	1
Laureldale	Pennsylvania	40.38815	-75.91798	US	1
Portage	Pennsylvania	40.38868	-78.67224	US	1
Heathcote	New Jersey	40.38872	-74.57571	US	1
Hopewell	New Jersey	40.38927	-74.76183	US	1
Wilmerding	Pennsylvania	40.3909	-79.81005	US	1
Pennsburg	Pennsylvania	40.39093	-75.49212	US	1
Lehi	Utah	40.39162	-111.85077	US	1
Spotswood	New Jersey	40.39177	-74.39848	US	1
Heidelberg	Pennsylvania	40.39229	-80.09089	US	1
Munhall	Pennsylvania	40.39229	-79.90005	US	1
River View Park	Pennsylvania	40.39259	-75.95882	US	1
Auburn	Nebraska	40.39278	-95.83889	US	1
Lewistown	Illinois	40.3931	-90.15484	US	1
Minster	Ohio	40.3931	-84.37606	US	1
Uhrichsville	Ohio	40.39312	-81.3465	US	1
Dennison	Ohio	40.3934	-81.33372	US	1
Mount Vernon	Ohio	40.3934	-82.48572	US	1
Level Green	Pennsylvania	40.3934	-79.72032	US	1
West Homestead	Pennsylvania	40.39396	-79.91199	US	1
Middletown	New Jersey	40.39428	-74.11709	US	1
Anna	Ohio	40.39449	-84.17272	US	1
Tuscarawas	Ohio	40.39479	-81.40706	US	1
East Pittsburgh	Pennsylvania	40.39562	-79.83866	US	1
Dormont	Pennsylvania	40.3959	-80.03311	US	1
Strathmore	New Jersey	40.39594	-74.21348	US	1
Hamilton	Illinois	40.39643	-91.33904	US	1
Keokuk	Iowa	40.39727	-91.38487	US	1
Loveland	Colorado	40.39776	-105.07498	US	1
Oakdale	Pennsylvania	40.39812	-80.18561	US	1
Duncannon	Pennsylvania	40.39814	-77.02303	US	1
Rennerdale	Pennsylvania	40.3984	-80.14145	US	1
Whitaker	Pennsylvania	40.3984	-79.88977	US	1
North Braddock	Pennsylvania	40.39896	-79.84088	US	1
Navesink	New Jersey	40.39955	-74.03542	US	1
South Temple	Pennsylvania	40.4	-75.922	US	1
Brownville	New Jersey	40.40066	-74.29515	US	1
Princeton	Missouri	40.40084	-93.5805	US	1
Bally	Pennsylvania	40.40232	-75.58713	US	1
Pitcairn	Pennsylvania	40.40312	-79.7781	US	1
Braddock	Pennsylvania	40.4034	-79.86838	US	1
Highlands	New Jersey	40.40372	-73.99153	US	1
Vinco	Pennsylvania	40.40507	-78.85558	US	1
Homestead	Pennsylvania	40.4059	-79.91199	US	1
Turtle Creek	Pennsylvania	40.4059	-79.82505	US	1
East Greenville	Pennsylvania	40.40649	-75.50185	US	1
Reservoir	Pennsylvania	40.40674	-78.38029	US	1
Atlantic Highlands	New Jersey	40.40789	-74.03431	US	1
South Old Bridge	New Jersey	40.40816	-74.35432	US	1
Weirton Heights	West Virginia	40.4084	-80.53924	US	1
Carnegie	Pennsylvania	40.40868	-80.08339	US	1
Temple	Pennsylvania	40.4087	-75.9216	US	1
Ashley	Ohio	40.40895	-82.95546	US	1
Rock Port	Missouri	40.41111	-95.51693	US	1
Green Tree	Pennsylvania	40.41174	-80.04561	US	1
Rankin	Pennsylvania	40.41257	-79.87922	US	1
Fort Recovery	Ohio	40.41282	-84.77635	US	1
Ten Mile Run	New Jersey	40.41301	-74.60223	US	1
Delmont	Pennsylvania	40.41312	-79.57032	US	1
Jonestown	Pennsylvania	40.4137	-76.4783	US	1
Cedar Hills	Utah	40.41412	-111.75854	US	1
Mount Oliver	Pennsylvania	40.41424	-79.98783	US	1
Matawan	New Jersey	40.41483	-74.22959	US	1
Old Bridge	New Jersey	40.41483	-74.36543	US	1
Fairmount	Indiana	40.41532	-85.65053	US	1
Susanville	California	40.41628	-120.65301	US	1
Carthage	Illinois	40.41643	-91.13625	US	1
Lafayette	Indiana	40.4167	-86.87529	US	1
Rossville	Indiana	40.41698	-86.59472	US	1
Braddock Hills	Pennsylvania	40.41729	-79.86505	US	1
Leonardo	New Jersey	40.41733	-74.06208	US	1
Russiaville	Indiana	40.41754	-86.27138	US	1
Saint Henry	Ohio	40.41755	-84.63968	US	1
Weirton	West Virginia	40.41896	-80.58952	US	1
Forest Hills	Pennsylvania	40.41979	-79.85005	US	1
New Bloomfield	Pennsylvania	40.41981	-77.18637	US	1
Kahoka	Missouri	40.42032	-91.71961	US	1
Kendall Park	New Jersey	40.42094	-74.56071	US	1
Monroeville	Pennsylvania	40.42118	-79.7881	US	1
Greeley	Colorado	40.42331	-104.70913	US	1
Duncansville	Pennsylvania	40.42341	-78.4339	US	1
Swissvale	Pennsylvania	40.42368	-79.88283	US	1
Highland	Utah	40.42548	-111.79447	US	1
Manito	Illinois	40.42587	-89.77928	US	1
West Lafayette	Indiana	40.42587	-86.90807	US	1
Belford	New Jersey	40.42594	-74.08681	US	1
Bedminster	Pennsylvania	40.42594	-75.17906	US	1
Colchester	Illinois	40.42643	-90.79263	US	1
Richwood	Ohio	40.42645	-83.29686	US	1
Naples	Utah	40.42691	-109.4993	US	1
Indian Heights	Indiana	40.42726	-86.12555	US	1
Hollidaysburg	Pennsylvania	40.42729	-78.3889	US	1
East Brunswick	New Jersey	40.42788	-74.41598	US	1
Murrysville	Pennsylvania	40.4284	-79.69755	US	1
Port Monmouth	New Jersey	40.43011	-74.09847	US	1
Blairsville	Pennsylvania	40.43118	-79.26087	US	1
Edgewood	Pennsylvania	40.43201	-79.88144	US	1
Keyport	New Jersey	40.43316	-74.19959	US	1
Minier	Illinois	40.43365	-89.31315	US	1
Portland	Indiana	40.43449	-84.97775	US	1
Crafton	Pennsylvania	40.43507	-80.06617	US	1
New Bremen	Ohio	40.43699	-84.37967	US	1
Churchill	Pennsylvania	40.4384	-79.8431	US	1
Apple Valley	Ohio	40.4389	-82.35391	US	1
Franklin Park	New Jersey	40.43899	-74.53515	US	1
Spinnerstown	Pennsylvania	40.43899	-75.43712	US	1
Terre Haute	Missouri	40.43946	-93.2341	US	1
Jackson Center	Ohio	40.43949	-84.04022	US	1
North Middletown	New Jersey	40.43955	-74.11903	US	1
Matamoras	Pennsylvania	40.44009	-76.93331	US	1
Tarkio	Missouri	40.44028	-95.37776	US	1
Holdrege	Nebraska	40.44029	-99.36982	US	1
Pittsburgh	Pennsylvania	40.44062	-79.99589	US	1
Blandon	Pennsylvania	40.4412	-75.88687	US	1
Wilkinsburg	Pennsylvania	40.44174	-79.88199	US	1
Keansburg	New Jersey	40.44177	-74.12986	US	1
Quakertown	Pennsylvania	40.44177	-75.34157	US	1
Cliffwood Beach	New Jersey	40.44205	-74.21681	US	1
Fredericksburg	Pennsylvania	40.4437	-76.42829	US	1
Mundys Corner	Pennsylvania	40.44479	-78.84113	US	1
Ingram	Pennsylvania	40.44618	-80.06755	US	1
South River	New Jersey	40.44649	-74.38598	US	1
Union Beach	New Jersey	40.4465	-74.1782	US	1
Leesport	Pennsylvania	40.44704	-75.96632	US	1
Danville	Ohio	40.44756	-82.26016	US	1
Anderson	California	40.44821	-122.29778	US	1
Tinicum	Pennsylvania	40.44844	-75.10767	US	1
Imperial	Pennsylvania	40.44951	-80.2445	US	1
Prospect	Ohio	40.45034	-83.18853	US	1
Hartford City	Indiana	40.45115	-85.36997	US	1
Madison Park	New Jersey	40.4515	-74.30792	US	1
McConnellstown	Pennsylvania	40.45257	-78.08167	US	1
Alpine	Utah	40.45328	-111.77799	US	1
Fleetwood	Pennsylvania	40.45398	-75.81798	US	1
North Brunswick	New Jersey	40.454	-74.482	US	1
Enlow	Pennsylvania	40.45423	-80.23311	US	1
Vernal	Utah	40.45552	-109.52875	US	1
Milltown	New Jersey	40.45622	-74.44321	US	1
Laurence Harbor	New Jersey	40.45677	-74.24653	US	1
Sixmile Run	New Jersey	40.45761	-74.51154	US	1
Memphis	Missouri	40.45781	-92.17129	US	1
Gibson City	Illinois	40.45843	-88.3846	US	1
Macomb	Illinois	40.45921	-90.6718	US	1
Sayreville	New Jersey	40.45927	-74.36098	US	1
Cresson	Pennsylvania	40.45979	-78.59168	US	1
Paxton	Illinois	40.46031	-88.09532	US	1
Bloomfield	Pennsylvania	40.4609	-79.95089	US	1
Williamsburg	Pennsylvania	40.46202	-78.19973	US	1
Toronto	Ohio	40.46423	-80.60091	US	1
Sayreville Junction	New Jersey	40.46538	-74.33043	US	1
McKees Rocks	Pennsylvania	40.46562	-80.06561	US	1
Hoopeston	Illinois	40.46726	-87.66836	US	1
Botkins	Ohio	40.46783	-84.1805	US	1
Richlandtown	Pennsylvania	40.4701	-75.32046	US	1
Daniel	Utah	40.47079	-111.41463	US	1
Russells Point	Ohio	40.47116	-83.89272	US	1
Nanty Glo	Pennsylvania	40.47229	-78.83336	US	1
Black Lick	Pennsylvania	40.4725	-79.18688	US	1
Northwood	Ohio	40.47283	-83.73243	US	1
Lakemont	Pennsylvania	40.47285	-78.38835	US	1
Upland	Indiana	40.4756	-85.49442	US	1
Unionville	Missouri	40.47696	-93.00326	US	1
Maeser	Utah	40.47718	-109.58681	US	1
Windsor	Colorado	40.47748	-104.90136	US	1
Hillsborough	New Jersey	40.4776	-74.62682	US	1
Kennedy Township	Pennsylvania	40.47763	-80.10313	US	1
Newport	Pennsylvania	40.47786	-77.13054	US	1
South Amboy	New Jersey	40.47788	-74.2907	US	1
Greentown	Indiana	40.47809	-85.96665	US	1
Voorhees	New Jersey	40.4795	-74.49062	US	1
Jonesboro	Indiana	40.47976	-85.62775	US	1
Coldwater	Ohio	40.47977	-84.62829	US	1
Millvale	Pennsylvania	40.48007	-79.97839	US	1
Fredericktown	Ohio	40.48117	-82.54072	US	1
Wilber	Nebraska	40.48139	-96.96058	US	1
Gallitzin	Pennsylvania	40.48229	-78.55168	US	1
Bloomington	Illinois	40.4842	-88.99369	US	1
Lakeview	Ohio	40.48477	-83.923	US	1
Huntingdon	Pennsylvania	40.4848	-78.01028	US	1
Steamboat Springs	Colorado	40.48498	-106.83172	US	1
Ebensburg	Pennsylvania	40.48507	-78.72474	US	1
New Brunswick	New Jersey	40.48622	-74.45182	US	1
Kokomo	Indiana	40.48643	-86.1336	US	1
Gas City	Indiana	40.48726	-85.61303	US	1
Grant City	Missouri	40.48749	-94.41107	US	1
Bluffdale	Utah	40.48967	-111.93882	US	1
New Philadelphia	Ohio	40.48979	-81.44567	US	1
Otterbein	Indiana	40.49059	-87.0964	US	1
Aspinwall	Pennsylvania	40.49146	-79.90477	US	1
Shingletown	California	40.49238	-121.88916	US	1
Cuba	Illinois	40.49282	-90.19068	US	1
East Franklin	New Jersey	40.4933	-74.4711	US	1
Twin Grove	Illinois	40.49337	-89.0798	US	1
Blawnox	Pennsylvania	40.4934	-79.86061	US	1
Bellevue	Pennsylvania	40.49396	-80.05172	US	1
South Pekin	Illinois	40.49448	-89.65177	US	1
Sharpsburg	Pennsylvania	40.49451	-79.92644	US	1
Hayden	Colorado	40.49529	-107.25729	US	1
Highland Park	New Jersey	40.49594	-74.42432	US	1
New Cumberland	West Virginia	40.49673	-80.60674	US	1
Middlebush	New Jersey	40.4976	-74.52932	US	1
Somerset	New Jersey	40.4976	-74.48849	US	1
Minden	Nebraska	40.49863	-98.94786	US	1
Piscataway	New Jersey	40.49927	-74.39904	US	1
Rio Dell	California	40.4993	-124.10644	US	1
Plum	Pennsylvania	40.50035	-79.74949	US	1
Cardington	Ohio	40.50062	-82.89351	US	1
Avalon	Pennsylvania	40.5009	-80.06756	US	1
Shoemakersville	Pennsylvania	40.50093	-75.96993	US	1
Penn Hills	Pennsylvania	40.50118	-79.83922	US	0
Sugarcreek Police Dept	Ohio	40.50253	-81.64176	US	1
Sugarcreek	Ohio	40.50312	-81.64096	US	1
Loretto	Pennsylvania	40.50313	-78.6303	US	1
Topton	Pennsylvania	40.50343	-75.7013	US	1
Etna	Pennsylvania	40.50424	-79.94894	US	1
Verona	Pennsylvania	40.50646	-79.8431	US	1
Perth Amboy	New Jersey	40.50677	-74.26542	US	1
Heber City	Utah	40.5069	-111.41324	US	1
Ben Avon	Pennsylvania	40.50812	-80.08311	US	1
Battle Ground	Indiana	40.50837	-86.84168	US	1
Emsworth	Pennsylvania	40.51007	-80.0945	US	1
Hayes Center	Nebraska	40.51084	-101.0196	US	1
Alburtis	Pennsylvania	40.51093	-75.60297	US	1
Coopersburg	Pennsylvania	40.51149	-75.39046	US	1
Midway	Utah	40.51218	-111.47435	US	1
Flemington	New Jersey	40.51233	-74.85933	US	1
Fox Chapel	Pennsylvania	40.5134	-79.87977	US	1
Herriman	Utah	40.51411	-112.03299	US	1
Normal	Illinois	40.5142	-88.99063	US	1
Craig	Colorado	40.51525	-107.54645	US	1
Macungie	Pennsylvania	40.51593	-75.55519	US	1
Imperial	Nebraska	40.51694	-101.64323	US	1
Kutztown	Pennsylvania	40.51732	-75.77742	US	1
Coraopolis	Pennsylvania	40.5184	-80.16672	US	1
Carnot-Moon	Pennsylvania	40.51856	-80.21736	US	1
Altoona	Pennsylvania	40.51868	-78.39474	US	1
Edison	New Jersey	40.51872	-74.4121	US	1
Oxford	Indiana	40.51976	-87.24779	US	1
Dover	Ohio	40.52062	-81.47401	US	1
Lancaster	Missouri	40.52086	-92.52797	US	1
Clay Center	Nebraska	40.52168	-98.05533	US	1
Oakmont	Pennsylvania	40.52173	-79.84227	US	1
Riverton	Utah	40.52189	-111.9391	US	1
Weston	New Jersey	40.522	-74.578	US	1
West View	Pennsylvania	40.52229	-80.03422	US	1
Severance	Colorado	40.52415	-104.85108	US	1
Draper	Utah	40.52467	-111.86382	US	1
Frenchtown	New Jersey	40.52621	-75.06156	US	1
Geneva	Nebraska	40.52695	-97.59588	US	1
Tremont	Illinois	40.52754	-89.4926	US	1
Fords	New Jersey	40.52927	-74.31598	US	1
Danvers	Illinois	40.52948	-89.17731	US	1
Eaton	Colorado	40.53026	-104.71135	US	1
Tooele	Utah	40.53078	-112.29828	US	1
Franklin Center	New Jersey	40.53153	-74.54141	US	1
Stockville	Nebraska	40.53279	-100.38348	US	1
Glenshaw	Pennsylvania	40.53285	-79.96755	US	1
Society Hill	New Jersey	40.53399	-74.45793	US	1
Greenwood	Pennsylvania	40.5359	-78.35751	US	1
Sewickley	Pennsylvania	40.53646	-80.1845	US	1
Breinigsville	Pennsylvania	40.53676	-75.6313	US	1
Charleston	New York	40.53677	-74.23737	US	1
Mackinaw	Illinois	40.53698	-89.35759	US	1
Huguenot	New York	40.53733	-74.19459	US	1
Millersburg	Pennsylvania	40.53953	-76.96081	US	1
Emmaus	Pennsylvania	40.53954	-75.49685	US	1
Springdale	Pennsylvania	40.5409	-79.78394	US	1
Manville	New Jersey	40.54094	-74.58766	US	1
Woodrow	New York	40.5415	-74.19106	US	1
Cheswick	Pennsylvania	40.54173	-79.79922	US	1
Saint Marys	Ohio	40.54227	-84.3894	US	1
Metuchen	New Jersey	40.54316	-74.3632	US	1
Homer City	Pennsylvania	40.5434	-79.16226	US	1
Eltingville	New York	40.54538	-74.1657	US	1
Flora	Indiana	40.54726	-86.52444	US	1
Ancient Oaks	Pennsylvania	40.54732	-75.58935	US	1
Heritage Lake	Illinois	40.54745	-89.32581	US	1
West Hamburg	Pennsylvania	40.54759	-76.00216	US	1
Hydesville	California	40.54763	-124.09727	US	1
Trexlertown	Pennsylvania	40.54815	-75.60574	US	1
Pine Grove	Pennsylvania	40.54842	-76.38468	US	1
Celina	Ohio	40.54894	-84.57023	US	1
Elizabethville	Pennsylvania	40.54897	-76.81192	US	1
Mount Gilead	Ohio	40.54923	-82.8274	US	1
Rossville	New York	40.54929	-74.21019	US	1
Nauvoo	Illinois	40.55004	-91.38487	US	1
Edgeworth	Pennsylvania	40.55118	-80.19284	US	1
Sewaren	New Jersey	40.55205	-74.25876	US	1
Bushnell	Illinois	40.55282	-90.50624	US	1
Lower Burrell	Pennsylvania	40.55312	-79.75727	US	1
South Bound Brook	New Jersey	40.55344	-74.53154	US	1
Montpelier	Indiana	40.55393	-85.27747	US	1
Great Kills	New York	40.55427	-74.15153	US	1
Hayfork	California	40.55431	-123.18308	US	1
Millersburg	Ohio	40.55451	-81.91792	US	1
Hamburg	Pennsylvania	40.55565	-75.98188	US	1
Woodbridge	New Jersey	40.5576	-74.28459	US	1
Canton	Illinois	40.55809	-90.03512	US	1
Marion	Indiana	40.55837	-85.65914	US	1
Allison Park	Pennsylvania	40.55951	-79.95867	US	1
Rockaway Point	New York	40.56066	-73.91514	US	1
South Jordan	Utah	40.56217	-111.92966	US	1
Staten Island	New York	40.56233	-74.13986	US	1
Bradley Gardens	New Jersey	40.56288	-74.6546	US	1
Leetsdale	Pennsylvania	40.56312	-80.20839	US	1
Finderne	New Jersey	40.56316	-74.57766	US	1
Palo Cedro	California	40.56376	-122.23889	US	1
South Jordan Heights	Utah	40.56384	-111.94938	US	0
Oakwood	New York	40.56399	-74.11598	US	1
Port Reading	New Jersey	40.56538	-74.26042	US	1
New Dorp Beach	New York	40.56538	-74.10292	US	1
White City	Utah	40.56578	-111.86438	US	1
Lykens	Pennsylvania	40.56675	-76.70052	US	1
Wescosville	Pennsylvania	40.56676	-75.55296	US	1
Colfax	Illinois	40.56698	-88.61645	US	1
Pekin	Illinois	40.56754	-89.64066	US	1
Wapakoneta	Ohio	40.56783	-84.19356	US	1
Bound Brook	New Jersey	40.56844	-74.53849	US	1
Milford	New Jersey	40.56871	-75.09462	US	1
Raritan	New Jersey	40.56955	-74.63294	US	1
New Kensington	Pennsylvania	40.56979	-79.76477	US	1
Mifflintown	Pennsylvania	40.5698	-77.39693	US	1
Neponsit	New York	40.57177	-73.86152	US	1
Sweetser	Indiana	40.57198	-85.76915	US	1
Glasford	Illinois	40.57254	-89.81344	US	1
Middlesex	New Jersey	40.5726	-74.49265	US	1
Carrollton	Ohio	40.57284	-81.08565	US	1
Granite	Utah	40.573	-111.80604	US	1
Midland Beach	New York	40.57316	-74.09459	US	1
New Dorp	New York	40.57399	-74.11598	US	1
Somerville	New Jersey	40.57427	-74.60988	US	1
Colonia	New Jersey	40.57455	-74.30209	US	1
Dorneyville	Pennsylvania	40.5751	-75.51963	US	1
Iselin	New Jersey	40.57538	-74.32237	US	1
Belle Harbor	New York	40.57594	-73.84819	US	1
Ferndale	California	40.57624	-124.26394	US	1
Carteret	New Jersey	40.57733	-74.2282	US	1
Converse	Indiana	40.57754	-85.87332	US	1
Brighton Beach	New York	40.57788	-73.95958	US	1
Coney Island	New York	40.57788	-73.99403	US	1
Galveston	Indiana	40.57893	-86.19027	US	1
South Plainfield	New Jersey	40.57927	-74.41154	US	1
Hellertown	Pennsylvania	40.57954	-75.34073	US	1
Arnold	Pennsylvania	40.58007	-79.76672	US	1
Williamstown	Pennsylvania	40.58009	-76.61774	US	1
Avenel	New Jersey	40.58038	-74.28515	US	1
Sandy Hills	Utah	40.58106	-111.85077	US	0
Apollo	Pennsylvania	40.58145	-79.56643	US	1
Grant City	New York	40.58205	-74.10486	US	1
Ault	Colorado	40.58248	-104.73191	US	1
Seaside	New York	40.58316	-73.82819	US	1
South Beach	New York	40.58329	-74.07609	US	1
La Harpe	Illinois	40.58337	-90.96931	US	1
Franklin Park	Pennsylvania	40.5834	-80.08784	US	1
Holyoke	Colorado	40.58444	-102.30241	US	1
Fort Collins	Colorado	40.58526	-105.08442	US	1
Hastings	Nebraska	40.58612	-98.38839	US	1
Orchard Hills	Pennsylvania	40.58618	-79.53143	US	1
Redding	California	40.58654	-122.39168	US	1
Cetronia	Pennsylvania	40.58676	-75.52963	US	1
Delphi	Indiana	40.58754	-86.67501	US	1
Dongan Hills	New York	40.58844	-74.09625	US	1
Long Beach	New York	40.58844	-73.65791	US	1
Marion	Ohio	40.58867	-83.12852	US	1
Atlantic Beach	New York	40.58899	-73.72902	US	1
Lido Beach	New York	40.58899	-73.62541	US	1
Ambridge	Pennsylvania	40.58923	-80.22506	US	1
Tower City	Pennsylvania	40.58925	-76.55246	US	1
Dunellen	New Jersey	40.58927	-74.47182	US	1
Bell Acres	Pennsylvania	40.59007	-80.16645	US	1
Elwood	Nebraska	40.59028	-99.86095	US	1
Arverne	New York	40.59122	-73.79597	US	1
Sheepshead Bay	New York	40.59122	-73.94458	US	1
Sandy	Utah	40.59161	-111.8841	US	1
Point Lookout	New York	40.59233	-73.58068	US	1
New Springville	New York	40.59344	-74.1632	US	1
Strasburg	Ohio	40.59478	-81.52679	US	1
North Apollo	Pennsylvania	40.59618	-79.5556	US	1
Edgemere	New York	40.59622	-73.76763	US	1
Gravesend	New York	40.5976	-73.96514	US	1
Fortuna	California	40.59819	-124.15728	US	1
Arrochar	New York	40.59844	-74.07264	US	1
Lewistown	Pennsylvania	40.59924	-77.57138	US	1
Lake Wynonah	Pennsylvania	40.59926	-76.16383	US	1
Shasta	California	40.59932	-122.49196	US	1
Grantsville	Utah	40.59994	-112.4644	US	1
Economy	Pennsylvania	40.60007	-80.22478	US	1
Green Knoll	New Jersey	40.6001	-74.6121	US	1
Chelsea	New York	40.60066	-74.19487	US	1
Bridgewater	New Jersey	40.60079	-74.64815	US	1
Fort Wadsworth	New York	40.60113	-74.05738	US	1
Martinsville	New Jersey	40.60121	-74.55905	US	1
Tarentum	Pennsylvania	40.60146	-79.75977	US	1
Fountain Hill	Pennsylvania	40.60149	-75.39518	US	1
Bensonhurst	New York	40.60177	-73.99403	US	1
Brookston	Indiana	40.60281	-86.86723	US	1
Wellsville	Ohio	40.60284	-80.64896	US	1
Vandergrift	Pennsylvania	40.60284	-79.56477	US	1
Broad Channel	New York	40.60316	-73.82041	US	1
Willowbrook	New York	40.60316	-74.13848	US	1
Bellwood	Pennsylvania	40.6034	-78.32474	US	1
Harbor Isle	New York	40.60344	-73.66457	US	1
Island Park	New York	40.60427	-73.65541	US	1
Little Cottonwood Creek Valley	Utah	40.60439	-111.82938	US	1
Hamburg	Iowa	40.60445	-95.65777	US	1
Barnum Island	New York	40.60455	-73.64402	US	1
Bath Beach	New York	40.60455	-74.00431	US	1
Belleville	Pennsylvania	40.60507	-77.72555	US	1
Far Rockaway	New York	40.60538	-73.75513	US	1
Sutton	Nebraska	40.60557	-97.85921	US	1
Hudson	Illinois	40.60587	-88.9873	US	1
Brackenridge	Pennsylvania	40.60812	-79.74116	US	1
Rahway	New Jersey	40.60816	-74.27765	US	1
Concord	New York	40.60816	-74.08431	US	1
Warren Township	New Jersey	40.60822	-74.51803	US	1
Allentown	Pennsylvania	40.60843	-75.49018	US	1
Emerson Hill	New York	40.60872	-74.09598	US	1
West Jordan	Utah	40.60967	-111.9391	US	1
Francis	Utah	40.61051	-111.28074	US	1
Midvale	Utah	40.61106	-111.89994	US	1
Russellton	Pennsylvania	40.61146	-79.837	US	1
Bloomfield	New York	40.6126	-74.1782	US	1
Erda	Utah	40.61272	-112.30439	US	1
Morton	Illinois	40.61282	-89.45926	US	1
Chester	West Virginia	40.61312	-80.56285	US	1
Rosebank	New York	40.61399	-74.06625	US	1
North Pekin	Illinois	40.61504	-89.62232	US	1
Whitehouse Station	New Jersey	40.61538	-74.77044	US	1
Lawrence	New York	40.61566	-73.72958	US	1
Fowler	Indiana	40.6167	-87.32085	US	1
Marquette Heights	Illinois	40.61754	-89.60038	US	1
Newell	West Virginia	40.6184	-80.60424	US	1
East Liverpool	Ohio	40.61868	-80.57729	US	1
Fort Hamilton	New York	40.61872	-74.0332	US	1
Grymes Hill	New York	40.61872	-74.09348	US	1
Cottonwood Heights	Utah	40.61967	-111.81021	US	1
Hickman	Nebraska	40.62	-96.62918	US	1
Bellville	Ohio	40.62006	-82.51072	US	1
Clifton	New York	40.6201	-74.07709	US	1
Bergen Beach	New York	40.62038	-73.9068	US	1
Highland Park	Pennsylvania	40.62091	-77.56805	US	1
Westerleigh	New York	40.62121	-74.13181	US	1
Flatlands	New York	40.62122	-73.93486	US	1
Indiana	Pennsylvania	40.62146	-79.15253	US	1
Dyker Heights	New York	40.62149	-74.00958	US	1
Linden	New Jersey	40.62205	-74.24459	US	1
Inwood	New York	40.62205	-73.7468	US	1
West Leechburg	Pennsylvania	40.62229	-79.61282	US	1
Salineville	Ohio	40.62256	-80.83786	US	1
Lamoni	Iowa	40.62278	-93.93412	US	1
Cedarhurst	New York	40.62288	-73.7243	US	1
Natrona Heights	Pennsylvania	40.6234	-79.72977	US	1
Graniteville	New York	40.62483	-74.14848	US	1
Sterling	Colorado	40.62554	-103.20771	US	1
Bethlehem	Pennsylvania	40.62593	-75.37046	US	1
Laporte	Colorado	40.62633	-105.13916	US	1
Stapleton	New York	40.62649	-74.07764	US	1
Freemansburg	Pennsylvania	40.62649	-75.34574	US	1
Cressona	Pennsylvania	40.62676	-76.19272	US	1
Leechburg	Pennsylvania	40.62701	-79.6056	US	1
Crete	Nebraska	40.62778	-96.96142	US	1
Milford	Illinois	40.62837	-87.69614	US	1
Tremont	Pennsylvania	40.62842	-76.38718	US	1
Fort Madison	Iowa	40.62976	-91.31515	US	1
Clark	New Jersey	40.63	-74.31	US	1
Gibsonia	Pennsylvania	40.63007	-79.9695	US	1
North Plainfield	New Jersey	40.6301	-74.42737	US	1
Oquirrh	Utah	40.6305	-112.03383	US	1
Schuylkill Haven	Pennsylvania	40.63065	-76.17105	US	1
Lake Camelot	Illinois	40.63065	-89.7421	US	1
Fullerton	Pennsylvania	40.63176	-75.47324	US	1
Woodmere	New York	40.63205	-73.71263	US	1
Midland	Pennsylvania	40.63257	-80.44645	US	1
Bay Park	New York	40.63316	-73.67041	US	1
Port Richmond	New York	40.63316	-74.13653	US	1
Plainfield	New Jersey	40.63371	-74.40737	US	1
Patton	Pennsylvania	40.63396	-78.6503	US	1
Borough Park	New York	40.63399	-73.99681	US	1
Baden	Pennsylvania	40.63507	-80.22812	US	1
Loudonville	Ohio	40.63534	-82.23321	US	1
Raubsville	Pennsylvania	40.63566	-75.19295	US	1
Tipton	Pennsylvania	40.6359	-78.29585	US	1
Hewlett Harbor	New York	40.63621	-73.68152	US	1
Aliquippa	Pennsylvania	40.63673	-80.24006	US	1
Chevy Chase Heights	Pennsylvania	40.63673	-79.1442	US	1
Clinton	New Jersey	40.63677	-74.90989	US	1
Mariners Harbor	New York	40.63677	-74.15875	US	1
Bradford Woods	Pennsylvania	40.63757	-80.08172	US	1
Stansbury park	Utah	40.63772	-112.29606	US	1
Watchung	New Jersey	40.63788	-74.45099	US	1
Tompkinsville	New York	40.63812	-74.07795	US	1
Burnham	Pennsylvania	40.63868	-77.56861	US	1
Oceanside	New York	40.63871	-73.64013	US	1
Baldwin Harbor	New York	40.63955	-73.60846	US	1
Bella Vista	California	40.64071	-122.2325	US	1
Annandale	New Jersey	40.64093	-74.88128	US	1
Fanwood	New Jersey	40.64094	-74.38348	US	1
Lexington	Illinois	40.64142	-88.7834	US	1
Lebanon	New Jersey	40.64177	-74.836	US	1
East Rockaway	New York	40.64205	-73.66957	US	1
Battle Mountain	Nevada	40.64213	-116.93427	US	1
Curtisville	Pennsylvania	40.64229	-79.85089	US	1
New Brighton	New York	40.64233	-74.09292	US	1
Winfield	New Jersey	40.6426	-74.28543	US	1
Spangler	Pennsylvania	40.64285	-78.7728	US	1
Kamas	Utah	40.64301	-111.28074	US	1
Yeagertown	Pennsylvania	40.64313	-77.58055	US	1
Hewlett	New York	40.64316	-73.69569	US	1
Canarsie	New York	40.64372	-73.90069	US	1
Industry	Pennsylvania	40.64451	-80.41618	US	1
Sunset Park	New York	40.64548	-74.01241	US	0
La Croft	Ohio	40.6459	-80.59785	US	1
Park City	Utah	40.64606	-111.49797	US	1
Kensington	New York	40.64621	-73.97069	US	1
Kenton	Ohio	40.647	-83.60965	US	1
Creve Coeur	Illinois	40.64726	-89.59121	US	1
Brooklyn	New York	40.6501	-73.94958	US	1
Bartonville	Illinois	40.65032	-89.65205	US	1
Bakerstown	Pennsylvania	40.6509	-79.93644	US	1
Garwood	New Jersey	40.65177	-74.32293	US	1
Flatbush	New York	40.65205	-73.95903	US	1
Roselle	New Jersey	40.65223	-74.25882	US	1
Beach City	Ohio	40.65312	-81.58096	US	1
Friend	Nebraska	40.65362	-97.28616	US	1
East Flatbush	New York	40.65371	-73.93042	US	1
Cridersville	Ohio	40.65422	-84.15078	US	1
Orwigsburg	Pennsylvania	40.65481	-76.10077	US	1
Catasauqua	Pennsylvania	40.65482	-75.47463	US	1
Lynbrook	New York	40.65483	-73.6718	US	1
Scotch Plains	New Jersey	40.65538	-74.38987	US	1
South Valley Stream	New York	40.65594	-73.71763	US	1
Baldwin	New York	40.65649	-73.6093	US	1
Syracuse	Nebraska	40.65722	-96.1864	US	1
Grissom Air Force Base	Indiana	40.65753	-86.14755	US	1
Freeport	New York	40.6576	-73.58318	US	1
Berne	Indiana	40.65782	-84.95191	US	1
Howard Beach	New York	40.65788	-73.83625	US	1
Old Orchard	Pennsylvania	40.65788	-75.26212	US	1
Cranford	New Jersey	40.65844	-74.29959	US	1
Rockville Centre	New York	40.65871	-73.64124	US	1
Westfield	New Jersey	40.65899	-74.34737	US	1
Northern Cambria	Pennsylvania	40.65923	-78.78169	US	1
Conway	Pennsylvania	40.65979	-80.23923	US	1
North Catasauqua	Pennsylvania	40.65982	-75.47685	US	1
Kearns	Utah	40.65995	-111.99633	US	1
Walton	Indiana	40.66087	-86.24194	US	1
Brownsville	New York	40.66094	-73.92014	US	1
Hokendauqua	Pennsylvania	40.66204	-75.49102	US	1
Rosedale	New York	40.66205	-73.73541	US	1
Barnesboro	Pennsylvania	40.66257	-78.78003	US	1
Merrick	New York	40.66288	-73.55152	US	1
Springfield Gardens	New York	40.66312	-73.76221	US	1
Elizabeth	New Jersey	40.66399	-74.2107	US	1
Valley Stream	New York	40.66427	-73.70846	US	1
Roselle Park	New Jersey	40.66455	-74.26431	US	1
Hastings	Pennsylvania	40.66507	-78.71225	US	1
Stiles	Pennsylvania	40.66537	-75.50824	US	1
Seaford	New York	40.66593	-73.48818	US	1
East Peoria	Illinois	40.66615	-89.5801	US	1
Glenmoor	Ohio	40.66617	-80.62313	US	1
Lake Mohawk	Ohio	40.66673	-81.19927	US	1
Whitehall Township	Pennsylvania	40.66676	-75.49991	US	1
East New York	New York	40.66677	-73.88236	US	0
Murray	Utah	40.66689	-111.88799	US	1
Bedford	Iowa	40.66693	-94.72136	US	1
Alpha	New Jersey	40.66704	-75.1574	US	1
High Bridge	New Jersey	40.66705	-74.89572	US	1
Taylorsville	Utah	40.66772	-111.93883	US	1
Clymer	Pennsylvania	40.66812	-79.0117	US	1
Bayonne	New Jersey	40.66871	-74.11431	US	1
Bellmore	New York	40.66871	-73.52707	US	1
Holladay	Utah	40.66884	-111.82466	US	1
Park Slope	New York	40.6701	-73.98597	US	0
South Ozone Park	New York	40.6701	-73.81902	US	1
Coplay	Pennsylvania	40.6701	-75.49546	US	1
Laurelton	New York	40.67019	-73.74659	US	1
Tyrone	Pennsylvania	40.67062	-78.23862	US	1
Mountainside	New Jersey	40.67232	-74.35737	US	1
Calcutta	Ohio	40.6734	-80.57646	US	1
East Massapequa	New York	40.67343	-73.43651	US	1
Freeport	Pennsylvania	40.67395	-79.68477	US	1
Schnecksville	Pennsylvania	40.67514	-75.62044	US	1
Kenilworth	New Jersey	40.67649	-74.2907	US	1
Nebraska City	Nebraska	40.67667	-95.85917	US	1
Ozone Park	New York	40.67677	-73.84375	US	1
Cypress Hills	New York	40.67705	-73.89125	US	1
Upper Pohatcong	New Jersey	40.67747	-75.1558	US	1
Lexington	Ohio	40.67867	-82.58239	US	1
Roosevelt	New York	40.67871	-73.58902	US	1
West Easton	Pennsylvania	40.67871	-75.23684	US	1
Amityville	New York	40.67899	-73.41707	US	1
Malverne	New York	40.67899	-73.67402	US	1
Ohioville	Pennsylvania	40.67923	-80.49479	US	1
Egypt	Pennsylvania	40.6801	-75.52991	US	1
Massapequa Park	New York	40.68038	-73.45512	US	1
Central Valley (historical)	California	40.68043	-122.37112	US	1
Shasta Lake	California	40.68043	-122.37084	US	1
Bedminster	New Jersey	40.68066	-74.64544	US	1
Massapequa	New York	40.68066	-73.47429	US	1
South Hempstead	New York	40.68094	-73.61541	US	1
Shreve	Ohio	40.68145	-82.02181	US	1
Copiague	New York	40.68149	-73.39984	US	1
Queens	New York	40.68149	-73.83652	US	1
Church Hill	Pennsylvania	40.68201	-77.59861	US	1
Warren	Indiana	40.68282	-85.4272	US	1
Berkeley Heights	New Jersey	40.68343	-74.44265	US	1
Wantagh	New York	40.68371	-73.51013	US	1
Bellevue	Illinois	40.68448	-89.6801	US	1
Cranberry Township	Pennsylvania	40.68496	-80.10714	US	1
North Valley Stream	New York	40.6851	-73.7018	US	1
Mount Olympus	Utah	40.6855	-111.78854	US	1
Freedom	Pennsylvania	40.68562	-80.25173	US	1
Pottsville	Pennsylvania	40.68565	-76.1955	US	1
Northampton	Pennsylvania	40.68621	-75.49685	US	1
Fort Shawnee	Ohio	40.68672	-84.13773	US	1
Lindenhurst	New York	40.68677	-73.37345	US	1
Millcreek	Utah	40.68689	-111.87549	US	1
Monaca	Pennsylvania	40.68729	-80.27145	US	1
Palo Alto	Pennsylvania	40.68731	-76.17216	US	1
Palmer Heights	Pennsylvania	40.68732	-75.2624	US	1
Rockford	Ohio	40.68783	-84.64663	US	1
Easton	Pennsylvania	40.68843	-75.22073	US	1
Cementon	Pennsylvania	40.68926	-75.50768	US	1
Woodhaven	New York	40.68927	-73.85791	US	1
Minersville	Pennsylvania	40.69065	-76.26217	US	1
North Merrick	New York	40.69121	-73.56318	US	1
Jamaica	New York	40.69149	-73.80569	US	1
North Bellmore	New York	40.69149	-73.53346	US	1
West Valley City	Utah	40.69161	-112.00105	US	1
Hanna City	Illinois	40.6917	-89.79511	US	1
Malvern	Ohio	40.69173	-81.18121	US	1
Seven Fields	Pennsylvania	40.69173	-80.06256	US	1
West Peoria	Illinois	40.69254	-89.62788	US	1
North Wantagh	New York	40.69343	-73.50763	US	1
Peoria	Illinois	40.69365	-89.58899	US	1
Phillipsburg	New Jersey	40.69371	-75.19018	US	1
Downtown Brooklyn	New York	40.69371	-73.98596	US	1
Bushwick	New York	40.69427	-73.91875	US	1
Snyderville	Utah	40.69439	-111.54381	US	1
Cambria Heights	New York	40.69455	-73.73847	US	1
Fernway	Pennsylvania	40.69479	-80.13089	US	1
Beaver	Pennsylvania	40.69534	-80.30478	US	1
Brooklyn Heights	New York	40.69538	-73.99375	US	0
Babylon	New York	40.69566	-73.32568	US	1
Mars	Pennsylvania	40.6959	-80.01173	US	1
Port Carbon	Pennsylvania	40.69648	-76.16883	US	1
Glen Gardner	New Jersey	40.69677	-74.94072	US	1
Union	New Jersey	40.6976	-74.2632	US	1
North Amityville	New York	40.6976	-73.42512	US	1
Farmington	Illinois	40.69809	-90.00595	US	1
New Providence	New Jersey	40.69843	-74.40154	US	1
Kearney	Nebraska	40.69946	-99.08148	US	1
Richmond Hill	New York	40.69983	-73.83125	US	1
East Millcreek	Utah	40.69995	-111.81049	US	1
Ridgewood	New York	40.7001	-73.90569	US	0
Uniondale	New York	40.70038	-73.59291	US	1
North Massapequa	New York	40.70093	-73.46207	US	1
Elmont	New York	40.70094	-73.71291	US	1
Hillside	New Jersey	40.70121	-74.23015	US	1
Glendale	New York	40.70149	-73.8868	US	1
Fox Run	Pennsylvania	40.70229	-80.08284	US	1
Rochester	Pennsylvania	40.70229	-80.28645	US	1
Washington	Illinois	40.70365	-89.40731	US	1
Wellington	Colorado	40.70387	-105.00859	US	1
West Hempstead	New York	40.70482	-73.65013	US	1
Springfield	New Jersey	40.70491	-74.31723	US	1
Basking Ridge	New Jersey	40.70621	-74.54932	US	1
Hempstead	New York	40.70621	-73.61874	US	1
West Islip	New York	40.70621	-73.30623	US	1
Canyon Rim	Utah	40.70661	-111.82188	US	1
Brewster	Ohio	40.707	-81.59818	US	1
Hampton	New Jersey	40.70704	-74.956	US	1
Franklin Square	New York	40.70732	-73.67596	US	1
Lewiston	California	40.70737	-122.80752	US	1
Hillside	New York	40.70788	-73.7868	US	1
Financial District	New York	40.70789	-74.00857	US	0
West Bay Shore	New York	40.70871	-73.28123	US	1
Spencerville	Ohio	40.70894	-84.35356	US	1
Magna	Utah	40.70911	-112.10161	US	1
Briarwood	New York	40.70935	-73.81529	US	1
Battery Park City	New York	40.71149	-74.01625	US	1
Garden City South	New York	40.71232	-73.66096	US	1
Hollis	New York	40.71344	-73.76708	US	1
Carlin	Nevada	40.71381	-116.10397	US	1
Milroy	Pennsylvania	40.71396	-77.59055	US	1
Bellaire	New York	40.71399	-73.75402	US	1
East Meadow	New York	40.71399	-73.55902	US	1
Kew Gardens	New York	40.71427	-73.83097	US	1
New York City	New York	40.71427	-74.00597	US	1
North Lindenhurst	New York	40.71427	-73.38151	US	1
South Floral Park	New York	40.71427	-73.70013	US	1
Williamsburg	New York	40.71427	-73.95347	US	0
Oakley	Utah	40.71467	-111.30074	US	1
Mount Ayr	Iowa	40.71471	-94.23523	US	1
Onarga	Illinois	40.71504	-88.00615	US	1
Tribeca	New York	40.71538	-74.00931	US	1
Summit	New Jersey	40.71562	-74.36468	US	1
Forest Hills	New York	40.71621	-73.85014	US	1
Chinatown	New York	40.71649	-73.99625	US	0
Middle Village	New York	40.71649	-73.88125	US	1
North Babylon	New York	40.71649	-73.32179	US	1
Peapack	New Jersey	40.71677	-74.65655	US	1
Plainedge	New York	40.71732	-73.48374	US	1
North Peoria	Illinois	40.71754	-89.58426	US	1
West Babylon	New York	40.71816	-73.35429	US	1
Bernardsville	New Jersey	40.71871	-74.56932	US	1
South Salt Lake	Utah	40.71884	-111.88827	US	1
Stewart Manor	New York	40.71927	-73.68846	US	1
New Philadelphia	Pennsylvania	40.71953	-76.11577	US	1
Califon	New Jersey	40.71954	-74.83572	US	1
Saint Clair	Pennsylvania	40.72065	-76.19105	US	1
Bellerose Terrace	New York	40.72066	-73.72596	US	1
South Farmingdale	New York	40.72066	-73.44012	US	1
Brightwaters	New York	40.72093	-73.26734	US	1
Great River	New York	40.72121	-73.15761	US	1
Eureka	Illinois	40.72143	-89.27286	US	1
Terrace Heights	New York	40.72149	-73.7693	US	1
Gladstone	New Jersey	40.7226	-74.66544	US	1
Laurys Station	Pennsylvania	40.72315	-75.53018	US	1
Maspeth	New York	40.72316	-73.91264	US	1
Floral Park	New York	40.72371	-73.70485	US	1
Greenpoint	New York	40.72371	-73.95097	US	0
Bellerose	New York	40.72427	-73.71513	US	1
Navarre	Ohio	40.7245	-81.52207	US	1
Millburn	New Jersey	40.72482	-74.30404	US	1
Bay Shore	New York	40.7251	-73.24539	US	1
Bath	Pennsylvania	40.72565	-75.39407	US	1
Levittown	New York	40.72593	-73.51429	US	1
Humboldt Hill	California	40.72596	-124.18978	US	1
Rego Park	New York	40.72649	-73.85264	US	1
Spring Creek	Nevada	40.72659	-115.5859	US	1
Garden City	New York	40.72677	-73.6343	US	1
Queens Village	New York	40.72677	-73.74152	US	1
West Sayville	New York	40.72788	-73.09761	US	1
Jersey City	New Jersey	40.72816	-74.07764	US	1
East Farmingdale	New York	40.72927	-73.41679	US	1
East Village	New York	40.72927	-73.98736	US	0
Minerva	Ohio	40.72978	-81.10538	US	1
Islip	New York	40.72982	-73.21039	US	1
Kew Gardens Hills	New York	40.73002	-73.8234	US	1
Keosauqua	Iowa	40.73031	-91.96239	US	1
New Brighton	Pennsylvania	40.73034	-80.31006	US	1
East Garden City	New York	40.73083	-73.59806	US	1
Weaverville	California	40.73098	-122.94197	US	1
Maplewood	New Jersey	40.73121	-74.27348	US	1
Walden	Colorado	40.73164	-106.28364	US	1
East Islip	New York	40.73204	-73.18567	US	1
Irvington	New Jersey	40.73232	-74.23487	US	1
Farmingdale	New York	40.7326	-73.4454	US	1
Pine Hills	California	40.73318	-124.15228	US	1
West Village	New York	40.73361	-74.00917	US	1
Galion	Ohio	40.73367	-82.7899	US	1
Pine Grove Mills	Pennsylvania	40.73367	-77.88556	US	1
Centerville	Iowa	40.73418	-92.87409	US	1
Fresh Meadows	New York	40.73482	-73.79347	US	1
New Hyde Park	New York	40.7351	-73.68791	US	1
Newark	New Jersey	40.73566	-74.17237	US	1
Sayville	New York	40.73593	-73.08206	US	1
Elmhurst	New York	40.73649	-73.87791	US	1
Wendover	Utah	40.73715	-114.03751	US	1
Gramercy Park	New York	40.7375	-73.98611	US	0
Bayport	New York	40.73843	-73.05067	US	1
Bluffton	Indiana	40.73866	-85.17164	US	1
West Wendover	Nevada	40.7391	-114.07335	US	1
El Paso	Illinois	40.7392	-89.01646	US	1
Leon	Iowa	40.73972	-93.74772	US	1
Clarinda	Iowa	40.73981	-95.038	US	1
Sunnyside	New York	40.73982	-73.93542	US	1
Nazareth	Pennsylvania	40.74038	-75.30962	US	1
Chatham	New Jersey	40.74093	-74.38376	US	1
Garden City Park	New York	40.74093	-73.66263	US	1
Tatamy	Pennsylvania	40.74093	-75.25712	US	1
Silver Summit	Utah	40.74144	-111.48775	US	1
Chenoa	Illinois	40.7417	-88.71979	US	1
Lima	Ohio	40.74255	-84.10523	US	1
Islip Terrace	New York	40.74315	-73.19262	US	1
North New Hyde Park	New York	40.74316	-73.69319	US	1
Gridley	Illinois	40.74337	-88.88146	US	1
Hoboken	New Jersey	40.74399	-74.03236	US	1
Blue Point	New York	40.74399	-73.03455	US	1
Bethpage	New York	40.74427	-73.48207	US	1
Long Island City	New York	40.74482	-73.94875	US	0
Monticello	Indiana	40.74532	-86.76473	US	1
Woodside	New York	40.74538	-73.90541	US	1
Salisbury	New York	40.74566	-73.56013	US	1
Summit Park	Utah	40.74578	-111.61159	US	1
Harrison	New Jersey	40.74649	-74.15626	US	1
Corona	New York	40.74705	-73.86014	US	1
Glen Oaks	New York	40.74705	-73.71152	US	1
Fairbury	Illinois	40.74726	-88.51478	US	1
Peoria Heights	Illinois	40.74726	-89.57398	US	1
North Great River	New York	40.74732	-73.16984	US	1
Short Hills	New Jersey	40.74788	-74.32543	US	1
Sidney	Iowa	40.74833	-95.6475	US	1
Gibbon	Nebraska	40.74835	-98.8448	US	1
East Newark	New Jersey	40.74843	-74.16181	US	1
Slatington	Pennsylvania	40.74843	-75.61185	US	1
South Orange	New Jersey	40.74899	-74.26126	US	1
Mineola	New York	40.74927	-73.64068	US	1
Bay Wood	New York	40.7501	-73.29123	US	1
Eastlawn Gardens	Pennsylvania	40.75065	-75.29573	US	1
Richville	Ohio	40.75117	-81.4779	US	1
Bloomfield	Iowa	40.75169	-92.41491	US	1
Apple Creek	Ohio	40.75172	-81.8393	US	1
Forrest	Illinois	40.75198	-88.41116	US	1
Beaver Falls	Pennsylvania	40.75201	-80.31923	US	1
Carle Place	New York	40.7526	-73.61041	US	1
North Bay Shore	New York	40.753	-73.2602	US	1
Chatsworth	Illinois	40.75365	-88.29199	US	1
Peru	Indiana	40.75365	-86.06888	US	1
Saxonburg	Pennsylvania	40.75395	-79.81005	US	1
Cherryville	Pennsylvania	40.75398	-75.53852	US	1
Wyandanch	New York	40.75399	-73.3604	US	1
Walnutport	Pennsylvania	40.75426	-75.5988	US	1
Logansport	Indiana	40.75448	-86.35667	US	1
Herricks	New York	40.75538	-73.6668	US	1
Jackson Heights	New York	40.75566	-73.88541	US	1
Westbury	New York	40.75566	-73.58763	US	1
Times Square	New York	40.75636	-73.98644	US	1
Dunkirk	Indiana	40.75643	-86.39361	US	1
Williston Park	New York	40.75649	-73.64485	US	1
Corydon	Iowa	40.75695	-93.31882	US	1
Bellport	New York	40.75704	-72.93927	US	1
Mansfield	Ohio	40.75839	-82.51545	US	1
Washington	New Jersey	40.75843	-74.97934	US	1
East Williston	New York	40.75843	-73.63485	US	1
New Cassel	New York	40.75899	-73.56957	US	1
Manhasset Hills	New York	40.75927	-73.67985	US	1
Ontario	Ohio	40.7595	-82.59017	US	1
Madison	New Jersey	40.75982	-74.4171	US	1
Salt Lake City	Utah	40.76078	-111.89105	US	1
Remington	Indiana	40.76087	-87.15085	US	1
East Elmhurst	New York	40.76121	-73.86514	US	1
Deer Park	New York	40.76177	-73.32929	US	1
Old Bethpage	New York	40.7626	-73.45318	US	1
Little Neck	New York	40.76289	-73.73225	US	1
Goodland	Indiana	40.76337	-87.29363	US	1
Wheatley Heights	New York	40.76371	-73.36984	US	1
Lenape Heights	Pennsylvania	40.76423	-79.5206	US	1
Brass Castle	New Jersey	40.76482	-75.01101	US	1
Hell's Kitchen	New York	40.76496	-73.9909	US	0
Shenandoah	Iowa	40.76555	-95.37221	US	1
Patchogue	New York	40.76565	-73.01511	US	1
Germantown Hills	Illinois	40.76643	-89.46787	US	1
Gilman	Illinois	40.7667	-87.99226	US	1
Mastic Beach	New York	40.76677	-72.85205	US	1
East Patchogue	New York	40.76704	-72.99622	US	1
East Orange	New Jersey	40.76732	-74.20487	US	1
Kearny	New Jersey	40.76843	-74.14542	US	1
Hicksville	New York	40.76843	-73.52513	US	1
Bayside	New York	40.76844	-73.77708	US	1
Douglaston	New York	40.76871	-73.74708	US	1
Sheldon	Illinois	40.7692	-87.56392	US	1
Evans City	Pennsylvania	40.76923	-80.06284	US	1
Bohemia	New York	40.76926	-73.11511	US	1
Ada	Ohio	40.7695	-83.82271	US	1
Weehawken	New Jersey	40.76955	-74.02042	US	1
Cutten	California	40.76985	-124.14284	US	1
Kentland	Indiana	40.77032	-87.4453	US	1
Orange	New Jersey	40.77066	-74.23265	US	1
Lake Success	New York	40.77066	-73.71763	US	1
Astoria	New York	40.77205	-73.93014	US	1
Ford City	Pennsylvania	40.77229	-79.52977	US	1
Bayview	California	40.77263	-124.18395	US	1
Albertson	New York	40.77343	-73.64318	US	1
North Bellport	New York	40.77427	-72.94288	US	1
Milford	Nebraska	40.77445	-97.05059	US	1
Steinway	New York	40.77455	-73.90375	US	1
Searingtown	New York	40.77482	-73.65568	US	1
Boalsburg	Pennsylvania	40.77562	-77.7925	US	1
Mendham	New Jersey	40.77593	-74.60071	US	1
Watseka	Illinois	40.77615	-87.73642	US	1
Plainview	New York	40.77649	-73.46735	US	1
University Gardens	New York	40.77732	-73.72263	US	1
Elmwood	Illinois	40.77782	-89.9665	US	1
Shelton	Nebraska	40.77918	-98.73091	US	1
Brookhaven	New York	40.77927	-72.91538	US	1
Union City	New Jersey	40.77955	-74.02375	US	1
West Mayfield	Pennsylvania	40.78006	-80.3384	US	1
Fairview-Ferndale	Pennsylvania	40.78037	-76.57528	US	1
Belfast	Pennsylvania	40.78065	-75.27796	US	1
Lexington	Nebraska	40.78084	-99.7415	US	1
North Hills	New York	40.78093	-73.67652	US	1
Trevorton	Pennsylvania	40.7812	-76.67302	US	1
Brentwood	New York	40.78121	-73.24623	US	1
Youngsville	Pennsylvania	40.78121	-75.47685	US	1
Ashland	Pennsylvania	40.78175	-76.34578	US	1
Nixon	Pennsylvania	40.7834	-79.9295	US	1
Manhattan	New York	40.78343	-73.96625	US	1
Frackville	Pennsylvania	40.78398	-76.23022	US	1
Chester	New Jersey	40.78427	-74.69683	US	1
Middleburg	Pennsylvania	40.78592	-77.0472	US	1
Long Valley	New Jersey	40.78593	-74.78016	US	1
Thomaston	New York	40.78621	-73.71374	US	1
Marshallton	Pennsylvania	40.78675	-76.5394	US	1
Great Neck Plaza	New York	40.78677	-73.72652	US	1
North Patchogue	New York	40.78704	-73.009	US	1
Great Neck Estates	New York	40.78705	-73.7368	US	1
Upper West Side	New York	40.78705	-73.97542	US	1
East Canton	Ohio	40.78728	-81.28261	US	1
Crestline	Ohio	40.78756	-82.73657	US	1
College Point	New York	40.7876	-73.84597	US	1
Florham Park	New Jersey	40.78788	-74.38821	US	1
West New York	New Jersey	40.78788	-74.01431	US	1
North Arlington	New Jersey	40.78843	-74.1332	US	1
Elida	Ohio	40.78866	-84.20384	US	1
Old Westbury	New York	40.78871	-73.59957	US	1
Roslyn Heights	New York	40.78871	-73.64735	US	1
Myrtletown	California	40.78874	-124.13034	US	1
Shamokin	Pennsylvania	40.78897	-76.55885	US	1
Secaucus	New Jersey	40.78955	-74.05653	US	1
East Atlantic Beach	New York	40.78982	-73.74708	US	1
Metamora	Illinois	40.79059	-89.36064	US	1
Central Islip	New York	40.79065	-73.20178	US	1
Girardville	Pennsylvania	40.79148	-76.28356	US	1
Jericho	New York	40.79204	-73.53985	US	1
Guttenberg	New Jersey	40.79205	-74.00375	US	1
State College	Pennsylvania	40.79339	-77.86	US	1
Stormstown	Pennsylvania	40.79339	-78.01667	US	1
Kulpmont	Pennsylvania	40.79342	-76.47245	US	1
Melville	New York	40.79343	-73.41512	US	1
Belleville	New Jersey	40.79371	-74.15014	US	1
East Hills	New York	40.79371	-73.62707	US	1
Manhattan Valley	New York	40.79389	-73.965	US	1
Roslyn Estates	New York	40.79427	-73.66041	US	1
Zelienople	Pennsylvania	40.79451	-80.13673	US	1
Whitestone	New York	40.79455	-73.81847	US	1
East Harlem	New York	40.79472	-73.9425	US	1
Perry Heights	Ohio	40.79534	-81.47345	US	1
Livingston	New Jersey	40.79593	-74.31487	US	1
Roanoke	Illinois	40.79615	-89.1973	US	1
Massillon	Ohio	40.79672	-81.52151	US	1
Morristown	New Jersey	40.79677	-74.48154	US	1
Mount Carmel	Pennsylvania	40.79703	-76.4119	US	1
Great Neck Gardens	New York	40.79722	-73.72389	US	1
Tamaqua	Pennsylvania	40.79731	-75.96937	US	1
Wabash	Indiana	40.79782	-85.82054	US	1
Manhasset	New York	40.79788	-73.69957	US	1
West Orange	New Jersey	40.79871	-74.23904	US	1
Munsey Park	New York	40.79871	-73.67985	US	1
Dalton	Ohio	40.79894	-81.69541	US	1
Canton	Ohio	40.79895	-81.37845	US	1
Selinsgrove	Pennsylvania	40.79897	-76.86219	US	1
Roslyn	New York	40.79982	-73.65096	US	1
Lincoln	Nebraska	40.8	-96.66696	US	1
Center Moriches	New York	40.80038	-72.78982	US	1
Great Neck	New York	40.80066	-73.72846	US	1
Palmerton	Pennsylvania	40.8014	-75.6119	US	1
Port Morris	New York	40.80149	-73.90958	US	1
Shirley	New York	40.80149	-72.8676	US	1
Forest	Ohio	40.80172	-83.51048	US	1
Mastic	New York	40.80204	-72.84094	US	1
Eureka	California	40.80207	-124.16367	US	1
Plandome Heights	New York	40.8026	-73.7043	US	1
Oxford	New Jersey	40.80315	-74.98962	US	1
Westhampton Beach	New York	40.80316	-72.61454	US	1
Islandia	New York	40.80426	-73.169	US	1
North Bergen	New Jersey	40.80427	-74.01208	US	1
Abingdon	Illinois	40.80448	-90.4018	US	1
Hanover	New Jersey	40.80454	-74.36682	US	1
Dix Hills	New York	40.80482	-73.33623	US	1
East Moriches	New York	40.8051	-72.76093	US	1
Wooster	Ohio	40.80517	-81.93646	US	1
Glen Ridge	New Jersey	40.80538	-74.20376	US	1
Park Forest Village	Pennsylvania	40.80673	-77.91695	US	1
Bloomfield	New Jersey	40.80677	-74.18542	US	1
Plandome	New York	40.80677	-73.70346	US	1
Flower Hill	New York	40.80732	-73.68124	US	1
Moriches	New York	40.80732	-72.82121	US	1
Burlington	Iowa	40.80754	-91.11292	US	1
Harlem	New York	40.80788	-73.94542	US	0
Bucyrus	Ohio	40.80839	-82.97546	US	1
Mott Haven	New York	40.80899	-73.92291	US	1
Morningside Heights	New York	40.81	-73.9625	US	0
West Kittanning	Pennsylvania	40.81034	-79.52949	US	1
Lemont	Pennsylvania	40.81062	-77.81833	US	1
Greenvale	New York	40.81066	-73.62846	US	1
Lyndhurst	New Jersey	40.81204	-74.12431	US	1
Holbrook	New York	40.81232	-73.07844	US	1
Mahanoy City	Pennsylvania	40.81259	-76.1416	US	1
Fairview	New Jersey	40.8126	-73.99903	US	1
Hunts Point	New York	40.8126	-73.88402	US	1
Beattystown	New Jersey	40.81315	-74.84294	US	1
Brookville	New York	40.81316	-73.56735	US	1
Holtsville	New York	40.81538	-73.04511	US	1
West Hills	New York	40.81621	-73.43234	US	1
Kittanning	Pennsylvania	40.81645	-79.52199	US	1
Roslyn Harbor	New York	40.81649	-73.63707	US	1
Eagle	Nebraska	40.81667	-96.43029	US	1
Medford	New York	40.8176	-73.00011	US	1
Kings Point	New York	40.81982	-73.73513	US	1
East Hanover	New Jersey	40.8201	-74.36487	US	1
Shenandoah	Pennsylvania	40.82037	-76.20077	US	1
Wood River	Nebraska	40.82057	-98.60007	US	1
Roseland	New Jersey	40.82066	-74.29376	US	1
Ronkonkoma	New York	40.821	-73.143	US	1
Cliffside Park	New Jersey	40.82149	-73.98764	US	1
Morris Plains	New Jersey	40.82177	-74.48099	US	1
Cedar Knolls	New Jersey	40.82204	-74.44876	US	1
Nutley	New Jersey	40.82232	-74.15987	US	1
Throgs Neck	New York	40.8226	-73.81958	US	1
Coaldale	Pennsylvania	40.82287	-75.90687	US	1
Hometown	Pennsylvania	40.8237	-75.9802	US	1
South Huntington	New York	40.82371	-73.39873	US	1
Houserville	Pennsylvania	40.82395	-77.82889	US	1
Muttontown	New York	40.82399	-73.54763	US	1
West Hills	Pennsylvania	40.82423	-79.5431	US	1
Big Beaver	Pennsylvania	40.82451	-80.36284	US	1
Essex Fells	New Jersey	40.82454	-74.28459	US	1
Whippany	New Jersey	40.82454	-74.4171	US	1
Westhampton	New York	40.82454	-72.66621	US	1
Melrose	New York	40.82455	-73.91041	US	1
Markle	Indiana	40.82462	-85.33884	US	1
Oak Hills	Pennsylvania	40.82479	-79.91311	US	1
Summit Hill	Pennsylvania	40.82481	-75.87103	US	1
Factoryville	Pennsylvania	40.82482	-75.20962	US	1
West Burlington	Iowa	40.82504	-91.15654	US	1
Hauppauge	New York	40.82565	-73.20261	US	1
Woodbury	New York	40.82565	-73.46762	US	1
Port Washington	New York	40.82566	-73.69819	US	1
Montclair	New Jersey	40.82593	-74.20903	US	1
Eastport	New York	40.82593	-72.73177	US	1
Toftrees	Pennsylvania	40.82604	-77.8811	US	1
Syosset	New York	40.82621	-73.50207	US	1
Remsenburg-Speonk	New York	40.82642	-72.69673	US	1
Rutherford	New Jersey	40.82649	-74.10681	US	1
Edgewater	New Jersey	40.82704	-73.97569	US	1
Upper Sandusky	Ohio	40.82728	-83.28131	US	1
Unionport	New York	40.82732	-73.85013	US	1
Shenandoah Heights	Pennsylvania	40.82759	-76.20688	US	1
Morrisania	New York	40.82927	-73.90653	US	1
Belvidere	New Jersey	40.82982	-75.07767	US	1
Verona	New Jersey	40.82982	-74.24015	US	1
Decatur	Indiana	40.8306	-84.92913	US	1
Glenwood Landing	New York	40.83066	-73.63874	US	1
Farmingville	New York	40.83121	-73.02955	US	1
Hummels Wharf	Pennsylvania	40.83175	-76.8358	US	1
Lansford	Pennsylvania	40.83176	-75.88242	US	1
Old Brookville	New York	40.83204	-73.60485	US	1
Elko	Nevada	40.83242	-115.76312	US	1
Lehighton	Pennsylvania	40.8337	-75.7138	US	1
Brookdale	New Jersey	40.83371	-74.18292	US	1
East Palestine	Ohio	40.83395	-80.54035	US	1
East Rutherford	New Jersey	40.83399	-74.09709	US	1
Ridgefield	New Jersey	40.83427	-74.00875	US	1
Baxter Estates	New York	40.83482	-73.69541	US	1
Lake Ronkonkoma	New York	40.8351	-73.13122	US	1
Glen Head	New York	40.83538	-73.62374	US	1
Yaphank	New York	40.83677	-72.91705	US	1
Weissport East	Pennsylvania	40.83697	-75.68643	US	1
Louisville	Ohio	40.83728	-81.25955	US	1
Upper Brookville	New York	40.83871	-73.56513	US	1
Parkchester	New York	40.83899	-73.86041	US	1
Caldwell	New Jersey	40.83982	-74.27654	US	1
Carlstadt	New Jersey	40.84038	-74.0907	US	1
East Quogue	New York	40.84066	-72.58148	US	1
Moonachie	New Jersey	40.84121	-74.04514	US	1
Grant	Nebraska	40.84194	-101.72517	US	1
Meadowood	Pennsylvania	40.84201	-79.89394	US	1
Bayside	California	40.84235	-124.06367	US	1
Commack	New York	40.84288	-73.29289	US	1
Manorhaven	New York	40.84316	-73.71485	US	1
Delphos	Ohio	40.84338	-84.34162	US	1
Orrville	Ohio	40.84367	-81.76402	US	1
Port Washington North	New York	40.84482	-73.7018	US	1
New Waterford	Ohio	40.84506	-80.61452	US	1
East Tremont	New York	40.84538	-73.89097	US	1
Elwood	New York	40.84538	-73.33512	US	1
Wood-Ridge	New Jersey	40.84566	-74.08792	US	1
Upper Montclair	New Jersey	40.84621	-74.20126	US	1
East Norwich	New York	40.84677	-73.53512	US	1
City Island	New York	40.84732	-73.78652	US	1
Centre Hall	Pennsylvania	40.84756	-77.68611	US	1
Wind Gap	Pennsylvania	40.84815	-75.29157	US	1
Palisades Park	New Jersey	40.84816	-73.99764	US	1
Randolph	New Jersey	40.84829	-74.58148	US	1
Meridian	Pennsylvania	40.8484	-79.962	US	1
Van Nest	New York	40.84843	-73.86375	US	0
West Caldwell	New Jersey	40.84852	-74.29695	US	1
North Salt Lake	Utah	40.84856	-111.90688	US	1
Shamokin Dam	Pennsylvania	40.8487	-76.81969	US	1
Sea Cliff	New York	40.84899	-73.64485	US	1
Tremont	New York	40.84954	-73.90569	US	1
Morris Heights	New York	40.84982	-73.91986	US	1
The Bronx	New York	40.84985	-73.86641	US	1
Osceola Mills	Pennsylvania	40.85006	-78.27057	US	1
Washington Heights	New York	40.8501	-73.93541	US	1
Fort Lee	New Jersey	40.85093	-73.97014	US	1
Cedar Grove	New Jersey	40.85177	-74.22903	US	1
Sands Point	New York	40.85177	-73.71874	US	1
Nesconset	New York	40.85204	-73.154	US	1
Morris Park	New York	40.85232	-73.85347	US	1
Little Ferry	New Jersey	40.85288	-74.04208	US	1
Lake Grove	New York	40.85288	-73.11511	US	1
Wallington	New Jersey	40.85316	-74.11375	US	1
Huntington Station	New York	40.85343	-73.41151	US	1
Hackettstown	New Jersey	40.85399	-74.82906	US	1
Smithtown	New York	40.85593	-73.20067	US	1
Village of the Branch	New York	40.85621	-73.18733	US	1
Passaic	New Jersey	40.85677	-74.12848	US	1
Laurel Hollow	New York	40.85677	-73.46957	US	1
Ridgefield Park	New Jersey	40.85704	-74.02153	US	1
Parsippany	New Jersey	40.85788	-74.42599	US	1
Hasbrouck Heights	New Jersey	40.85816	-74.0807	US	1
Clifton	New Jersey	40.85843	-74.16376	US	1
Centereach	New York	40.85843	-73.09955	US	1
Gordon Heights	New York	40.85871	-72.97066	US	1
Fordham	New York	40.85927	-73.89847	US	1
Cozad	Nebraska	40.85973	-99.98734	US	1
University Heights	New York	40.8601	-73.9093	US	1
Butler	Pennsylvania	40.86118	-79.89533	US	1
Leonia	New Jersey	40.86149	-73.98819	US	1
Dunlap	Illinois	40.8617	-89.67871	US	1
Ellwood City	Pennsylvania	40.86173	-80.28645	US	1
Smithville	Ohio	40.86228	-81.8618	US	1
Glen Cove	New York	40.86232	-73.63374	US	1
Andrews	Indiana	40.86254	-85.60165	US	1
Sunbury	Pennsylvania	40.86259	-76.79441	US	1
South Hackensack	New Jersey	40.8626	-74.04792	US	1
Ellport	Pennsylvania	40.86395	-80.25895	US	1
Elysburg	Pennsylvania	40.86453	-76.55246	US	1
Nesquehoning	Pennsylvania	40.86453	-75.81103	US	1
North Caldwell	New Jersey	40.86482	-74.2582	US	1
Oyster Bay	New York	40.86565	-73.53207	US	1
Bangor	Pennsylvania	40.86565	-75.20657	US	1
Selden	New York	40.86649	-73.03566	US	1
Arcata	California	40.86652	-124.08284	US	1
Aurora	Nebraska	40.86723	-98.00422	US	1
Monon	Indiana	40.86782	-86.8789	US	1
York	Nebraska	40.86807	-97.592	US	1
Pleasant Gap	Pennsylvania	40.86812	-77.74667	US	1
Huntington	New York	40.86815	-73.42568	US	1
Succasunna	New Jersey	40.86843	-74.64044	US	1
Ashland	Ohio	40.86867	-82.31822	US	1
Coram	New York	40.86871	-73.00149	US	1
Pen Argyl	Pennsylvania	40.86871	-75.2549	US	1
Little Falls	New Jersey	40.86899	-74.2082	US	1
Greenlawn	New York	40.86899	-73.36512	US	1
Hampton Bays	New York	40.86899	-72.51759	US	1
Baychester	New York	40.86928	-73.83645	US	1
Van Wert	Ohio	40.86949	-84.58412	US	1
Weeping Water	Nebraska	40.87	-96.14057	US	1
Oyster Bay Cove	New York	40.87093	-73.51096	US	1
Budd Lake	New Jersey	40.87121	-74.73405	US	1
Cold Spring Harbor	New York	40.87149	-73.45679	US	1
Woods Cross	Utah	40.87161	-111.89216	US	1
Homeacre-Lyndora	Pennsylvania	40.87206	-79.9206	US	1
Manorville	New York	40.87371	-72.80788	US	1
North Canton	Ohio	40.87589	-81.40234	US	1
Jim Thorpe	Pennsylvania	40.87592	-75.73241	US	1
Victory Gardens	New Jersey	40.87593	-74.54238	US	1
Locust Valley	New York	40.87593	-73.59707	US	1
Bogota	New Jersey	40.87621	-74.02986	US	1
New Beaver	Pennsylvania	40.87645	-80.37062	US	1
East Northport	New York	40.87676	-73.32456	US	1
Leetonia	Ohio	40.87728	-80.75536	US	1
Flanagan	Illinois	40.87809	-88.86118	US	1
Kings Bridge	New York	40.87871	-73.90514	US	1
Saint James	New York	40.87899	-73.15678	US	1
East Bangor	Pennsylvania	40.87954	-75.18379	US	1
Kenvil	New Jersey	40.87982	-74.61849	US	1
Ossian	Indiana	40.8806	-85.16636	US	1
Roseto	Pennsylvania	40.88065	-75.21462	US	1
Pontiac	Illinois	40.88087	-88.62978	US	1
Spuyten Duyvil	New York	40.88121	-73.91736	US	1
Shelby	Ohio	40.88145	-82.66184	US	1
Garfield	New Jersey	40.88149	-74.1132	US	1
Lenox	Iowa	40.88165	-94.56191	US	1
Lodi	New Jersey	40.88232	-74.0832	US	1
Burney	California	40.88238	-121.66082	US	1
Lake Hiawatha	New Jersey	40.8826	-74.38154	US	1
Blue Lake	California	40.88291	-123.98395	US	1
Rome	Illinois	40.88309	-89.50259	US	1
Huntington	Indiana	40.8831	-85.49748	US	1
Fairfield	New Jersey	40.88371	-74.30598	US	1
Dover	New Jersey	40.88399	-74.5621	US	1
Middle Island	New York	40.88427	-72.93733	US	1
Southampton	New York	40.88427	-72.38953	US	1
Englewood Cliffs	New Jersey	40.88538	-73.95236	US	1
Hackensack	New Jersey	40.88593	-74.04347	US	1
Kings Park	New York	40.88621	-73.25734	US	1
Singac	New Jersey	40.88677	-74.24098	US	1
Mill Neck	New York	40.88704	-73.55512	US	1
Columbiana	Ohio	40.88839	-80.69396	US	1
Halesite	New York	40.88843	-73.4154	US	1
Bountiful	Utah	40.88939	-111.88077	US	1
Canal Fulton	Ohio	40.88978	-81.59762	US	1
Woodland Park	New Jersey	40.88982	-74.19487	US	1
Shinnecock Hills	New York	40.89093	-72.4637	US	1
Northumberland	Pennsylvania	40.89175	-76.79747	US	1
Denville	New Jersey	40.89232	-74.47738	US	1
Englewood	New Jersey	40.89288	-73.97264	US	1
Wharton	New Jersey	40.89315	-74.58183	US	1
Arlington	Ohio	40.89366	-83.65021	US	1
West Bountiful	Utah	40.89383	-111.90188	US	1
Ridge	New York	40.89399	-72.89594	US	1
Mountain Lakes	New Jersey	40.89482	-74.43293	US	1
Bluffton	Ohio	40.89533	-83.88883	US	1
Lattingtown	New York	40.89538	-73.60096	US	1
Pelham Manor	New York	40.89538	-73.80708	US	1
Saylorsburg	Pennsylvania	40.89565	-75.32352	US	1
Philipsburg	Pennsylvania	40.89645	-78.22057	US	1
Teaneck	New Jersey	40.8976	-74.01597	US	1
Wakefield	New York	40.89788	-73.85236	US	1
Woodlawn	New York	40.89816	-73.86736	US	1
Netcong	New Jersey	40.89899	-74.70655	US	1
Saddle Brook	New Jersey	40.89899	-74.09264	US	1
Tuckahoe	New York	40.89899	-72.41092	US	1
Huntington Bay	New York	40.89982	-73.41484	US	1
Riverdale	New York	40.90056	-73.90639	US	1
Salem	Ohio	40.90089	-80.85675	US	1
Northport	New York	40.90093	-73.34317	US	1
Rockaway	New Jersey	40.90121	-74.51432	US	1
McAdoo	Pennsylvania	40.90127	-75.99106	US	1
Boonton	New Jersey	40.9026	-74.4071	US	1
Maywood	New Jersey	40.9026	-74.06181	US	1
Stanhope	New Jersey	40.90288	-74.70905	US	1
Flanders	New York	40.90343	-72.61759	US	1
Head of the Harbor	New York	40.90343	-73.15789	US	1
Lloyd Harbor	New York	40.90343	-73.45984	US	1
Elmwood Park	New Jersey	40.90399	-74.11848	US	1
Nissequogue	New York	40.90399	-73.19789	US	1
Minonk	Illinois	40.90448	-89.03452	US	1
Prospect	Pennsylvania	40.90451	-80.04645	US	1
Landing	New Jersey	40.9051	-74.66516	US	1
Totowa	New Jersey	40.9051	-74.20987	US	1
Calverton	New York	40.90649	-72.74343	US	1
Seward	Nebraska	40.90695	-97.09892	US	1
Rochelle Park	New Jersey	40.90732	-74.07514	US	1
Knoxville	Illinois	40.90837	-90.28485	US	1
Terryville	New York	40.90899	-73.06511	US	1
Pelham	New York	40.90982	-73.80791	US	1
Shanor-Northvue	Pennsylvania	40.91045	-79.91562	US	1
Bayville	New York	40.91065	-73.56207	US	1
Riverside	New York	40.911	-72.655	US	1
Monmouth	Illinois	40.91143	-90.64736	US	1
New Rochelle	New York	40.91149	-73.78235	US	1
Fort Salonga	New York	40.9126	-73.30095	US	1
Mount Vernon	New York	40.9126	-73.83708	US	1
Bellefonte	Pennsylvania	40.91339	-77.77833	US	1
Zion	Pennsylvania	40.91423	-77.68472	US	1
Alliance	Ohio	40.91534	-81.10593	US	1
Convoy	Ohio	40.91672	-84.70274	US	1
Paterson	New Jersey	40.91677	-74.17181	US	1
Riverhead	New York	40.91704	-72.66204	US	1
Waverly	Nebraska	40.9175	-96.52834	US	1
Mifflinburg	Pennsylvania	40.91758	-77.04775	US	1
Coalville	Utah	40.91773	-111.39936	US	1
Centerville	Utah	40.918	-111.87216	US	1
Washburn	Illinois	40.9192	-89.2912	US	1
Columbus Grove	Ohio	40.9195	-84.05689	US	1
Water Mill	New York	40.91959	-72.34274	US	1
Chillicothe	Illinois	40.92226	-89.4862	US	1
Sebring	Ohio	40.92284	-81.01898	US	1
White Meadow Lake	New Jersey	40.92371	-74.51071	US	1
Lincoln Park	New Jersey	40.92427	-74.30209	US	1
Brodheadsville	Pennsylvania	40.92454	-75.39379	US	1
Grand Island	Nebraska	40.92501	-98.34201	US	1
Tenafly	New Jersey	40.92538	-73.96292	US	1
Wayne	New Jersey	40.92538	-74.27654	US	1
Port Jefferson Station	New York	40.92538	-73.04733	US	1
Stony Brook	New York	40.92565	-73.14094	US	1
Mount Arlington	New Jersey	40.92593	-74.63488	US	1
Clinton	Ohio	40.92672	-81.6304	US	1
New London	Iowa	40.92698	-91.3996	US	1
Greentown	Ohio	40.92756	-81.40261	US	1
Bergenfield	New Jersey	40.9276	-73.99736	US	1
Larchmont	New York	40.92788	-73.7518	US	1
River Edge	New Jersey	40.92871	-74.03986	US	1
Gothenburg	Nebraska	40.92945	-100.16068	US	1
Villisca	Iowa	40.92971	-94.97609	US	1
Princeville	Illinois	40.92976	-89.7576	US	1
Yonkers	New York	40.9304	-73.89789	US	1
Setauket-East Setauket	New York	40.93064	-73.10179	US	1
Eatons Neck	New York	40.93065	-73.40151	US	1
Greensburg	Ohio	40.93172	-81.46484	US	1
Oquawka	Illinois	40.93198	-90.94709	US	1
Hopatcong	New Jersey	40.93288	-74.65933	US	1
North Sea	New York	40.93288	-72.41425	US	1
New Milford	New Jersey	40.9351	-74.01903	US	1
Clifton	Illinois	40.93531	-87.93449	US	1
Haledon	New Jersey	40.93565	-74.18626	US	1
Rensselaer	Indiana	40.9367	-87.15086	US	1
Bridgehampton	New York	40.93788	-72.30092	US	1
Bronxville	New York	40.93815	-73.83208	US	1
Effort	Pennsylvania	40.93926	-75.43491	US	1
Willow Creek	California	40.93958	-123.63144	US	1
Fair Lawn	New Jersey	40.94038	-74.13181	US	1
Dumont	New Jersey	40.94065	-73.99681	US	1
Cresskill	New Jersey	40.94149	-73.9593	US	1
East Setauket	New York	40.94149	-73.10594	US	1
Wykagyl	New York	40.94149	-73.79902	US	1
New Franklin	Ohio	40.94172	-81.54151	US	1
Milesburg	Pennsylvania	40.94173	-77.785	US	1
Weatherly	Pennsylvania	40.94175	-75.82964	US	1
Punxsutawney	Pennsylvania	40.94368	-78.97087	US	1
Hopatcong Hills	New Jersey	40.94399	-74.67072	US	1
Paramus	New Jersey	40.94454	-74.07542	US	1
Aquebogue	New York	40.94454	-72.62704	US	1
East Shoreham	New York	40.94482	-72.87955	US	1
Green	Ohio	40.94589	-81.48317	US	1
Morocco	Indiana	40.94615	-87.45336	US	1
Port Jefferson	New York	40.94649	-73.06927	US	1
McKinleyville	California	40.94652	-124.10062	US	1
Mount Sinai	New York	40.94704	-73.02955	US	1
Galesburg	Illinois	40.94782	-90.37124	US	1
Pandora	Ohio	40.94811	-83.96105	US	1
Chicora	Pennsylvania	40.94812	-79.74283	US	1
Lake Hopatcong	New Jersey	40.94843	-74.6171	US	1
Mamaroneck	New York	40.94871	-73.73263	US	1
Hawthorne	New Jersey	40.94926	-74.15375	US	1
Jamesport	New York	40.94954	-72.58148	US	1
Wading River	New York	40.95038	-72.8426	US	1
Catawissa	Pennsylvania	40.95203	-76.45967	US	1
Carey	Ohio	40.95256	-83.38242	US	1
Rocky Point	New York	40.9526	-72.92538	US	1
North Haledon	New Jersey	40.9551	-74.18598	US	1
Riverside	Pennsylvania	40.95536	-76.62885	US	1
Alpine	New Jersey	40.95593	-73.93125	US	1
Baiting Hollow	New York	40.95621	-72.74427	US	1
Sound Beach	New York	40.95621	-72.96788	US	1
Lake Telemark	New Jersey	40.95677	-74.49793	US	1
Demarest	New Jersey	40.95732	-73.96347	US	1
Eastchester	New York	40.95833	-73.80861	US	0
Hazleton	Pennsylvania	40.95842	-75.97465	US	1
West Hazleton	Pennsylvania	40.9587	-75.99604	US	1
Oradell	New Jersey	40.95871	-74.03681	US	1
Linntown	Pennsylvania	40.95897	-76.89913	US	1
Miller Place	New York	40.95982	-72.99621	US	1
Haworth	New Jersey	40.96093	-73.99014	US	1
New Middletown	Ohio	40.96117	-80.55757	US	1
Roanoke	Indiana	40.96255	-85.37331	US	1
Glen Rock	New Jersey	40.96288	-74.13292	US	1
Danville	Pennsylvania	40.96342	-76.61273	US	1
East Hampton	New York	40.96343	-72.1848	US	1
Mount Pleasant	Iowa	40.96364	-91.55794	US	1
Hartville	Ohio	40.96367	-81.33122	US	1
Lewisburg	Pennsylvania	40.96453	-76.88441	US	1
Mechanicsville	Pennsylvania	40.96648	-76.58662	US	1
Harrison	New York	40.96899	-73.71263	US	1
Laurel	New York	40.96954	-72.56203	US	1
Doylestown	Ohio	40.97005	-81.69652	US	1
West Salem	Ohio	40.97144	-82.10987	US	1
East Hampton North	New York	40.97276	-72.18911	US	1
Winnemucca	Nevada	40.97296	-117.73568	US	1
Closter	New Jersey	40.97315	-73.96153	US	1
Amagansett	New York	40.97371	-72.14369	US	1
Monroeville	Indiana	40.97477	-84.8683	US	1
Bessemer	Pennsylvania	40.97478	-80.49368	US	1
Uniontown	Ohio	40.97506	-81.40817	US	1
Curwensville	Pennsylvania	40.97561	-78.52502	US	1
Emerson	New Jersey	40.97621	-74.02625	US	1
Rittman	Ohio	40.97811	-81.78208	US	1
Ridgewood	New Jersey	40.97926	-74.11653	US	1
Farmington	Utah	40.9805	-111.88744	US	1
Harleigh	Pennsylvania	40.98064	-75.97131	US	1
Rye	New York	40.98065	-73.68374	US	1
Sun Valley	Pennsylvania	40.98203	-75.46602	US	1
Kalida	Ohio	40.98283	-84.19939	US	1
Harrington Park	New Jersey	40.98371	-73.97986	US	1
Stroudsburg	Pennsylvania	40.98676	-75.19462	US	1
Creston	Ohio	40.987	-81.89375	US	1
Manila	Utah	40.98801	-109.72265	US	1
Julesburg	Colorado	40.98833	-102.26435	US	1
Midland Park	New Jersey	40.98926	-74.1407	US	1
Corning	Iowa	40.98999	-94.74081	US	1
Arlington Heights	Pennsylvania	40.99009	-75.21629	US	1
Westwood	New Jersey	40.99121	-74.03264	US	1
Mattituck	New York	40.99121	-72.53425	US	1
Conyngham	Pennsylvania	40.99203	-76.05659	US	1
Greenville	New York	40.99315	-73.81986	US	1
Riverdale	New Jersey	40.99399	-74.30348	US	1
Hastings-on-Hudson	New York	40.99454	-73.87875	US	1
River Vale	New Jersey	40.99538	-74.01208	US	1
Plymouth	Ohio	40.99561	-82.66712	US	1
Noyack	New York	40.99566	-72.34119	US	1
Ho-Ho-Kus	New Jersey	40.99649	-74.10125	US	1
Louisville	Nebraska	40.99778	-96.16224	US	1
Sag Harbor	New York	40.99788	-72.29258	US	1
Norwood	New Jersey	40.99815	-73.9618	US	1
East Stroudsburg	Pennsylvania	40.99954	-75.18129	US	1
North Manchester	Indiana	41.0006	-85.7686	US	1
Kinnelon	New Jersey	41.00176	-74.3671	US	1
Port Chester	New York	41.00176	-73.66568	US	1
Bloomingdale	New Jersey	41.00204	-74.32654	US	1
Toluca	Illinois	41.00226	-89.13342	US	1
Hyde	Pennsylvania	41.00256	-78.46252	US	1
Hillsdale	New Jersey	41.0026	-74.04042	US	1
Malvern	Iowa	41.00278	-95.58528	US	1
Chebanse	Illinois	41.00309	-87.9081	US	1
Indian Mountain Lake	Pennsylvania	41.00314	-75.50824	US	1
New Castle	Pennsylvania	41.00367	-80.34701	US	1
Bloomsburg	Pennsylvania	41.0037	-76.45495	US	1
Butler	New Jersey	41.00371	-74.34154	US	1
Byram	Connecticut	41.00426	-73.65374	US	1
Scarsdale	New York	41.0051	-73.78458	US	1
Pompton Lakes	New Jersey	41.00538	-74.2907	US	1
Espy	Pennsylvania	41.0062	-76.40994	US	1
Northvale	New Jersey	41.00649	-73.94903	US	1
Portage Lakes	Ohio	41.00728	-81.52706	US	1
Towamensing Trails	Pennsylvania	41.00787	-75.58463	US	1
Mediapolis	Iowa	41.00809	-91.16404	US	1
Fairfield	Iowa	41.00863	-91.96267	US	1
Wyckoff	New Jersey	41.00954	-74.17292	US	1
Red Oak	Iowa	41.00972	-95.22555	US	1
Northwest Harbor	New York	41.00982	-72.22119	US	1
Seville	Ohio	41.01006	-81.86236	US	1
Oakwood	Pennsylvania	41.01062	-80.37951	US	1
Old Tappan	New Jersey	41.01065	-73.99125	US	1
Waldwick	New Jersey	41.01065	-74.11792	US	1
Ardsley	New York	41.01065	-73.84375	US	1
Cutchogue	New York	41.01066	-72.48509	US	1
Plattsmouth	Nebraska	41.01139	-95.88223	US	1
Milton	Pennsylvania	41.01203	-76.84774	US	1
Sierra View	Pennsylvania	41.01207	-75.459	US	1
Barberton	Ohio	41.01283	-81.60512	US	1
Oakland	New Jersey	41.01315	-74.26431	US	1
Chariton	Iowa	41.01389	-93.3066	US	1
Almedia	Pennsylvania	41.01453	-76.38105	US	1
Dobbs Ferry	New York	41.01454	-73.87264	US	1
Springs	New York	41.01621	-72.15924	US	1
Freeland	Pennsylvania	41.01675	-75.89714	US	1
Franklin Lakes	New Jersey	41.01676	-74.2057	US	1
Lake Mohawk	New Jersey	41.01843	-74.66016	US	1
Hartsdale	New York	41.01899	-73.79819	US	1
Ottawa	Ohio	41.01922	-84.04717	US	1
Rye Brook	New York	41.01926	-73.68346	US	1
Ottumwa	Iowa	41.02001	-92.4113	US	1
Lakemore	Ohio	41.02089	-81.43595	US	1
Tappan	New York	41.02204	-73.94736	US	1
New Castle Northwest	Pennsylvania	41.02208	-80.35682	US	1
Old Greenwich	Connecticut	41.02287	-73.56485	US	1
Woodcliff Lake	New Jersey	41.02343	-74.06653	US	1
Boardman	Ohio	41.02423	-80.66285	US	1
Poland	Ohio	41.02423	-80.6148	US	1
Lacon	Illinois	41.02476	-89.4112	US	1
Saint Anne	Illinois	41.02503	-87.71392	US	1
Canfield	Ohio	41.02506	-80.76091	US	1
Wadsworth	Ohio	41.02561	-81.72985	US	1
Pemberwick	Connecticut	41.02565	-73.66068	US	1
Ravenna	Nebraska	41.02612	-98.91258	US	1
Westfield Center	Ohio	41.02644	-81.9332	US	1
Greenwich	Connecticut	41.02649	-73.62846	US	1
Albia	Iowa	41.02667	-92.80575	US	1
Clearfield	Pennsylvania	41.02728	-78.43919	US	1
Haskell	New Jersey	41.02843	-74.29598	US	1
Glandorf	Ohio	41.02894	-84.07911	US	1
Norton	Ohio	41.02922	-81.63818	US	1
Greenwich	Ohio	41.03005	-82.51573	US	1
Sparkill	New York	41.03121	-73.92708	US	1
Saddle River	New Jersey	41.03176	-74.10209	US	1
Fruit Heights	Utah	41.03217	-111.90216	US	1
Mifflinville	Pennsylvania	41.03231	-76.30799	US	1
Greenburgh	New York	41.03287	-73.84291	US	1
Lodi	Ohio	41.03339	-82.01209	US	1
Cos Cob	Connecticut	41.03343	-73.59957	US	1
Sparta	New Jersey	41.03343	-74.63849	US	1
Riverside	Connecticut	41.03371	-73.57818	US	1
Osceola	Iowa	41.03389	-93.7655	US	1
White Plains	New York	41.03399	-73.76291	US	1
Kaysville	Utah	41.03522	-111.93855	US	1
Lowellville	Ohio	41.03534	-80.53646	US	1
Glenville	Connecticut	41.03538	-73.65985	US	1
Montauk	New York	41.03594	-71.95451	US	1
Morgan	Utah	41.03606	-111.67688	US	1
Light Street	Pennsylvania	41.0362	-76.42356	US	1
Penn Estates	Pennsylvania	41.0375	-75.23956	US	1
Park Ridge	New Jersey	41.0376	-74.0407	US	1
Sawyerwood	Ohio	41.03783	-81.44095	US	1
Wanaque	New Jersey	41.03815	-74.29404	US	1
Akron	Indiana	41.03838	-86.02805	US	1
Ashland	Nebraska	41.03916	-96.36835	US	1
Irvington	New York	41.03922	-73.86823	US	1
Tannersville	Pennsylvania	41.04009	-75.30574	US	1
New Columbia	Pennsylvania	41.04092	-76.86691	US	1
Purchase	New York	41.04093	-73.71457	US	1
Allendale	New Jersey	41.04149	-74.12903	US	1
Beech Mountain Lakes	Pennsylvania	41.04158	-75.93545	US	1
Piermont	New York	41.04204	-73.91819	US	1
Findlay	Ohio	41.04422	-83.64993	US	1
Westhaven-Moonstone	California	41.04489	-124.10239	US	1
Mogadore	Ohio	41.04645	-81.39789	US	1
Orangeburg	New York	41.04649	-73.94958	US	1
Montvale	New Jersey	41.04676	-74.02292	US	1
Glenwood	Iowa	41.04694	-95.74251	US	1
Herscher	Illinois	41.0492	-88.09783	US	1
Sykesville	Pennsylvania	41.05034	-78.82225	US	1
Winamac	Indiana	41.05143	-86.60306	US	1
Nescopeck	Pennsylvania	41.05203	-76.22077	US	1
Maharishi Vedic City	Iowa	41.05252	-91.9949	US	1
Struthers	Ohio	41.05256	-80.60785	US	1
Willard	Ohio	41.05311	-82.72629	US	1
Stamford	Connecticut	41.05343	-73.53873	US	1
Berwick	Pennsylvania	41.05453	-76.23327	US	1
Hardwick	New Jersey	41.05454	-74.93212	US	1
Elmsford	New York	41.0551	-73.82013	US	1
Ramsey	New Jersey	41.05732	-74.14098	US	1
Newton	New Jersey	41.05815	-74.75267	US	1
Upper Saddle River	New Jersey	41.05843	-74.09848	US	1
Creston	Iowa	41.0586	-94.36135	US	1
Pearl River	New York	41.05899	-74.02181	US	1
Layton	Utah	41.06022	-111.97105	US	1
White Haven	Pennsylvania	41.06064	-75.77408	US	1
Wyoming	Illinois	41.0617	-89.77316	US	1
East Berwick	Pennsylvania	41.06203	-76.22243	US	1
Blauvelt	New York	41.06343	-73.95764	US	1
Slippery Rock	Pennsylvania	41.06395	-80.05645	US	1
Rochester	Indiana	41.06476	-86.21583	US	1
Southold	New York	41.06482	-72.4262	US	1
Shelter Island	New York	41.06815	-72.33869	US	1
New Haven	Indiana	41.0706	-85.01441	US	1
Valhalla	New York	41.07482	-73.77513	US	1
Tarrytown	New York	41.07621	-73.85875	US	1
Payne	Ohio	41.07755	-84.72718	US	1
Campbell	Ohio	41.07839	-80.59924	US	1
Darien	Connecticut	41.07871	-73.46929	US	1
Akron	Ohio	41.08144	-81.51901	US	1
Ogdensburg	New Jersey	41.08176	-74.59238	US	1
Springfield	Nebraska	41.08194	-96.13446	US	1
South Nyack	New York	41.08315	-73.92014	US	1
Shelter Island Heights	New York	41.08399	-72.35592	US	1
Chestnut Ridge	New York	41.08426	-74.0557	US	1
Watsontown	Pennsylvania	41.08453	-76.86385	US	1
South Whitley	Indiana	41.08477	-85.62804	US	1
New London	Ohio	41.08505	-82.39989	US	1
Sleepy Hollow	New York	41.08565	-73.85847	US	1
Emerald Lakes	Pennsylvania	41.08842	-75.41963	US	1
Mahwah	New Jersey	41.08871	-74.14376	US	1
Nanuet	New York	41.08871	-74.01347	US	1
Syracuse	Utah	41.08939	-112.06467	US	1
Nyack	New York	41.09065	-73.91791	US	1
Chappell	Nebraska	41.09277	-102.47074	US	1
Toulon	Illinois	41.09365	-89.86483	US	1
Dwight	Illinois	41.09448	-88.42506	US	1
West Nyack	New York	41.09649	-73.97292	US	1
South Greeley	Wyoming	41.09693	-104.80636	US	1
Reynoldsville	Pennsylvania	41.09701	-78.88864	US	1
Leipsic	Ohio	41.09838	-83.98467	US	1
Copley	Ohio	41.09894	-81.64457	US	1
Youngstown	Ohio	41.09978	-80.64952	US	1
Brimfield	Ohio	41.10006	-81.3465	US	1
Continental	Ohio	41.10033	-84.26634	US	1
Airmont	New York	41.10093	-74.11625	US	1
Tallmadge	Ohio	41.10145	-81.44178	US	1
Austintown	Ohio	41.10172	-80.76452	US	1
Greenport West	New York	41.10178	-72.37195	US	1
Greenport	New York	41.10343	-72.35925	US	1
East Norwalk	Connecticut	41.10565	-73.39845	US	1
Pocono Pines	Pennsylvania	41.10675	-75.45435	US	1
Upper Nyack	New York	41.10704	-73.92014	US	1
Mill Hall	Pennsylvania	41.10729	-77.48443	US	1
Hawthorne	New York	41.10732	-73.79597	US	1
McComb	Ohio	41.10755	-83.79271	US	1
Sandy	Pennsylvania	41.10784	-78.77114	US	1
Dewart	Pennsylvania	41.10925	-76.87663	US	1
Bardonia	New York	41.10954	-73.99625	US	1
Clearfield	Utah	41.11078	-112.02605	US	1
Hill Air Force Base	Utah	41.11118	-111.97712	US	1
Monsey	New York	41.11121	-74.06848	US	1
Henry	Illinois	41.11142	-89.35648	US	1
Wells	Nevada	41.11159	-114.96449	US	1
Fox Farm-College	Wyoming	41.11203	-104.78546	US	1
Saw Creek	Pennsylvania	41.11259	-75.05073	US	1
Spring Valley	New York	41.11315	-74.04375	US	1
Ringwood	New Jersey	41.11343	-74.24543	US	1
Stromsburg	Nebraska	41.11418	-97.59894	US	1
Tiffin	Ohio	41.1145	-83.17797	US	1
Suffern	New York	41.11482	-74.14959	US	1
Central City	Nebraska	41.11585	-98.00172	US	1
Craig Beach	Ohio	41.117	-80.98342	US	1
Norwalk	Connecticut	41.1176	-73.4079	US	1
Valley Cottage	New York	41.11815	-73.95542	US	1
West Point	Utah	41.11828	-112.08411	US	1
DuBois	Pennsylvania	41.11923	-78.76003	US	1
Kankakee	Illinois	41.12003	-87.86115	US	1
Offutt Air Force Base	Nebraska	41.12024	-95.92095	US	1
Streator	Illinois	41.12087	-88.83535	US	1
Kaser	New York	41.12121	-74.06709	US	1
Mount Pocono	Pennsylvania	41.12203	-75.36463	US	1
Franklin	New Jersey	41.12204	-74.58044	US	1
New Wilmington	Pennsylvania	41.12228	-80.33284	US	1
Winfield	Iowa	41.12308	-91.44127	US	1
Thornwood	New York	41.12343	-73.77902	US	1
North Platte	Nebraska	41.12389	-100.76542	US	1
Crandon Lakes	New Jersey	41.12426	-74.83989	US	1
Castanea	Pennsylvania	41.12479	-77.4297	US	1
Woodburn	Indiana	41.12533	-84.8533	US	1
Flemington	Pennsylvania	41.12646	-77.47165	US	1
Armonk	New York	41.12648	-73.71402	US	1
Fairlawn	Ohio	41.12783	-81.60984	US	1
Hillcrest	New York	41.12787	-74.04097	US	1
Ogallala	Nebraska	41.12805	-101.71962	US	1
Fort Wayne	Indiana	41.1306	-85.12886	US	1
West Milford	New Jersey	41.13121	-74.36737	US	1
Limestone	Illinois	41.13237	-87.9684	US	1
South Weber	Utah	41.13244	-111.93022	US	1
Pleasantville	New York	41.13287	-73.79263	US	1
Cuyahoga Falls	Ohio	41.13394	-81.48456	US	1
Montebello	New York	41.13593	-74.11848	US	1
Sunset	Utah	41.13633	-112.03105	US	1
Viola	New York	41.13648	-74.08236	US	1
Southport	Connecticut	41.13649	-73.28345	US	1
Bellevue	Nebraska	41.13667	-95.89084	US	1
Lock Haven	Pennsylvania	41.13701	-77.44693	US	1
Paulding	Ohio	41.13811	-84.58051	US	1
North Stamford	Connecticut	41.13815	-73.54346	US	1
Medina	Ohio	41.13839	-81.86375	US	1
New Square	New York	41.13956	-74.02942	US	1
Clinton	Utah	41.13967	-112.0505	US	1
Cheyenne	Wyoming	41.13998	-104.82025	US	1
North Castle	New York	41.14	-73.68389	US	1
Mineral Ridge	Ohio	41.14006	-80.76897	US	1
Gretna	Nebraska	41.14083	-96.23974	US	1
Fairfield	Connecticut	41.14121	-73.26373	US	1
Westport	Connecticut	41.14149	-73.3579	US	1
Roselawn	Indiana	41.1417	-87.31475	US	1
Bradley	Illinois	41.14198	-87.86115	US	1
Sidney	Nebraska	41.14276	-102.97798	US	1
Mountain Green	Utah	41.143	-111.7916	US	1
Uintah	Utah	41.14411	-111.92327	US	1
Munroe Falls	Ohio	41.1445	-81.43983	US	1
Falls Creek	Pennsylvania	41.14506	-78.80447	US	1
Briarcliff Manor	New York	41.14565	-73.82375	US	1
Dunnstown	Pennsylvania	41.1459	-77.42137	US	1
Pine Ridge	Pennsylvania	41.14598	-74.99116	US	1
New Canaan	Connecticut	41.14676	-73.49484	US	1
New City	New York	41.1476	-73.98931	US	1
New Hempstead	New York	41.14982	-74.03375	US	1
Congers	New York	41.15065	-73.94542	US	1
Hamburg	New Jersey	41.15343	-74.57627	US	1
Kent	Ohio	41.15367	-81.35789	US	1
Bourbonnais	Illinois	41.15376	-87.88754	US	1
Montrose-Ghent	Ohio	41.1538	-81.64378	US	1
Girard	Ohio	41.15395	-80.70147	US	1
Cresco	Pennsylvania	41.15398	-75.28046	US	1
Papillion	Nebraska	41.15444	-96.04224	US	1
Sloatsburg	New York	41.15454	-74.19292	US	1
Hubbard	Ohio	41.15645	-80.56924	US	1
Eddyville	Iowa	41.1565	-92.63739	US	1
Sutherland	Nebraska	41.15694	-101.12627	US	1
Fostoria	Ohio	41.157	-83.41687	US	1
Columbia City	Indiana	41.15727	-85.48831	US	1
Ravenna	Ohio	41.15756	-81.24205	US	1
Grove City	Pennsylvania	41.15784	-80.08867	US	1
Silver Lake	Ohio	41.15895	-81.45428	US	1
Wesley Hills	New York	41.15926	-74.06986	US	1
Stow	Ohio	41.1595	-81.44039	US	1
Chappaqua	New York	41.15954	-73.76485	US	1
Brookville	Pennsylvania	41.16117	-79.08309	US	1
Roy	Utah	41.16161	-112.02633	US	1
Churchill	Ohio	41.162	-80.6648	US	1
Ossining	New York	41.16287	-73.86152	US	1
McDonald	Ohio	41.16367	-80.72424	US	1
Hooper	Utah	41.16383	-112.12244	US	1
Pocono Ranch Lands	Pennsylvania	41.16454	-74.95212	US	1
Lordstown	Ohio	41.16561	-80.85758	US	1
Momence	Illinois	41.1667	-87.66281	US	1
Pomona	New York	41.16704	-74.0432	US	1
Galva	Illinois	41.16754	-90.04261	US	1
Wellington	Ohio	41.16894	-82.21794	US	1
Mountain Top	Pennsylvania	41.16953	-75.87742	US	1
Montgomery	Pennsylvania	41.17036	-76.87691	US	1
New Shoreham	Rhode Island	41.17233	-71.55783	US	1
Washington Terrace	Utah	41.17272	-111.97661	US	1
Treasure Lake	Pennsylvania	41.17339	-78.71586	US	1
Mountainhome	Pennsylvania	41.1737	-75.27102	US	1
Glen Lyon	Pennsylvania	41.17508	-76.07465	US	1
Highland Lake	New Jersey	41.17676	-74.45655	US	1
Riverdale	Utah	41.17689	-112.00383	US	1
South Canal	Ohio	41.17728	-80.98676	US	1
Bridgeport	Connecticut	41.17923	-73.18945	US	1
Osceola	Nebraska	41.17974	-97.54755	US	1
Wapello	Iowa	41.18142	-91.18543	US	1
Antwerp	Ohio	41.18144	-84.74051	US	1
Pine Bluffs	Wyoming	41.18193	-104.06912	US	1
North Baltimore	Ohio	41.18283	-83.67827	US	1
Niles	Ohio	41.18284	-80.76536	US	1
McKinley Heights	Ohio	41.18367	-80.7173	US	1
Chalco	Nebraska	41.18389	-96.1503	US	1
La Vista	Nebraska	41.18389	-96.03113	US	1
Stratford	Connecticut	41.18454	-73.13317	US	1
Avis	Pennsylvania	41.18479	-77.31386	US	1
Gardner	Illinois	41.18559	-88.30978	US	1
Mount Ivy	New York	41.18676	-74.03486	US	1
Newton Falls	Ohio	41.18839	-80.97815	US	1
Vernon Center	New Jersey	41.18879	-74.50405	US	1
South Ogden	Utah	41.19189	-111.97133	US	1
Canadensis	Pennsylvania	41.19204	-75.25129	US	1
DeMotte	Indiana	41.19504	-87.19864	US	1
Wilton	Connecticut	41.19537	-73.4379	US	1
Harlan	Indiana	41.19616	-84.91969	US	1
Haverstraw	New York	41.19759	-73.96458	US	1
Aledo	Illinois	41.19976	-90.74931	US	1
Pierceton	Indiana	41.20032	-85.70554	US	1
Jersey Shore	Pennsylvania	41.20202	-77.26442	US	1
West Haven	Utah	41.203	-112.05105	US	1
Bedford	New York	41.20426	-73.64374	US	1
Mount Kisco	New York	41.20426	-73.72708	US	1
Ralston	Nebraska	41.20528	-96.04252	US	1
Nanticoke	Pennsylvania	41.20536	-76.00492	US	1
Muncy	Pennsylvania	41.20564	-76.78552	US	1
Bass Lake	Indiana	41.20726	-86.60196	US	1
Bolindale	Ohio	41.20728	-80.77758	US	1
Deshler	Ohio	41.20755	-83.89911	US	1
Dunsmuir	California	41.20821	-122.27195	US	1
Croton-on-Hudson	New York	41.20843	-73.89125	US	1
Pound Ridge	New York	41.20871	-73.57485	US	1
West Haverstraw	New York	41.20954	-73.98542	US	1
Sussex	New Jersey	41.20982	-74.60766	US	1
Ashley	Pennsylvania	41.21036	-75.89659	US	1
Thiells	New York	41.21065	-74.01764	US	1
Grabill	Indiana	41.21088	-84.96691	US	1
Masury	Ohio	41.21117	-80.53785	US	1
Wahoo	Nebraska	41.21139	-96.6203	US	1
Farrell	Pennsylvania	41.21228	-80.49674	US	1
Leo-Cedarville	Indiana	41.21255	-85.01664	US	1
Saint Paul	Nebraska	41.21473	-98.45812	US	1
Clarion	Pennsylvania	41.21479	-79.38532	US	1
North Judson	Indiana	41.21504	-86.77585	US	1
Ranchettes	Wyoming	41.21859	-104.79025	US	1
Culver	Indiana	41.21893	-86.42306	US	1
Milford	Connecticut	41.22232	-73.0565	US	1
Duboistown	Pennsylvania	41.22258	-77.03691	US	1
Greenwood Lake	New York	41.22259	-74.29432	US	1
Ogden	Utah	41.223	-111.97383	US	1
City of Milford (balance)	Connecticut	41.22374	-73.06164	US	1
Melcher-Dallas	Iowa	41.225	-93.24132	US	1
Mercer	Pennsylvania	41.227	-80.23979	US	1
Winona Lake	Indiana	41.22727	-85.82193	US	1
Woodmont	Connecticut	41.22815	-72.99149	US	1
Huntertown	Indiana	41.22838	-85.17247	US	1
Stony Point	New York	41.22954	-73.98708	US	1
Churubusco	Indiana	41.2306	-85.31942	US	1
South Williamsport	Pennsylvania	41.23202	-76.99913	US	1
West Hill	Ohio	41.23283	-80.51924	US	1
Sharon	Pennsylvania	41.23311	-80.4934	US	1
Hermitage	Pennsylvania	41.23339	-80.44868	US	1
Crugers	New York	41.23343	-73.92264	US	1
Knox	Pennsylvania	41.23451	-79.53727	US	1
Windham	Ohio	41.23506	-81.04926	US	1
Kimball	Nebraska	41.23581	-103.663	US	1
Vernon Valley	New Jersey	41.23676	-74.4871	US	1
Bedford Hills	New York	41.23676	-73.69458	US	1
Lagrange	Ohio	41.23728	-82.11987	US	1
Warren	Ohio	41.23756	-80.81842	US	1
Argos	Indiana	41.2378	-86.21465	US	1
Warsaw	Indiana	41.2381	-85.85305	US	1
Brunswick	Ohio	41.23811	-81.8418	US	1
Streetsboro	Ohio	41.23922	-81.34594	US	1
Richfield	Ohio	41.23978	-81.63818	US	1
Hudson	Ohio	41.24006	-81.44067	US	1
Plymouth	Pennsylvania	41.24036	-75.94464	US	1
Brookfield Center	Ohio	41.24061	-80.55785	US	1
Grant Park	Illinois	41.24114	-87.64615	US	1
Hughesville	Pennsylvania	41.24119	-76.72385	US	1
Williamsport	Pennsylvania	41.24119	-77.00108	US	1
Norwalk	Ohio	41.24255	-82.61573	US	1
Trumbull	Connecticut	41.24287	-73.20067	US	1
Monroeville	Ohio	41.24422	-82.69629	US	1
Yutan	Nebraska	41.245	-96.39725	US	1
Larksville	Pennsylvania	41.24508	-75.93075	US	1
Kewanee	Illinois	41.24559	-89.92483	US	1
Tri-Lakes	Indiana	41.24588	-85.44192	US	1
Wilkes-Barre	Pennsylvania	41.24591	-75.88131	US	1
Marianne	Pennsylvania	41.24645	-79.42893	US	1
Leavittsburg	Ohio	41.24783	-80.87703	US	1
Faxon	Pennsylvania	41.24841	-76.97719	US	1
Holgate	Ohio	41.24894	-84.133	US	1
Brockway	Pennsylvania	41.24923	-78.79947	US	1
Manteno	Illinois	41.25059	-87.83143	US	1
Howland Center	Ohio	41.25117	-80.74536	US	1
Marriott-Slaterville	Utah	41.25161	-112.0255	US	1
Montrose	New York	41.25232	-73.93153	US	1
David City	Nebraska	41.25279	-97.13004	US	1
Easton	Connecticut	41.25287	-73.29734	US	1
Verplanck	New York	41.25287	-73.95986	US	1
Kenmar	Pennsylvania	41.25341	-76.95941	US	1
Big Bass Lake	Pennsylvania	41.25383	-75.47644	US	1
Hennepin	Illinois	41.2542	-89.34231	US	1
Garden View	Pennsylvania	41.25424	-77.04608	US	1
Montoursville	Pennsylvania	41.25425	-76.92052	US	1
Wakeman	Ohio	41.2545	-82.39961	US	1
Birchwood Lakes	Pennsylvania	41.25454	-74.9185	US	1
Georgetown	Connecticut	41.25565	-73.43484	US	1
McCloud	California	41.25571	-122.13945	US	1
Green Springs	Ohio	41.25616	-83.05158	US	1
Omaha	Nebraska	41.25626	-95.94043	US	1
Warwick	New York	41.25648	-74.35988	US	1
Katonah	New York	41.25898	-73.68541	US	1
Sharpsville	Pennsylvania	41.25922	-80.47201	US	1
Granville	Illinois	41.26115	-89.22759	US	1
Kingston	Pennsylvania	41.26175	-75.89686	US	1
Council Bluffs	Iowa	41.26194	-95.86083	US	1
Buchanan	New York	41.26204	-73.93819	US	1
Boston Heights	Ohio	41.26478	-81.51317	US	1
Braidwood	Illinois	41.26503	-88.21228	US	1
Morgandale	Ohio	41.26561	-80.78286	US	1
Evanston	Wyoming	41.26828	-110.96324	US	1
Mountain View	Wyoming	41.26884	-110.33988	US	1
Edwardsville	Pennsylvania	41.26953	-75.91631	US	1
West Haven	Connecticut	41.27065	-72.94705	US	1
Yorktown Heights	New York	41.27093	-73.77763	US	1
Grafton	Ohio	41.27255	-82.05459	US	1
Bellevue	Ohio	41.27366	-82.84158	US	1
Hudson	Pennsylvania	41.2748	-75.83603	US	1
Plains	Pennsylvania	41.27536	-75.8502	US	1
Loup City	Nebraska	41.27557	-98.96675	US	1
East Haven	Connecticut	41.27621	-72.86843	US	1
Branford Center	Connecticut	41.27738	-72.81511	US	1
Orange	Connecticut	41.27843	-73.02566	US	1
Clinton	Connecticut	41.27871	-72.52759	US	1
Forty Fort	Pennsylvania	41.27897	-75.87825	US	1
Madison Center	Connecticut	41.27925	-72.60048	US	1
Madison	Connecticut	41.27954	-72.59843	US	1
Branford	Connecticut	41.27954	-72.8151	US	1
Westbrook Center	Connecticut	41.27997	-72.44254	US	1
Cortlandt Manor	New York	41.28	-73.87164	US	1
Columbus Junction	Iowa	41.28003	-91.36071	US	1
Harrisville	Utah	41.28133	-111.98828	US	1
Ridgefield	Connecticut	41.28148	-73.49818	US	1
Guilford Center	Connecticut	41.28156	-72.67619	US	1
Lakewood Shores	Illinois	41.2817	-88.14478	US	1
Nantucket	Massachusetts	41.28346	-70.09946	US	1
Garrettsville	Ohio	41.28422	-81.09649	US	1
Defiance	Ohio	41.28449	-84.35578	US	1
Saybrook Manor	Connecticut	41.28538	-72.39897	US	1
Waterloo	Nebraska	41.28694	-96.28558	US	1
Coal City	Illinois	41.28781	-88.28562	US	1
Crompond	New York	41.288	-73.848	US	1
Diamond	Illinois	41.28864	-88.25173	US	1
Laflin	Pennsylvania	41.28897	-75.80547	US	1
Guilford	Connecticut	41.28899	-72.68176	US	1
Hilldale	Pennsylvania	41.28925	-75.83631	US	1
Champion Heights	Ohio	41.28999	-80.84595	US	1
Peekskill	New York	41.29009	-73.92042	US	1
Lake Latonka	Pennsylvania	41.29039	-80.18129	US	1
Carter Lake	Iowa	41.29055	-95.91807	US	1
Old Saybrook Center	Connecticut	41.29123	-72.37176	US	1
Lowell	Indiana	41.29142	-87.42059	US	1
Swoyersville	Pennsylvania	41.29175	-75.87464	US	1
Old Saybrook	Connecticut	41.29177	-72.3762	US	1
Hicksville	Ohio	41.29311	-84.7619	US	1
Goldens Bridge	New York	41.29343	-73.6768	US	1
Oberlin	Ohio	41.29394	-82.21738	US	1
Deer Park	Illinois	41.29503	-89.03619	US	1
Oglesby	Illinois	41.29531	-89.05953	US	1
Bourbon	Indiana	41.2956	-86.11639	US	1
Knox	Indiana	41.29588	-86.62501	US	1
Oskaloosa	Iowa	41.29639	-92.64436	US	1
Farr West	Utah	41.29717	-112.02772	US	1
Milan	Ohio	41.29755	-82.60545	US	1
Plain City	Utah	41.298	-112.08605	US	1
Inkerman	Pennsylvania	41.29897	-75.81269	US	1
Washington	Iowa	41.29918	-91.69294	US	1
Hillsborough	Nebraska	41.30037	-96.12876	US	1
Cambridge	Illinois	41.30365	-90.1929	US	1
Trucksville	Pennsylvania	41.30397	-75.93214	US	1
Clyde	Ohio	41.30422	-82.97519	US	1
Greenfield	Iowa	41.30527	-94.46135	US	1
Conashaugh Lakes	Pennsylvania	41.30593	-74.98962	US	1
Gold Key Lake	Pennsylvania	41.30593	-74.9385	US	1
North Ogden	Utah	41.30716	-111.96022	US	1
Wilmington	Illinois	41.30781	-88.14672	US	1
New Haven	Connecticut	41.30815	-72.92816	US	1
Harriman	New York	41.30843	-74.14459	US	1
Eaton Estates	Ohio	41.30894	-82.0057	US	1
Browntown	Pennsylvania	41.3098	-75.78742	US	1
Sunrise Lake	Pennsylvania	41.30981	-74.96656	US	1
Walton Park	New York	41.30982	-74.22904	US	1
Mount Shasta	California	41.31024	-122.31225	US	1
Buffalo (historical)	Iowa	41.3111	-94.00356	US	1
Seneca	Illinois	41.31114	-88.60979	US	1
Laramie	Wyoming	41.31137	-105.5911	US	1
Wyoming	Pennsylvania	41.31175	-75.83742	US	1
Hiram	Ohio	41.31256	-81.14371	US	1
Twinsburg	Ohio	41.31256	-81.44011	US	1
Valley	Nebraska	41.31278	-96.34614	US	1
North Royalton	Ohio	41.31366	-81.72457	US	1
Macedonia	Ohio	41.31367	-81.50845	US	1
Broadview Heights	Ohio	41.31394	-81.68513	US	1
Strongsville	Ohio	41.3145	-81.83569	US	1
Shelton	Connecticut	41.31649	-73.09316	US	1
Kouts	Indiana	41.31671	-87.02586	US	1
Aurora	Ohio	41.31755	-81.34539	US	1
Lake Mohegan	New York	41.31787	-73.84625	US	1
Jefferson Valley-Yorktown	New York	41.31797	-73.80066	US	1
Pleasant View	Utah	41.31828	-111.99216	US	1
Hebron	Indiana	41.31865	-87.20031	US	1
Brecksville	Ohio	41.31978	-81.62679	US	1
Shavertown	Pennsylvania	41.3198	-75.93798	US	1
West Wyoming	Pennsylvania	41.3198	-75.84603	US	1
Exeter	Pennsylvania	41.32064	-75.81908	US	1
Derby	Connecticut	41.32065	-73.089	US	1
Knoxville	Iowa	41.32083	-93.10937	US	1
Lincolndale	New York	41.32287	-73.71819	US	1
Depue	Illinois	41.3242	-89.30675	US	1
Bradner	Ohio	41.32422	-83.43854	US	1
Dupont	Pennsylvania	41.32508	-75.74547	US	1
Niantic	Connecticut	41.32538	-72.19313	US	1
North Webster	Indiana	41.3256	-85.69776	US	1
Pittston	Pennsylvania	41.32591	-75.78936	US	1
Renovo	Pennsylvania	41.32646	-77.75082	US	1
Hemlock Farms	Pennsylvania	41.32676	-75.03656	US	1
Hughestown	Pennsylvania	41.32702	-75.77325	US	1
Lyman	Wyoming	41.32745	-110.29293	US	1
Peru	Illinois	41.32753	-89.12897	US	1
Spring Valley	Illinois	41.32754	-89.19981	US	1
West Pittston	Pennsylvania	41.32758	-75.79297	US	1
Shrub Oak	New York	41.32759	-73.81958	US	1
North Branford	Connecticut	41.3276	-72.76732	US	1
Ballville	Ohio	41.32783	-83.13214	US	1
Noank	Connecticut	41.32788	-71.99063	US	1
Cortland	Ohio	41.33033	-80.72536	US	1
Monroe	New York	41.33065	-74.18681	US	1
Winterset	Iowa	41.33082	-94.01384	US	1
Marseilles	Illinois	41.33087	-88.70813	US	1
Lake Dalecarlia	Indiana	41.33087	-87.39476	US	1
Fort Montgomery	New York	41.33148	-73.98681	US	1
Central Valley	New York	41.33176	-74.12098	US	1
Florida	New York	41.33176	-74.35682	US	1
Shenorock	New York	41.33176	-73.73819	US	1
Peotone	Illinois	41.33226	-87.78532	US	1
Wolf Creek	Utah	41.33327	-111.82716	US	1
Sigourney	Iowa	41.33334	-92.20463	US	1
La Salle	Illinois	41.33337	-89.09175	US	1
Liberty	Utah	41.33355	-111.86355	US	1
Back Mountain	Pennsylvania	41.33591	-75.99631	US	1
Dallas	Pennsylvania	41.33619	-75.96325	US	1
Moscow	Pennsylvania	41.33675	-75.51852	US	1
Stoneboro	Pennsylvania	41.33922	-80.10506	US	1
Heritage Hills	New York	41.33954	-73.69735	US	1
Avoca	Pennsylvania	41.3398	-75.7363	US	1
Beecher	Illinois	41.34059	-87.62143	US	1
Waterford	Connecticut	41.3417	-72.13597	US	1
Kiryas Joel	New York	41.34204	-74.16792	US	1
Plymouth	Indiana	41.34366	-86.30973	US	1
Duryea	Pennsylvania	41.34397	-75.73853	US	1
Weston	Ohio	41.34477	-83.79716	US	1
Elkhorn	Nebraska	41.345	-96.256	US	1
Stony Prairie	Ohio	41.345	-83.141	US	1
Central Waterford	Connecticut	41.34504	-72.12948	US	1
Northfield	Ohio	41.34505	-81.52845	US	1
Reynolds Heights	Pennsylvania	41.34506	-80.39423	US	1
Poquonock Bridge	Connecticut	41.3451	-72.0248	US	1
Ottawa	Illinois	41.34559	-88.84258	US	1
Reminderville	Ohio	41.34589	-81.39511	US	1
Ansonia	Connecticut	41.34621	-73.079	US	1
Highland Mills	New York	41.34704	-74.12626	US	1
Garrett	Indiana	41.34949	-85.13553	US	1
Groton	Connecticut	41.3501	-72.07841	US	1
Fremont	Ohio	41.35033	-83.12186	US	1
Woodbridge	Connecticut	41.3526	-73.00844	US	1
Moosic	Pennsylvania	41.35341	-75.73825	US	1
Long Hill	Connecticut	41.35399	-72.0523	US	1
Mystic	Connecticut	41.35427	-71.96646	US	1
Orion	Illinois	41.35476	-90.38152	US	1
Essex Village	Connecticut	41.35544	-72.39101	US	1
New London	Connecticut	41.35565	-72.09952	US	1
South Amherst	Ohio	41.35588	-82.25377	US	1
Morris	Illinois	41.35725	-88.42118	US	1
Indianola	Iowa	41.35805	-93.55744	US	1
Killingworth	Connecticut	41.35815	-72.5637	US	1
Middleburg Heights	Ohio	41.36144	-81.81291	US	1
Chester	New York	41.36259	-74.27126	US	1
South Willard	Utah	41.36327	-112.03578	US	1
Fullerton	Nebraska	41.36335	-97.96923	US	1
Bennington	Nebraska	41.36472	-96.1578	US	1
Cedar Lake	Indiana	41.36476	-87.44115	US	1
Walton Hills	Ohio	41.36561	-81.56123	US	1
Avilla	Indiana	41.36588	-85.23886	US	1
Berea	Ohio	41.36616	-81.8543	US	1
Auburn	Indiana	41.36699	-85.05886	US	1
Peach Lake	New York	41.36759	-73.5779	US	1
Princeton	Illinois	41.36809	-89.46481	US	1
Elyria	Ohio	41.36838	-82.10765	US	1
Independence	Ohio	41.36866	-81.6379	US	1
Highland Falls	New York	41.36926	-73.96625	US	1
Old Forge	Pennsylvania	41.37119	-75.73491	US	1
Bethel	Connecticut	41.37121	-73.41401	US	1
Mahopac	New York	41.37232	-73.73346	US	1
South Blooming Grove	New York	41.37337	-74.17843	US	1
Bowling Green	Ohio	41.37477	-83.65132	US	1
Olmsted Falls	Ohio	41.37505	-81.90819	US	1
Port Jervis	New York	41.37509	-74.69266	US	1
Pawcatuck	Connecticut	41.37732	-71.83368	US	1
Westerly	Rhode Island	41.3776	-71.82729	US	1
Seneca	Pennsylvania	41.37867	-79.70394	US	1
West Tisbury	Massachusetts	41.38122	-70.67447	US	1
Deep River Center	Connecticut	41.38221	-72.43862	US	1
Ladd	Illinois	41.38253	-89.21897	US	1
Charlestown	Rhode Island	41.38316	-71.64173	US	1
Harveys Lake	Pennsylvania	41.38341	-76.02465	US	1
Gibsonburg	Ohio	41.3845	-83.32048	US	1
Conning Towers-Nautilus Park	Connecticut	41.38548	-72.06877	US	1
Pleasantville	Iowa	41.38583	-93.26937	US	1
Bainbridge	Ohio	41.38644	-81.33955	US	1
Valley View	Ohio	41.38783	-81.60457	US	1
Mountain Lodge Park	New York	41.38843	-74.14181	US	1
Edgartown	Massachusetts	41.38901	-70.51336	US	1
North Ridgeville	Ohio	41.38949	-82.01903	US	1
Solon	Ohio	41.38978	-81.44123	US	1
Parma Heights	Ohio	41.39005	-81.75958	US	1
North Haven	Connecticut	41.39093	-72.85954	US	1
West Point	New York	41.39148	-73.95597	US	1
Old Mystic	Connecticut	41.39149	-71.96174	US	1
Napoleon	Ohio	41.39227	-84.12522	US	1
Bedford	Ohio	41.39311	-81.53651	US	1
Taylor	Pennsylvania	41.3948	-75.70658	US	1
Danbury	Connecticut	41.39482	-73.45401	US	1
Huron	Ohio	41.39505	-82.55517	US	1
Seven Hills	Ohio	41.39533	-81.67624	US	1
Albion	Indiana	41.3956	-85.42442	US	1
Hamden	Connecticut	41.39593	-72.89677	US	1
Seymour	Connecticut	41.39676	-73.07594	US	1
Brewster	New York	41.39732	-73.61707	US	1
Amherst	Ohio	41.39782	-82.22238	US	1
Franklin	Pennsylvania	41.39784	-79.83144	US	1
Brook Park	Ohio	41.39838	-81.80458	US	1
Wallenpaupack Lake Estates	Pennsylvania	41.39898	-75.27402	US	1
Bradford	Rhode Island	41.39899	-71.73701	US	1
Sparrow Bush	New York	41.40009	-74.72322	US	1
Chester Center	Connecticut	41.40132	-72.4527	US	1
Broken Bow	Nebraska	41.40195	-99.63928	US	1
Goshen	New York	41.40204	-74.32432	US	1
Atlantic	Iowa	41.4036	-95.01388	US	1
Elwood	Illinois	41.40392	-88.11172	US	1
Greenville	Pennsylvania	41.4045	-80.39118	US	1
Parma	Ohio	41.40477	-81.72291	US	1
Oshkosh	Nebraska	41.40498	-102.34436	US	1
Winfield	Indiana	41.40531	-87.27531	US	1
Pella	Iowa	41.40805	-92.91631	US	1
Willard	Utah	41.40911	-112.03606	US	1
Scranton	Pennsylvania	41.40916	-75.6649	US	1
Milford	Indiana	41.40977	-85.84555	US	1
Woodland Heights	Pennsylvania	41.40978	-79.71172	US	1
Lakes of the Four Seasons	Indiana	41.41032	-87.21309	US	1
Pemberville	Ohio	41.41089	-83.46104	US	1
Mount Cobb	Pennsylvania	41.41342	-75.49324	US	1
Newtown	Connecticut	41.41398	-73.30345	US	1
Carmel Hamlet	New York	41.41485	-73.68524	US	1
Maple Heights	Ohio	41.41533	-81.56596	US	1
North Olmsted	Ohio	41.4156	-81.92347	US	1
Crown Point	Indiana	41.41698	-87.36531	US	1
Bedford Heights	Ohio	41.417	-81.52734	US	1
Garfield Heights	Ohio	41.417	-81.60596	US	1
Koontz Lake	Indiana	41.4181	-86.48585	US	1
Dunmore	Pennsylvania	41.4198	-75.63241	US	1
Monee	Illinois	41.42003	-87.74171	US	1
Cold Spring	New York	41.42009	-73.95458	US	1
Ridgway	Pennsylvania	41.42034	-78.72864	US	1
Sheffield	Ohio	41.42115	-82.09626	US	1
Sugarcreek	Pennsylvania	41.42145	-79.88117	US	1
Vermilion	Ohio	41.42199	-82.36461	US	1
Manhattan	Illinois	41.42253	-87.98589	US	1
Weed	California	41.42265	-122.38613	US	1
Ashaway	Rhode Island	41.42343	-71.78562	US	1
Laporte	Pennsylvania	41.42397	-76.49411	US	1
Brewster Hill	New York	41.42398	-73.60429	US	1
Muscatine	Iowa	41.42447	-91.04321	US	1
Brooklyn Heights	Ohio	41.42533	-81.68818	US	1
The Hideout	Pennsylvania	41.42736	-75.35255	US	1
Syracuse	Indiana	41.42783	-85.75249	US	1
Saint Marys	Pennsylvania	41.42784	-78.56086	US	1
Washingtonville	New York	41.42787	-74.16598	US	1
Vermilion-on-the-Lake	Ohio	41.42838	-82.32377	US	1
Coal Valley	Illinois	41.42865	-90.46096	US	1
Channahon	Illinois	41.42948	-88.22867	US	1
Columbus	Nebraska	41.42973	-97.36838	US	1
Butler	Indiana	41.42977	-84.87135	US	1
Gales Ferry	Connecticut	41.42982	-72.08202	US	1
Carmel	New York	41.43009	-73.68013	US	1
Wanatah	Indiana	41.4306	-86.89836	US	1
South Russell	Ohio	41.43144	-81.36539	US	1
Narragansett Pier	Rhode Island	41.43232	-71.45644	US	1
Fremont	Nebraska	41.43333	-96.49808	US	1
Oil City	Pennsylvania	41.43395	-79.70644	US	1
Oxford	Connecticut	41.43399	-73.11678	US	1
Uncasville	Connecticut	41.43454	-72.1098	US	1
North Randall	Ohio	41.43478	-81.52568	US	1
Warrensville Heights	Ohio	41.43505	-81.53623	US	1
Chagrin Falls	Ohio	41.43616	-81.3865	US	1
Aberdeen	Indiana	41.43893	-87.11142	US	1
Andalusia	Illinois	41.4392	-90.71764	US	1
Firthcliffe	New York	41.43926	-74.04514	US	1
Brooklyn	Ohio	41.43977	-81.73541	US	1
Ledyard	Connecticut	41.43982	-72.01424	US	1
Kendallville	Indiana	41.44144	-85.26498	US	1
Fairview Park	Ohio	41.44144	-81.8643	US	1
Beaverdam Lake-Salisbury Mills	New York	41.44162	-74.11629	US	1
Nappanee	Indiana	41.44283	-86.00139	US	1
Mechanicstown	New York	41.44287	-74.38849	US	1
University Park	Illinois	41.44298	-87.6836	US	0
Liberty Center	Ohio	41.44338	-84.00883	US	1
Oxoboxo River	Connecticut	41.44391	-72.12502	US	1
Crete	Illinois	41.44448	-87.63143	US	1
Cornwall	New York	41.44482	-74.0157	US	1
Middletown	New York	41.44593	-74.42293	US	1
Wakefield-Peacedale	Rhode Island	41.44606	-71.5004	US	1
Bremen	Indiana	41.44644	-86.14806	US	1
South Kingstown	Rhode Island	41.44718	-71.52494	US	1
Schuyler	Nebraska	41.44723	-97.05948	US	1
Beaver Dam Lake	New York	41.44743	-74.11463	US	1
Moreland Hills	Ohio	41.44783	-81.42762	US	1
Geneseo	Illinois	41.44809	-90.15428	US	1
Edgerton	Ohio	41.44866	-84.74801	US	1
Sandusky	Ohio	41.44894	-82.70796	US	1
Hasson Heights	Pennsylvania	41.44895	-79.677	US	1
Orange	Ohio	41.44978	-81.48067	US	1
Wallingford Center	Connecticut	41.44987	-72.81892	US	1
Saint John	Indiana	41.45004	-87.47004	US	1
Newburgh Heights	Ohio	41.45005	-81.66346	US	1
Narragansett	Rhode Island	41.4501	-71.4495	US	1
Luckey	Ohio	41.45061	-83.48743	US	1
Woodville	Ohio	41.45144	-83.36576	US	1
Throop	Pennsylvania	41.45147	-75.61185	US	1
Avon	Ohio	41.45171	-82.03542	US	1
Arlington	Nebraska	41.4525	-96.35113	US	1
Lorain	Ohio	41.45282	-82.18237	US	1
Milan	Illinois	41.45309	-90.57208	US	1
East Haddam	Connecticut	41.45315	-72.4612	US	1
Vineyard Haven	Massachusetts	41.45398	-70.6012	US	1
Vails Gate	New York	41.45426	-74.05764	US	1
Oak Bluffs	Massachusetts	41.45428	-70.56197	US	1
Saratoga	Wyoming	41.45496	-106.80643	US	1
Minooka	Illinois	41.45531	-88.26173	US	1
Westlake	Ohio	41.45532	-81.91792	US	1
Buffalo	Iowa	41.45642	-90.72347	US	1
Wallingford	Connecticut	41.45704	-72.82316	US	1
Avon Center	Ohio	41.45976	-82.01959	US	1
Hopkinton	Rhode Island	41.46121	-71.77757	US	1
Lake Carmel	New York	41.46148	-73.67096	US	1
North Bend	Nebraska	41.46195	-96.77975	US	1
Middlefield	Ohio	41.462	-81.07371	US	1
Putnam Lake	New York	41.46204	-73.54624	US	1
Shorewood Forest	Indiana	41.46315	-87.14472	US	1
Clark-Fulton	Ohio	41.46402	-81.70979	US	1
Wellman	Iowa	41.46418	-91.83823	US	1
Beachwood	Ohio	41.4645	-81.50873	US	1
Haskins	Ohio	41.46477	-83.70605	US	1
Perry	Utah	41.46494	-112.03245	US	1
Ligonier	Indiana	41.46588	-85.58748	US	1
New Fairfield	Connecticut	41.46648	-73.48568	US	1
Walkerton	Indiana	41.46671	-86.48307	US	1
Olyphant	Pennsylvania	41.46841	-75.60297	US	1
Jessup	Pennsylvania	41.46869	-75.56213	US	1
Marienville	Pennsylvania	41.46895	-79.1231	US	1
New Sharon	Iowa	41.47	-92.6513	US	1
Steger	Illinois	41.47003	-87.63643	US	1
Burton	Ohio	41.47061	-81.1451	US	1
Dickson City	Pennsylvania	41.47147	-75.60769	US	1
Green Rock	Illinois	41.47309	-90.35763	US	1
Valparaiso	Indiana	41.47309	-87.06114	US	1
Otisville	New York	41.47343	-74.53849	US	1
Shaker Heights	Ohio	41.47394	-81.53707	US	1
Bryan	Ohio	41.47477	-84.55245	US	1
Chinchilla	Pennsylvania	41.47508	-75.67713	US	1
Norwalk	Iowa	41.47555	-93.67883	US	1
Rocky River	Ohio	41.4756	-81.8393	US	1
Hawley	Pennsylvania	41.47592	-75.18212	US	1
Elmore	Ohio	41.47616	-83.29576	US	1
Avoca	Iowa	41.47666	-95.33805	US	1
New Windsor	New York	41.47676	-74.02375	US	1
Barryville	New York	41.47759	-74.911	US	1
Detroit-Shoreway	Ohio	41.47772	-81.72991	US	1
Pepper Pike	Ohio	41.47839	-81.46373	US	1
Schererville	Indiana	41.47892	-87.45476	US	1
Montville Center	Connecticut	41.47899	-72.15119	US	1
Riverside	Iowa	41.47974	-91.58128	US	1
Stapleton	Nebraska	41.48028	-100.51292	US	1
Kingston	Rhode Island	41.48038	-71.52256	US	1
Kingsford Heights	Indiana	41.4806	-86.69169	US	1
South Chicago Heights	Illinois	41.48087	-87.63782	US	1
Blakely	Pennsylvania	41.48091	-75.59463	US	1
Southbury	Connecticut	41.48148	-73.21317	US	1
Scotchtown	New York	41.48148	-74.36015	US	1
Durham	Connecticut	41.48176	-72.68121	US	1
Lakewood	Ohio	41.48199	-81.79819	US	1
Merrillville	Indiana	41.48281	-87.33281	US	1
Kalona	Iowa	41.48307	-91.706	US	1
Colona	Illinois	41.48392	-90.35318	US	1
Maybrook	New York	41.48398	-74.21765	US	1
Richton Park	Illinois	41.48448	-87.70338	US	1
Bay Village	Ohio	41.48477	-81.92208	US	1
Heritage Village	Connecticut	41.48565	-73.23789	US	1
Naugatuck	Connecticut	41.48593	-73.05066	US	1
Alturas	California	41.48714	-120.54349	US	1
Sheffield Lake	Ohio	41.48754	-82.10154	US	1
Lone Tree	Iowa	41.48808	-91.42599	US	1
Sauk Village	Illinois	41.48837	-87.56754	US	1
Clarks Summit	Pennsylvania	41.48869	-75.70852	US	1
Newport	Rhode Island	41.4901	-71.31283	US	1
Salem	Connecticut	41.49038	-72.27536	US	1
Johnsonburg	Pennsylvania	41.49062	-78.67503	US	1
Park Forest	Illinois	41.49142	-87.67449	US	1
Preston Heights	Illinois	41.4917	-88.08172	US	1
Earlham	Iowa	41.49193	-94.12412	US	1
Clarks Green	Pennsylvania	41.49286	-75.69964	US	1
Dyer	Indiana	41.4942	-87.52171	US	1
Carbon Cliff	Illinois	41.49476	-90.39068	US	1
Archbald	Pennsylvania	41.4948	-75.53685	US	1
Tionesta	Pennsylvania	41.49534	-79.45588	US	1
Frankfort	Illinois	41.49587	-87.84866	US	1
Rome City	Indiana	41.49616	-85.37665	US	1
Higganum	Connecticut	41.49704	-72.55703	US	1
Jamestown	Rhode Island	41.49705	-71.36728	US	1
University Heights	Ohio	41.49783	-81.53735	US	1
Cheshire	Connecticut	41.49899	-72.90066	US	1
Cleveland	Ohio	41.4995	-81.69541	US	1
New Paris	Indiana	41.50033	-85.82805	US	1
Carlisle	Iowa	41.50082	-93.49105	US	1
East Moline	Illinois	41.50087	-90.4443	US	1
Waterville	Ohio	41.50089	-83.71827	US	1
Prospect	Connecticut	41.50232	-72.97872	US	1
Cheshire Village	Connecticut	41.5026	-72.89952	US	1
Moodus	Connecticut	41.50288	-72.45009	US	1
Stuart	Iowa	41.50332	-94.31857	US	1
Newburgh	New York	41.50343	-74.01042	US	1
Stryker	Ohio	41.50366	-84.41412	US	1
Matteson	Illinois	41.50392	-87.7131	US	1
Beacon	New York	41.50482	-73.96958	US	1
Avon Lake	Ohio	41.50532	-82.0282	US	1
Rockdale	Illinois	41.50614	-88.1145	US	1
Chicago Heights	Illinois	41.50615	-87.6356	US	1
Ford Heights	Illinois	41.50642	-87.59171	US	1
Moline	Illinois	41.5067	-90.51513	US	1
Oak Harbor	Ohio	41.50672	-83.14659	US	1
Hope Valley	Rhode Island	41.5076	-71.71618	US	1
Blue Grass	Iowa	41.50892	-90.76598	US	1
Rock Island	Illinois	41.50948	-90.57875	US	1
Brigham City	Utah	41.51021	-112.0155	US	1
Emporium	Pennsylvania	41.51145	-78.23529	US	1
New Lenox	Illinois	41.51198	-87.96561	US	1
Hough	Ohio	41.512	-81.63652	US	1
Port Clinton	Ohio	41.512	-82.93769	US	1
Silvis	Illinois	41.51226	-90.41513	US	1
Olympia Fields	Illinois	41.51337	-87.67421	US	1
North English	Iowa	41.5139	-92.07629	US	1
Newport East	Rhode Island	41.51579	-71.28752	US	1
Gates Mills	Ohio	41.51755	-81.40345	US	1
Genoa	Ohio	41.51811	-83.35909	US	1
Frankfort Square	Illinois	41.51892	-87.8031	US	1
Whitehouse	Ohio	41.51894	-83.80383	US	1
Mayfield Heights	Ohio	41.51922	-81.4579	US	1
Shorewood	Illinois	41.52003	-88.20173	US	1
Cleveland Heights	Ohio	41.52005	-81.55624	US	1
Lyndhurst	Ohio	41.52005	-81.48873	US	1
Cochranton	Pennsylvania	41.52005	-80.04839	US	1
Archbold	Ohio	41.52144	-84.30717	US	1
Monroe	Iowa	41.52221	-93.10187	US	1
Chesterland	Ohio	41.52227	-81.33789	US	1
Ingalls Park	Illinois	41.52253	-88.04283	US	1
South Euclid	Ohio	41.52311	-81.51846	US	1
Davenport	Iowa	41.52364	-90.57764	US	1
Norwich	Connecticut	41.52426	-72.07591	US	1
Bettendorf	Iowa	41.52448	-90.51569	US	1
Joliet	Illinois	41.52519	-88.0834	US	1
Wolcottville	Indiana	41.52588	-85.36665	US	1
Mokena	Illinois	41.52614	-87.88922	US	1
Lynwood	Illinois	41.52642	-87.53865	US	1
Montgomery	New York	41.52759	-74.23682	US	1
Middlebury	Connecticut	41.52787	-73.12761	US	1
Griffith	Indiana	41.52837	-87.42365	US	1
Green River	Wyoming	41.52858	-109.46625	US	1
Preston City	Connecticut	41.52899	-71.97396	US	1
Sheridan	Illinois	41.53003	-88.6798	US	1
Jermyn	Pennsylvania	41.53091	-75.54546	US	1
De Soto	Iowa	41.53166	-94.00967	US	1
Van Meter	Iowa	41.53193	-93.95412	US	1
Hobart	Indiana	41.53226	-87.25504	US	1
East Cleveland	Ohio	41.53311	-81.57901	US	1
Glenville	Ohio	41.53338	-81.61735	US	1
Hamilton	Indiana	41.53366	-84.91274	US	1
North Liberty	Indiana	41.53421	-86.42723	US	1
Dalton	Pennsylvania	41.53424	-75.73603	US	1
Balmville	New York	41.53482	-74.01486	US	1
Orwell	Ohio	41.53506	-80.86814	US	1
Gardnertown	New York	41.53509	-74.07014	US	1
Fishkill	New York	41.53565	-73.89903	US	1
Wakarusa	Indiana	41.53616	-86.02083	US	1
Newark	Illinois	41.53697	-88.58341	US	1
Mayfield	Pennsylvania	41.53814	-75.53602	US	1
Meriden	Connecticut	41.53815	-72.80704	US	1
Merritt Park	New York	41.53848	-73.87238	US	1
Tunkhannock	Pennsylvania	41.53869	-75.94659	US	1
Topeka	Indiana	41.53922	-85.53971	US	1
Orange Lake	New York	41.53982	-74.0982	US	1
Westville	Indiana	41.54143	-86.90058	US	1
South Haven	Indiana	41.54198	-87.13726	US	1
Glenwood	Illinois	41.54253	-87.60227	US	1
Bratenahl	Ohio	41.54255	-81.62624	US	1
Flossmoor	Illinois	41.54281	-87.68477	US	1
Brinckerhoff	New York	41.54398	-73.86819	US	1
Blair	Nebraska	41.54444	-96.12502	US	1
Woodbury Center	Connecticut	41.54453	-73.20476	US	1
Woodbury	Connecticut	41.54454	-73.209	US	1
Middletown	Rhode Island	41.54566	-71.29144	US	1
Mendota	Illinois	41.54725	-89.11759	US	1
Greeley	Nebraska	41.54862	-98.53118	US	1
Wauseon	Ohio	41.54922	-84.14161	US	1
North Kingstown	Rhode Island	41.5501	-71.46617	US	1
Falmouth	Massachusetts	41.5515	-70.61475	US	1
Highland Heights	Ohio	41.552	-81.47845	US	1
Tryon	Nebraska	41.55277	-100.95765	US	1
Richmond Heights	Ohio	41.55283	-81.51012	US	1
Crest Hill	Illinois	41.55475	-88.09867	US	1
Hampton	Illinois	41.55587	-90.4093	US	1
Fairmont	Illinois	41.55614	-88.05923	US	1
Harrisburg	Nebraska	41.55636	-103.73856	US	1
Missouri Valley	Iowa	41.55638	-95.88779	US	1
Walnut	Illinois	41.5567	-89.59343	US	1
Perrysburg	Ohio	41.557	-83.62716	US	1
Homewood	Illinois	41.55726	-87.6656	US	1
Waterbury	Connecticut	41.55815	-73.0515	US	1
New Chicago	Indiana	41.55837	-87.27448	US	1
Collinwood	Ohio	41.55838	-81.56929	US	1
Walden	New York	41.5612	-74.18848	US	1
Pawling	New York	41.56204	-73.60263	US	1
Middletown	Connecticut	41.56232	-72.65065	US	1
Maumee	Ohio	41.56283	-83.65382	US	1
Munster	Indiana	41.56448	-87.51254	US	1
Teaticket	Massachusetts	41.56455	-70.59586	US	1
Lansing	Illinois	41.56476	-87.53893	US	1
Millbury	Ohio	41.56616	-83.42465	US	1
Fish Lake	Indiana	41.56671	-86.55196	US	1
Country Club Hills	Illinois	41.56809	-87.72033	US	1
Thornton	Illinois	41.56809	-87.6081	US	1
West Liberty	Iowa	41.57002	-91.26377	US	1
Crystal Lawns	Illinois	41.57031	-88.15812	US	1
Arthur	Nebraska	41.57165	-101.69156	US	1
Hazel Crest	Illinois	41.5717	-87.69449	US	1
Portland	Connecticut	41.57288	-72.64065	US	1
Tinley Park	Illinois	41.57337	-87.78449	US	1
East Hazel Crest	Illinois	41.57365	-87.64643	US	1
Delta	Ohio	41.57366	-84.00522	US	1
Carbondale	Pennsylvania	41.57369	-75.50185	US	1
Lake Station	Indiana	41.57504	-87.23892	US	1
Colchester	Connecticut	41.57565	-72.33203	US	1
Portage	Indiana	41.57587	-87.17615	US	1
East Hampton	Connecticut	41.57593	-72.50259	US	1
Wurtsboro	New York	41.57676	-74.4871	US	1
Honesdale	Pennsylvania	41.57676	-75.25879	US	1
New Milford	Connecticut	41.57704	-73.40845	US	1
West Des Moines	Iowa	41.57721	-93.71133	US	1
Exeter	Rhode Island	41.5776	-71.53756	US	1
East Falmouth	Massachusetts	41.57844	-70.55864	US	1
Sherman	Connecticut	41.57926	-73.49568	US	1
Waymart	Pennsylvania	41.58036	-75.40824	US	1
Goshen	Indiana	41.58227	-85.83444	US	1
Hammond	Indiana	41.58337	-87.50004	US	1
Pleasant Hill	Iowa	41.58388	-93.51994	US	1
Montpelier	Ohio	41.5845	-84.60551	US	1
Walcott	Iowa	41.58475	-90.77209	US	1
Orland Hills	Illinois	41.58531	-87.84311	US	1
Pymatuning Central	Pennsylvania	41.58546	-80.4796	US	1
Montezuma	Iowa	41.58583	-92.52741	US	1
West Unity	Ohio	41.58616	-84.43495	US	1
Melville	Rhode Island	41.58705	-71.28338	US	1
Rock Springs	Wyoming	41.58746	-109.2029	US	1
Walbridge	Ohio	41.58783	-83.49327	US	1
Swanton	Ohio	41.58866	-83.89105	US	1
Wilton	Iowa	41.58892	-91.01682	US	1
Earlville	Illinois	41.58948	-88.92203	US	1
Lockport	Illinois	41.58948	-88.05784	US	1
Simpson	Pennsylvania	41.59175	-75.48518	US	1
Euclid	Ohio	41.5931	-81.52679	US	1
Gary	Indiana	41.59337	-87.34643	US	1
Oakville	Connecticut	41.59343	-73.08539	US	1
Markham	Illinois	41.59365	-87.69477	US	1
Cromwell	Connecticut	41.5951	-72.64537	US	1
Wappingers Falls	New York	41.59648	-73.91097	US	1
Southington	Connecticut	41.59649	-72.8776	US	1
Windsor Heights	Iowa	41.59777	-93.70828	US	1
Willoughby Hills	Ohio	41.59838	-81.41845	US	1
Lake Pocotopaug	Connecticut	41.59843	-72.51037	US	1
Le Claire	Iowa	41.59864	-90.34346	US	1
Otis	Indiana	41.59921	-86.90586	US	1
Prairie City	Iowa	41.59943	-93.23521	US	1
Durant	Iowa	41.59975	-90.9107	US	1
Homer Glen	Illinois	41.60003	-87.93811	US	1
Des Moines	Iowa	41.60054	-93.60911	US	1
South Holland	Illinois	41.60087	-87.60699	US	1
Wolcott	Connecticut	41.60232	-72.98677	US	1
Portsmouth	Rhode Island	41.60232	-71.25033	US	1
Oak Forest	Illinois	41.60281	-87.74394	US	1
Clive	Iowa	41.60304	-93.72411	US	1
Ord	Nebraska	41.60334	-98.9262	US	1
Lisbon	Connecticut	41.60399	-72.01174	US	1
West Falmouth	Massachusetts	41.60427	-70.63447	US	1
Wickliffe	Ohio	41.60533	-81.45345	US	1
Marlboro	New York	41.60565	-73.97153	US	1
Wallkill	New York	41.60565	-74.18404	US	1
Myers Corner	New York	41.6062	-73.87291	US	1
Watertown	Connecticut	41.60621	-73.11817	US	1
Port Byron	Illinois	41.60642	-90.33541	US	1
Andover	Ohio	41.60672	-80.5723	US	1
Jewett City	Connecticut	41.60677	-71.98091	US	1
La Porte	Indiana	41.60774	-86.71389	US	1
Pine Bush	New York	41.60815	-74.29904	US	1
Rossford	Ohio	41.60977	-83.56438	US	1
Harvey	Illinois	41.61003	-87.64671	US	1
Chesterton	Indiana	41.61059	-87.0642	US	1
Phoenix	Illinois	41.61115	-87.63477	US	1
Waukee	Iowa	41.61166	-93.88523	US	1
Bliss Corner	Massachusetts	41.61177	-70.93837	US	1
Lake Holiday	Illinois	41.61292	-88.67209	US	1
Gulivoire Park	Indiana	41.61338	-86.24528	US	1
Chardon	Ohio	41.61422	-81.14899	US	1
Adel	Iowa	41.61443	-94.01745	US	1
Hillside Lake	New York	41.61482	-73.79819	US	1
Calumet City	Illinois	41.61559	-87.52949	US	1
Porter	Indiana	41.61559	-87.0742	US	1
Cotuit	Massachusetts	41.61678	-70.43697	US	1
Baltic	Connecticut	41.61704	-72.08452	US	1
Plattekill	New York	41.61759	-74.07598	US	1
Curtice	Ohio	41.61838	-83.36771	US	1
Head of Westport	Massachusetts	41.62094	-71.06199	US	1
Holland	Ohio	41.62172	-83.7116	US	1
Ogden Dunes	Indiana	41.62281	-87.1917	US	1
Midlothian	Illinois	41.62531	-87.71755	US	1
Burns Harbor	Indiana	41.62587	-87.13337	US	1
Rock Hill	New York	41.62593	-74.59766	US	1
Tiverton	Rhode Island	41.62594	-71.21338	US	1
Urbandale	Iowa	41.62666	-93.71217	US	1
Plainfield	Illinois	41.62697	-88.20395	US	1
Titusville	Pennsylvania	41.627	-79.67366	US	1
Conneaut Lakeshore	Pennsylvania	41.62711	-80.31008	US	1
Osterville	Massachusetts	41.62844	-70.38697	US	1
Kirtland	Ohio	41.62894	-81.3615	US	1
Goodings Grove	Illinois	41.6292	-87.93089	US	1
Orland Park	Illinois	41.63031	-87.85394	US	1
Washington	Connecticut	41.63148	-73.31067	US	1
Dixmoor	Illinois	41.6317	-87.66088	US	1
Posen	Illinois	41.6317	-87.68144	US	1
Willowick	Ohio	41.6331	-81.46873	US	1
Riverdale	Illinois	41.63337	-87.6331	US	1
Somonauk	Illinois	41.63364	-88.68119	US	1
Hyrum	Utah	41.6341	-111.85217	US	1
Angola	Indiana	41.63477	-84.99941	US	1
Terramuggus	Connecticut	41.6351	-72.47036	US	1
New Bedford	Massachusetts	41.63526	-70.92701	US	1
Kensington	Connecticut	41.63538	-72.76871	US	1
West Greenwich	Rhode Island	41.637	-71.66004	US	1
Fairhaven	Massachusetts	41.6376	-70.90365	US	1
Watchtower	New York	41.63776	-74.26027	US	1
Dunlap	Indiana	41.63783	-85.92166	US	1
Wellsville	Utah	41.63854	-111.93383	US	1
Honeyville	Utah	41.63854	-112.07939	US	1
Burnham	Illinois	41.63892	-87.55671	US	1
Dolton	Illinois	41.63892	-87.60727	US	1
Smith Mills	Massachusetts	41.63899	-70.99115	US	1
East Chicago	Indiana	41.6392	-87.45476	US	1
Willoughby	Ohio	41.63977	-81.4065	US	1
Bethlehem Village	Connecticut	41.6401	-73.20308	US	1
Yorkville	Illinois	41.64114	-88.44729	US	1
Meadville	Pennsylvania	41.64144	-80.15145	US	1
Lagrange	Indiana	41.64172	-85.41665	US	1
Crown Heights	New York	41.642	-73.929	US	1
Logan	Iowa	41.64305	-95.7889	US	1
Roaming Shores	Ohio	41.64311	-80.82342	US	1
North Rock Springs	Wyoming	41.64358	-109.26568	US	1
Oregon	Ohio	41.64366	-83.48688	US	1
Robbins	Illinois	41.64392	-87.70366	US	1
Altoona	Iowa	41.64416	-93.46466	US	1
Crestwood	Illinois	41.64463	-87.74154	US	1
Sandwich	Illinois	41.64586	-88.62174	US	1
North Falmouth	Massachusetts	41.64594	-70.61836	US	1
Romeoville	Illinois	41.64753	-88.08951	US	1
Mashpee	Massachusetts	41.64844	-70.48114	US	1
Centerville	Massachusetts	41.64872	-70.34808	US	1
West Yarmouth	Massachusetts	41.65011	-70.24113	US	1
Forest City	Pennsylvania	41.65147	-75.46657	US	1
Hyannis	Massachusetts	41.65289	-70.2828	US	1
Harlan	Iowa	41.65304	-95.32555	US	1
Eastlake	Ohio	41.65394	-81.45039	US	1
University Heights	Iowa	41.65502	-91.55684	US	1
Monticello	New York	41.65565	-74.68933	US	1
Red Oaks Mill	New York	41.65565	-73.87486	US	1
Spackenkill	New York	41.65593	-73.91347	US	1
Marstons Mills	Massachusetts	41.65622	-70.41614	US	1
Erie	Illinois	41.65642	-90.07929	US	1
Canton	Pennsylvania	41.65646	-76.85329	US	1
Blue Island	Illinois	41.65726	-87.68005	US	1
Hebron	Connecticut	41.65788	-72.36592	US	1
Eldridge	Iowa	41.65809	-90.58458	US	1
Mattapoisett	Massachusetts	41.65844	-70.81615	US	1
Dennis Port	Massachusetts	41.65845	-70.12863	US	1
North Westport	Massachusetts	41.66038	-71.08838	US	1
East Greenwich	Rhode Island	41.66038	-71.45589	US	1
Williamsburg	Iowa	41.66112	-92.00907	US	1
Iowa City	Iowa	41.66113	-91.53017	US	1
New Britain	Connecticut	41.66121	-72.77954	US	1
Mishawaka	Indiana	41.66199	-86.15862	US	1
Calumet Park	Illinois	41.66281	-87.6606	US	1
Plano	Illinois	41.66281	-88.53702	US	1
Kane	Pennsylvania	41.66284	-78.81114	US	1
Toledo	Ohio	41.66394	-83.55521	US	1
Ottawa Hills	Ohio	41.66422	-83.64327	US	1
West Dennis	Massachusetts	41.66456	-70.1728	US	1
Osceola	Indiana	41.66505	-86.07584	US	1
Bridgeport	Nebraska	41.66525	-103.0991	US	1
Randolph	Utah	41.66578	-111.18214	US	1
Mattapoisett Center	Massachusetts	41.66595	-70.8072	US	1
Mentor	Ohio	41.66616	-81.33955	US	1
Harwich Port	Massachusetts	41.66678	-70.07863	US	1
South Yarmouth	Massachusetts	41.66678	-70.18474	US	1
Palos Park	Illinois	41.66725	-87.83033	US	1
Palos Heights	Illinois	41.66809	-87.79644	US	1
Mitchellville	Iowa	41.6686	-93.35771	US	1
Alsip	Illinois	41.66892	-87.73866	US	1
West Branch	Iowa	41.67141	-91.34655	US	1
Prophetstown	Illinois	41.67142	-89.93622	US	1
Bristol	Connecticut	41.67176	-72.94927	US	1
Plymouth	Connecticut	41.67204	-73.05289	US	1
Johnston	Iowa	41.67304	-93.69772	US	1
Fayette	Ohio	41.67338	-84.32689	US	1
Lemont	Illinois	41.67364	-88.00173	US	1
Thomaston	Connecticut	41.67399	-73.07316	US	1
Nibley	Utah	41.67438	-111.833	US	1
Plainville	Connecticut	41.67454	-72.85816	US	1
New Preston	Connecticut	41.6751	-73.35179	US	1
Coralville	Iowa	41.6764	-91.58045	US	1
Plainfield	Connecticut	41.67649	-71.91507	US	1
Plainfield Village	Connecticut	41.67686	-71.92489	US	1
Bristol	Rhode Island	41.67705	-71.26616	US	1
Guthrie Center	Iowa	41.67721	-94.5033	US	1
Colfax	Iowa	41.67777	-93.2452	US	1
Terryville	Connecticut	41.67815	-73.01094	US	1
Saylorville	Iowa	41.6786	-93.62966	US	1
Blossburg	Pennsylvania	41.67952	-77.06386	US	1
South Windham	Connecticut	41.67954	-72.17036	US	1
Whiting	Indiana	41.67976	-87.49449	US	1
Pioneer	Ohio	41.68005	-84.55301	US	1
Acushnet	Massachusetts	41.68066	-70.90782	US	1
West Chatham	Massachusetts	41.68122	-69.99113	US	1
Millville	Utah	41.6816	-111.823	US	1
Elkhart	Indiana	41.68199	-85.97667	US	1
Chatham	Massachusetts	41.68206	-69.95974	US	1
Oswego	Illinois	41.68281	-88.35146	US	1
South Bend	Indiana	41.68338	-86.25001	US	1
Merrionette Park	Illinois	41.6842	-87.70033	US	1
Dallas Center	Iowa	41.68443	-93.96106	US	1
Acushnet Center	Massachusetts	41.68508	-70.90642	US	1
Harwich	Massachusetts	41.68622	-70.07585	US	1
Pocasset	Massachusetts	41.68622	-70.61614	US	1
Grimes	Iowa	41.68832	-93.79106	US	1
South Dennis	Massachusetts	41.68956	-70.15641	US	1
Worth	Illinois	41.68975	-87.79728	US	1
Northwest Harwich	Massachusetts	41.69029	-70.1025	US	1
Morgan Park	Illinois	41.69031	-87.66672	US	0
Elwood	Utah	41.69048	-112.14106	US	1
Albion	Nebraska	41.69084	-98.00367	US	1
Panora	Iowa	41.69165	-94.36302	US	1
Forestdale	Massachusetts	41.69177	-70.49947	US	1
Harwich Center	Massachusetts	41.69235	-70.06938	US	1
Park View	Iowa	41.6942	-90.54569	US	1
Clintondale	New York	41.69482	-74.05125	US	1
Arlington	New York	41.69593	-73.8968	US	1
Palos Hills	Illinois	41.6967	-87.817	US	1
West Warwick	Rhode Island	41.69689	-71.52194	US	1
Newington	Connecticut	41.69788	-72.72371	US	1
Mount Greenwood	Illinois	41.69809	-87.70866	US	0
Trail Creek	Indiana	41.69837	-86.8592	US	1
Bolingbrook	Illinois	41.69864	-88.0684	US	1
Newton	Iowa	41.69971	-93.04798	US	1
Windham	Connecticut	41.69982	-72.15702	US	1
Marion	Massachusetts	41.7001	-70.76281	US	1
Coventry	Rhode Island	41.7001	-71.68284	US	1
Warwick	Rhode Island	41.7001	-71.41617	US	1
Barnstable	Massachusetts	41.70011	-70.29947	US	1
East Harwich	Massachusetts	41.70011	-70.02724	US	1
Notre Dame	Indiana	41.70019	-86.23793	US	1
New Carlisle	Indiana	41.70032	-86.50946	US	1
Poughkeepsie	New York	41.70037	-73.92097	US	1
Bondurant	Iowa	41.70054	-93.46216	US	1
Glastonbury Center	Connecticut	41.70093	-72.59953	US	1
Chicago Ridge	Illinois	41.70142	-87.77922	US	1
Fall River	Massachusetts	41.70149	-71.15505	US	1
Yarmouth Port	Massachusetts	41.70205	-70.24947	US	1
Sheffield	Pennsylvania	41.70395	-79.0356	US	1
Marion Center	Massachusetts	41.70424	-70.76286	US	1
Mentor-on-the-Lake	Ohio	41.70504	-81.36039	US	1
West Barnstable	Massachusetts	41.70566	-70.37447	US	1
Yarmouth	Massachusetts	41.70567	-70.22863	US	1
Tiffin	Iowa	41.70585	-91.66295	US	1
Providence	Utah	41.70632	-111.81717	US	1
Michigan City	Indiana	41.70754	-86.89503	US	1
South Fallsburg	New York	41.708	-74.632	US	1
Mendon	Utah	41.70993	-111.97773	US	1
Hudson Lake	Indiana	41.71032	-86.53419	US	1
Willimantic	Connecticut	41.71065	-72.20813	US	1
Oak Lawn	Illinois	41.71087	-87.75811	US	1
Lake Panorama	Iowa	41.71105	-94.39059	US	1
Tremonton	Utah	41.71187	-112.16551	US	1
Glastonbury	Connecticut	41.71232	-72.60815	US	1
Boulder Hill	Illinois	41.71253	-88.33618	US	1
Moosup	Connecticut	41.71288	-71.88091	US	1
Amboy	Illinois	41.7142	-89.32871	US	1
Wethersfield	Connecticut	41.71427	-72.65259	US	1
Ellenville	New York	41.71704	-74.39571	US	1
Audubon	Iowa	41.71804	-94.93249	US	1
Sylvania	Ohio	41.71894	-83.71299	US	1
Morenci	Michigan	41.71949	-84.218	US	1
Monument Beach	Massachusetts	41.71955	-70.61198	US	1
Farmington	Connecticut	41.71982	-72.83204	US	1
Evergreen Park	Illinois	41.72059	-87.70172	US	1
Highland	New York	41.72093	-73.96014	US	1
Bristol	Indiana	41.72144	-85.81749	US	1
River Heights	Utah	41.7216	-111.82133	US	1
Fairview	New York	41.7237	-73.91986	US	1
Painesville	Ohio	41.72449	-81.24566	US	1
Kent	Connecticut	41.72482	-73.47707	US	1
Hickory Hills	Illinois	41.72559	-87.82506	US	1
Montague	California	41.7282	-122.5278	US	1
Ocean Grove	Massachusetts	41.72927	-71.20921	US	1
Ankeny	Iowa	41.72971	-93.60577	US	1
Warren	Rhode Island	41.73038	-71.28255	US	1
Montgomery	Illinois	41.73058	-88.3459	US	1
Fremont	Indiana	41.73088	-84.93274	US	1
Rochester	Massachusetts	41.73177	-70.82004	US	1
Fallsburg	New York	41.73204	-74.60127	US	1
Galeton	Pennsylvania	41.73312	-77.64193	US	1
Brooklyn	Iowa	41.73361	-92.44546	US	1
Burbank	Illinois	41.73392	-87.7795	US	1
Hometown	Illinois	41.73448	-87.73144	US	1
Weweantic	Massachusetts	41.73538	-70.73198	US	1
Dennis	Massachusetts	41.73539	-70.19391	US	1
Yreka	California	41.73542	-122.63447	US	1
Logan	Utah	41.73549	-111.83439	US	1
Woodbine	Iowa	41.73832	-95.70278	US	1
Jefferson	Ohio	41.73867	-80.76981	US	1
Long Beach	Indiana	41.73893	-86.85697	US	1
South Chicago	Illinois	41.73977	-87.55425	US	1
Barrington	Rhode Island	41.74066	-71.30866	US	1
Willow Springs	Illinois	41.74087	-87.86033	US	1
Garland	Utah	41.74104	-112.16162	US	1
Dover Plains	New York	41.74121	-73.57652	US	1
Bourne	Massachusetts	41.74122	-70.59892	US	1
East Sandwich	Massachusetts	41.74177	-70.45169	US	1
Onset	Massachusetts	41.74177	-70.65781	US	1
Auburn Gresham	Illinois	41.74179	-87.65322	US	0
East Dennis	Massachusetts	41.74261	-70.16196	US	1
Grinnell	Iowa	41.74305	-92.72241	US	1
Napanoch	New York	41.74398	-74.37154	US	1
Wauregan	Connecticut	41.74427	-71.90924	US	1
Justice	Illinois	41.74448	-87.83783	US	1
Pleasant Valley	New York	41.74454	-73.82124	US	1
Buzzards Bay	Massachusetts	41.74538	-70.61809	US	1
Woodridge	Illinois	41.74697	-88.05034	US	1
Litchfield	Connecticut	41.74732	-73.18872	US	1
Ashburn	Illinois	41.74753	-87.71116	US	0
New Paltz	New York	41.74759	-74.08681	US	1
Swansea	Massachusetts	41.74816	-71.18977	US	1
Wellsboro	Pennsylvania	41.74868	-77.30053	US	1
Burr Ridge	Illinois	41.74892	-87.91839	US	1
North Liberty	Iowa	41.74918	-91.59795	US	1
Bridgeview	Illinois	41.75003	-87.80422	US	1
Fairport Harbor	Ohio	41.75004	-81.27399	US	1
Darien	Illinois	41.75198	-87.97395	US	1
Bertsch-Oceanview	California	41.7525	-124.15875	US	1
Granger	Indiana	41.75338	-86.11084	US	1
Simonton Lake	Indiana	41.75422	-85.975	US	1
Bayard	Nebraska	41.75497	-103.3241	US	1
Crescent City	California	41.75595	-124.20175	US	1
Wawarsing	New York	41.75898	-74.35738	US	1
Sandwich	Massachusetts	41.759	-70.49392	US	1
Brewster	Massachusetts	41.76011	-70.0828	US	1
Perry	Ohio	41.76033	-81.14093	US	1
Aurora	Illinois	41.76058	-88.32007	US	1
Granger	Iowa	41.7611	-93.82439	US	1
Greater Grand Crossing	Illinois	41.76113	-87.61485	US	0
Sugar Grove	Illinois	41.76142	-88.44369	US	1
South Shore	Illinois	41.76198	-87.57783	US	0
West Hartford	Connecticut	41.76204	-72.74204	US	1
Hartford	Connecticut	41.76371	-72.68509	US	1
Big Rock	Illinois	41.76392	-88.54702	US	1
Lambertville	Michigan	41.76588	-83.62799	US	1
Mansfield City	Connecticut	41.76593	-72.23369	US	1
Haviland	New York	41.76676	-73.90152	US	1
Freetown	Massachusetts	41.76677	-71.03282	US	1
Wareham Center	Massachusetts	41.76677	-70.72615	US	1
Towanda	Pennsylvania	41.76758	-76.44272	US	1
Hinckley	Illinois	41.76892	-88.64091	US	1
Hodgkins	Illinois	41.76892	-87.85783	US	1
North Logan	Utah	41.76937	-111.80467	US	1
Somerset	Massachusetts	41.76955	-71.12866	US	1
Tipton	Iowa	41.76974	-91.12793	US	1
Willowbrook	Illinois	41.76975	-87.93589	US	1
South Coventry	Connecticut	41.7701	-72.30508	US	1
Sagamore	Massachusetts	41.77011	-70.52836	US	1
Taylor	Nebraska	41.77028	-99.37872	US	1
Indian Head Park	Illinois	41.77031	-87.90228	US	1
Madison	Ohio	41.77116	-81.04982	US	1
Polk City	Iowa	41.77138	-93.713	US	1
Waterman	Illinois	41.7717	-88.77369	US	1
Coventry Lake	Connecticut	41.77232	-72.33258	US	1
West Lawn	Illinois	41.77281	-87.72227	US	0
Coudersport	Pennsylvania	41.77479	-78.02056	US	1
Kerhonkson	New York	41.77482	-74.29821	US	1
Chicago Lawn	Illinois	41.77503	-87.69644	US	0
Manchester	Connecticut	41.77593	-72.52148	US	1
Northwest Harwinton	Connecticut	41.77685	-73.07922	US	1
Parkway Garden Homes	Illinois	41.77782	-87.61703	US	1
West Englewood	Illinois	41.77809	-87.66672	US	0
Tekamah	Nebraska	41.77832	-96.22113	US	1
Temperance	Michigan	41.77921	-83.56882	US	1
Woodlawn	Illinois	41.77948	-87.59949	US	0
Rock Falls	Illinois	41.77975	-89.689	US	1
Englewood	Illinois	41.77976	-87.64588	US	0
Cranston	Rhode Island	41.77982	-71.43728	US	1
Burwell	Nebraska	41.78167	-99.13315	US	1
East Hartford	Connecticut	41.78232	-72.61203	US	1
Countryside	Illinois	41.78281	-87.87811	US	1
Prestbury	Illinois	41.78329	-88.41764	US	1
Hyde Park	New York	41.78482	-73.93319	US	1
Millbrook	New York	41.78509	-73.69402	US	1
Naperville	Illinois	41.78586	-88.14729	US	1
Troy	Pennsylvania	41.78591	-76.78801	US	1
Benson	Utah	41.78743	-111.93022	US	1
Camanche	Iowa	41.78809	-90.25624	US	1
Summit	Illinois	41.78809	-87.81033	US	1
Sterling	Illinois	41.78864	-89.69622	US	1
Orleans	Massachusetts	41.78983	-69.98974	US	1
West Wareham	Massachusetts	41.78983	-70.76031	US	1
Rawlins	Wyoming	41.79107	-107.23866	US	1
Kemmerer	Wyoming	41.79245	-110.53767	US	1
Happy Camp	California	41.79275	-123.3808	US	1
West Elsdon	Illinois	41.79392	-87.7245	US	0
New Buffalo	Michigan	41.79393	-86.74392	US	1
Hyde Park	Illinois	41.7942	-87.59394	US	1
Gage Park	Illinois	41.79503	-87.69616	US	0
Edwardsburg	Michigan	41.7956	-86.08084	US	1
Westmont	Illinois	41.79586	-87.97562	US	1
Assonet	Massachusetts	41.79594	-71.06782	US	1
East Brooklyn	Connecticut	41.79677	-71.89729	US	1
Clarendon Hills	Illinois	41.79753	-87.95478	US	1
Marengo	Iowa	41.79806	-92.07074	US	1
White Pigeon	Michigan	41.79811	-85.64332	US	1
Three Oaks	Michigan	41.79865	-86.61058	US	1
Hyde Park	Utah	41.79882	-111.81911	US	1
Sturgis	Michigan	41.79922	-85.41915	US	1
White Island Shores	Massachusetts	41.8001	-70.63475	US	1
Torrington	Connecticut	41.80065	-73.12122	US	1
Hinsdale	Illinois	41.80086	-87.93701	US	1
Lisle	Illinois	41.80114	-88.07479	US	1
Liberty	New York	41.8012	-74.74655	US	1
Danielson	Connecticut	41.8026	-71.88591	US	1
Cambridge Springs	Pennsylvania	41.80367	-80.05644	US	1
La Grange	Illinois	41.80503	-87.86923	US	1
North Aurora	Illinois	41.80614	-88.3273	US	1
Luna Pier	Michigan	41.80699	-83.44243	US	1
Solon	Iowa	41.80723	-91.49406	US	1
Mansfield	Pennsylvania	41.8073	-77.07747	US	1
New City	Illinois	41.80753	-87.65644	US	0
Storrs	Connecticut	41.80843	-72.24952	US	1
Seekonk	Massachusetts	41.80843	-71.337	US	1
Downers Grove	Illinois	41.80892	-88.01117	US	1
Kenwood	Illinois	41.8092	-87.59755	US	0
Morrison	Illinois	41.80975	-89.96512	US	1
Western Springs	Illinois	41.80975	-87.90062	US	1
Avon	Connecticut	41.80982	-72.83065	US	1
Port Allegany	Pennsylvania	41.8109	-78.27974	US	1
Smethport	Pennsylvania	41.81117	-78.44474	US	1
Blue Hills	Connecticut	41.81288	-72.69759	US	1
Collinsville	Connecticut	41.81288	-72.9201	US	1
Lyons	Illinois	41.81337	-87.81811	US	1
East Providence	Rhode Island	41.81371	-71.37005	US	1
Grand Boulevard	Illinois	41.81392	-87.61727	US	0
Dighton	Massachusetts	41.81399	-71.12032	US	1
Warrenville	Illinois	41.81781	-88.1734	US	1
West Torrington	Connecticut	41.81843	-73.14372	US	1
Brighton Park	Illinois	41.81892	-87.69894	US	0
Stickney	Illinois	41.82142	-87.78283	US	1
Johnston	Rhode Island	41.82186	-71.50675	US	1
De Witt	Iowa	41.82336	-90.53819	US	1
South Windsor	Connecticut	41.82371	-72.6212	US	1
Brookfield	Illinois	41.82392	-87.85173	US	1
Providence	Rhode Island	41.82399	-71.41283	US	1
North Madison	Ohio	41.825	-81.056	US	1
Gering	Nebraska	41.8258	-103.6605	US	1
Baxter	Iowa	41.8261	-93.15159	US	1
Bloomfield	Connecticut	41.82649	-72.73009	US	1
Buchanan	Michigan	41.82727	-86.36112	US	1
Madison	Nebraska	41.82834	-97.45505	US	1
Tillson	New York	41.82898	-74.06848	US	1
Niles	Michigan	41.82977	-86.25418	US	1
Clinton Corners	New York	41.83009	-73.76235	US	1
Eastham	Massachusetts	41.83011	-69.97391	US	1
McKinley Park	Illinois	41.8317	-87.67366	US	0
North Scituate	Rhode Island	41.83177	-71.58729	US	1
Blissfield	Michigan	41.83255	-83.86244	US	1
Oak Brook	Illinois	41.83281	-87.92895	US	1
Canton Valley	Connecticut	41.83426	-72.89177	US	1
La Grange Park	Illinois	41.83475	-87.86173	US	1
Douglas	Illinois	41.83476	-87.61811	US	0
Riverside	Illinois	41.83503	-87.82284	US	1
Oakland	Nebraska	41.83583	-96.46697	US	1
Smithfield	Utah	41.83826	-111.83272	US	1
Perry	Iowa	41.8386	-94.10718	US	1
Killingly Center	Connecticut	41.83871	-71.86924	US	1
Dixon	Illinois	41.83892	-89.47955	US	1
Reading	Michigan	41.83949	-84.74801	US	1
Rehoboth	Massachusetts	41.84038	-71.24949	US	1
Constantine	Michigan	41.84116	-85.6686	US	1
West Point	Nebraska	41.84167	-96.70864	US	1
North Riverside	Illinois	41.84281	-87.82311	US	1
South Lawndale	Illinois	41.84364	-87.71255	US	0
Weatogue	Connecticut	41.84371	-72.82843	US	1
Warren	Pennsylvania	41.84395	-79.14504	US	1
Clinton	Iowa	41.84447	-90.18874	US	1
Cicero	Illinois	41.84559	-87.75394	US	1
Berkley	Massachusetts	41.84593	-71.08282	US	1
Terrytown	Nebraska	41.84747	-103.66161	US	1
Batavia	Illinois	41.85003	-88.31257	US	1
Chicago	Illinois	41.85003	-87.65005	US	1
Oakbrook Terrace	Illinois	41.85003	-87.96451	US	1
North Providence	Rhode Island	41.8501	-71.46617	US	1
Rosendale Village	New York	41.85038	-74.07379	US	1
Berwyn	Illinois	41.85059	-87.79367	US	1
Westchester	Illinois	41.85059	-87.882	US	1
Windsor	Connecticut	41.8526	-72.6437	US	1
Stone Ridge	New York	41.85315	-74.13903	US	1
Foster	Rhode Island	41.85371	-71.75812	US	1
Lower West Side	Illinois	41.8542	-87.66561	US	0
Hudson	Michigan	41.85505	-84.35384	US	1
Near South Side	Illinois	41.8567	-87.62477	US	0
Woodward	Iowa	41.85693	-93.9219	US	1
North Lakeville	Massachusetts	41.8576	-70.94226	US	1
Geneva-on-the-Lake	Ohio	41.8595	-80.95398	US	1
North Lawndale	Illinois	41.86003	-87.71839	US	0
Winfield	Illinois	41.8617	-88.1609	US	1
Broadview	Illinois	41.86392	-87.85339	US	1
Ashtabula	Ohio	41.86505	-80.78981	US	1
North Eastham	Massachusetts	41.86511	-69.99113	US	1
Wheaton	Illinois	41.86614	-88.10701	US	1
Scottsbluff	Nebraska	41.86663	-103.66717	US	1
Rockville	Connecticut	41.86676	-72.44953	US	1
Fulton	Illinois	41.86725	-90.15957	US	1
Fort Dick	California	41.86789	-124.14897	US	1
Coon Rapids	Iowa	41.87082	-94.67748	US	1
Greenville	Rhode Island	41.87121	-71.55201	US	1
Tolland	Connecticut	41.87149	-72.36869	US	1
Bronson	Michigan	41.87227	-85.1947	US	1
Edgewood	Ohio	41.87283	-80.77286	US	1
West Simsbury	Connecticut	41.87315	-72.85815	US	1
Ely	Iowa	41.87362	-91.58518	US	1
Edinboro	Pennsylvania	41.87422	-80.13172	US	1
North Warren	Pennsylvania	41.87423	-79.15227	US	1
Madrid	Iowa	41.87665	-93.82328	US	1
Glen Ellyn	Illinois	41.87753	-88.06701	US	1
Slater	Iowa	41.87776	-93.67855	US	1
Hillside	Illinois	41.87781	-87.90284	US	1
Walford	Iowa	41.87834	-91.83462	US	1
Pawtucket	Rhode Island	41.87871	-71.38256	US	1
Maywood	Illinois	41.8792	-87.84312	US	1
Forest Park	Illinois	41.87948	-87.81367	US	1
New Hartford Center	Connecticut	41.87996	-72.9753	US	1
Lombard	Illinois	41.88003	-88.00784	US	1
West Garfield Park	Illinois	41.88059	-87.72922	US	0
East Garfield Park	Illinois	41.88087	-87.70283	US	0
Simsbury Center	Connecticut	41.88088	-72.81116	US	1
Bellwood	Illinois	41.88142	-87.88312	US	1
Shorewood-Tower Hills-Harbert	Michigan	41.88169	-86.61409	US	1
Marbletown	New York	41.88343	-74.1132	US	1
Carver	Massachusetts	41.88344	-70.76254	US	1
Chicago Loop	Illinois	41.88407	-87.6333	US	0
West Chicago	Illinois	41.88475	-88.20396	US	1
Oak Park	Illinois	41.88503	-87.7845	US	1
Bartlett	Nebraska	41.88529	-98.5523	US	1
Geneva	Illinois	41.88753	-88.30535	US	1
Berkeley	Illinois	41.88892	-87.9034	US	1
North Seekonk	Massachusetts	41.88927	-71.33005	US	1
Villa Park	Illinois	41.88975	-87.98895	US	1
Albion	Pennsylvania	41.89061	-80.36645	US	1
Central Falls	Rhode Island	41.89066	-71.39228	US	1
Elburn	Illinois	41.89225	-88.4723	US	1
Middleborough	Massachusetts	41.89316	-70.91115	US	1
West Town	Illinois	41.89381	-87.67493	US	0
Middleborough Center	Massachusetts	41.8946	-70.92618	US	1
Huxley	Iowa	41.89527	-93.60077	US	1
South Monroe	Michigan	41.89588	-83.41771	US	1
Belle Plaine	Iowa	41.89694	-92.27824	US	1
Adrian	Michigan	41.89755	-84.03717	US	1
River Forest	Illinois	41.89781	-87.81395	US	1
Ukrainian Village	Illinois	41.89943	-87.68451	US	1
Elmhurst	Illinois	41.89947	-87.94034	US	1
Union City	Pennsylvania	41.8995	-79.84533	US	1
Near North Side	Illinois	41.90003	-87.6345	US	0
Winchester Center	Connecticut	41.9001	-73.13483	US	1
Taunton	Massachusetts	41.9001	-71.08977	US	1
Livingston Manor	New York	41.90037	-74.82822	US	1
Melrose Park	Illinois	41.90059	-87.85673	US	1
Petersburg	Michigan	41.90116	-83.71494	US	1
Ellington	Connecticut	41.90399	-72.46981	US	1
Mechanicsville	Iowa	41.90446	-91.25461	US	1
Port Ewen	New York	41.90537	-73.97625	US	1
Stone Park	Illinois	41.90559	-87.88367	US	1
North Kingsville	Ohio	41.90589	-80.69036	US	1
Valley Falls	Rhode Island	41.90677	-71.39061	US	1
Maple Park	Illinois	41.90753	-88.59925	US	1
Tariffville	Connecticut	41.90871	-72.7601	US	1
Manning	Iowa	41.90915	-95.06499	US	1
Cassopolis	Michigan	41.91171	-86.01001	US	1
East Windsor	Connecticut	41.91232	-72.54509	US	1
Carol Stream	Illinois	41.91253	-88.13479	US	1
West Monroe	Michigan	41.91393	-83.4316	US	1
St. Charles	Illinois	41.91419	-88.30869	US	1
Glendale Heights	Illinois	41.9146	-88.06486	US	1
Putnam	Connecticut	41.9151	-71.90896	US	1
Chepachet	Rhode Island	41.9151	-71.67146	US	1
Monroe	Michigan	41.91643	-83.39771	US	1
Northlake	Illinois	41.91725	-87.89562	US	1
Westfield	Pennsylvania	41.91924	-77.53887	US	1
Fairfax	Iowa	41.91945	-91.78101	US	1
Cortland	Illinois	41.92003	-88.6887	US	1
Hillsdale	Michigan	41.92005	-84.63051	US	1
Corry	Pennsylvania	41.92033	-79.64033	US	1
Lincoln	Rhode Island	41.92111	-71.435	US	1
Lisbon	Iowa	41.92112	-91.38545	US	1
Elmwood Park	Illinois	41.92114	-87.80923	US	1
Winsted	Connecticut	41.92121	-73.06011	US	1
Lincoln Park	Illinois	41.9217	-87.64783	US	0
Mount Vernon	Iowa	41.92195	-91.41684	US	1
Smithfield	Rhode Island	41.92204	-71.54951	US	1
Richmond	Utah	41.92271	-111.81356	US	1
Logan Square	Illinois	41.92337	-87.69922	US	0
Centreville	Michigan	41.92338	-85.52832	US	1
Raynham Center	Massachusetts	41.92371	-71.05227	US	1
Rochelle	Illinois	41.92392	-89.06871	US	1
Hurley	New York	41.92454	-74.06125	US	1
River Grove	Illinois	41.92586	-87.83589	US	1
Rhinebeck	New York	41.92676	-73.91264	US	1
Kingston	New York	41.92704	-73.99736	US	1
Windsor Locks	Connecticut	41.92926	-72.62731	US	1
Barkhamsted	Connecticut	41.92926	-72.91399	US	1
DeKalb	Illinois	41.92947	-88.75036	US	1
Malta	Illinois	41.92975	-88.86092	US	1
Detroit Beach	Michigan	41.93116	-83.32688	US	1
Addison	Illinois	41.9317	-87.98896	US	1
Belmont Cragin	Illinois	41.9317	-87.76867	US	0
Crystal Lake	Connecticut	41.93176	-72.37842	US	1
Franklin Park	Illinois	41.93531	-87.86562	US	1
Village of Campton Hills	Illinois	41.9366	-88.3975	US	1
Wellfleet	Massachusetts	41.93761	-70.0328	US	1
Wasco	Illinois	41.93808	-88.40452	US	1
Brewster	Nebraska	41.93889	-99.86485	US	1
Avondale	Illinois	41.93892	-87.71117	US	0
South Woodstock	Connecticut	41.93899	-71.95952	US	1
Woodland Beach	Michigan	41.94005	-83.31326	US	1
Mitchell	Nebraska	41.94024	-103.80856	US	1
Coldwater	Michigan	41.94033	-85.00052	US	1
Russell	Pennsylvania	41.94145	-79.13505	US	1
Waterford	Pennsylvania	41.94283	-79.9845	US	1
Bridgman	Michigan	41.9431	-86.55697	US	1
Susquehanna	Pennsylvania	41.94341	-75.59963	US	1
Three Rivers	Michigan	41.94394	-85.63249	US	1
Quincy	Michigan	41.94421	-84.88385	US	1
Attleboro	Massachusetts	41.94454	-71.28561	US	1
Berrien Springs	Michigan	41.94643	-86.3389	US	1
Conneaut	Ohio	41.94756	-80.55424	US	1
Raynham	Massachusetts	41.94871	-71.0731	US	1
Lily Lake	Illinois	41.94892	-88.47786	US	1
Stanton	Nebraska	41.95028	-97.22393	US	1
Lincoln Park	New York	41.95065	-73.99403	US	1
Wayne	Illinois	41.95086	-88.2423	US	1
Hillcrest	Illinois	41.95114	-89.06454	US	1
Plympton	Massachusetts	41.95288	-70.81448	US	1
Irving Park	Illinois	41.95336	-87.73645	US	0
North Center	Illinois	41.95392	-87.67895	US	0
Stafford Springs	Connecticut	41.95426	-72.3023	US	1
Bensenville	Illinois	41.95503	-87.94007	US	1
Pascoag	Rhode Island	41.95565	-71.70229	US	1
Schiller Park	Illinois	41.95586	-87.8709	US	1
Bradford	Pennsylvania	41.9559	-78.64392	US	1
Salmon Brook	Connecticut	41.95649	-72.79537	US	1
Dundee	Michigan	41.95727	-83.65966	US	1
Athens	Pennsylvania	41.9573	-76.518	US	1
Bloomingdale	Illinois	41.95753	-88.0809	US	1
Portage Park	Illinois	41.95781	-87.76506	US	0
Colon	Michigan	41.95838	-85.32498	US	1
Plymouth	Massachusetts	41.95844	-70.66726	US	1
Thompson	Connecticut	41.95871	-71.86257	US	1
Hallstead	Pennsylvania	41.96119	-75.74324	US	1
Southwood Acres	Connecticut	41.9626	-72.57148	US	1
Norridge	Illinois	41.96336	-87.82728	US	1
Wood Dale	Illinois	41.96336	-87.97896	US	1
Shinglehouse	Pennsylvania	41.96368	-78.19084	US	1
Harrisville	Rhode Island	41.96565	-71.67451	US	1
Uptown	Illinois	41.9659	-87.65262	US	0
Tama	Iowa	41.96666	-92.57686	US	1
Norton	Massachusetts	41.96677	-71.18699	US	1
Cumberland	Rhode Island	41.96677	-71.43284	US	1
North Smithfield	Rhode Island	41.96677	-71.54951	US	1
Harwood Heights	Illinois	41.96725	-87.80756	US	1
Albany Park	Illinois	41.96836	-87.72339	US	0
North Plymouth	Massachusetts	41.97094	-70.68281	US	1
Norton Center	Massachusetts	41.97254	-71.18535	US	1
North Attleborough Center	Massachusetts	41.97263	-71.32474	US	1
Shokan	New York	41.97343	-74.21209	US	1
Cumberland Hill	Rhode Island	41.97454	-71.467	US	1
Itasca	Illinois	41.97503	-88.00729	US	1
Foster Brook	Pennsylvania	41.97506	-78.61725	US	1
Manitou Beach-Devils Lake	Michigan	41.97565	-84.28616	US	1
Lewiston	Utah	41.97576	-111.85634	US	1
Lincoln Square	Illinois	41.97587	-87.68922	US	0
Enfield	Connecticut	41.97621	-72.59176	US	1
Thedford	Nebraska	41.97833	-100.57625	US	1
Sayre	Pennsylvania	41.97896	-76.5155	US	1
Pine Plains	New York	41.97981	-73.65596	US	1
Suffield Depot	Connecticut	41.98121	-72.64981	US	1
Medinah	Illinois	41.98142	-88.05118	US	1
Jackpot	Nevada	41.98324	-114.67476	US	1
Edgewater	Illinois	41.98337	-87.66395	US	0
Dowagiac	Michigan	41.98421	-86.10862	US	1
Jonesville	Michigan	41.98421	-84.6619	US	1
Roselle	Illinois	41.98475	-88.07979	US	1
Stafford	Connecticut	41.98482	-72.28897	US	1
Somers	Connecticut	41.98537	-72.4462	US	1
North Grosvenor Dale	Connecticut	41.98565	-71.89868	US	1
Lake Katrine	New York	41.98565	-73.98819	US	1
Polo	Illinois	41.98614	-89.57928	US	1
Elkland	Pennsylvania	41.98618	-77.31081	US	1
Wisner	Nebraska	41.98722	-96.91421	US	1
Hazardville	Connecticut	41.98732	-72.54481	US	1
Sycamore	Illinois	41.98892	-88.68675	US	1
Bridgewater	Massachusetts	41.99038	-70.97504	US	1
Halifax	Massachusetts	41.99121	-70.86199	US	1
Truro	Massachusetts	41.99344	-70.04975	US	1
South Elgin	Illinois	41.99419	-88.2923	US	1
Kingston	Massachusetts	41.99455	-70.72448	US	1
Bartlett	Illinois	41.99503	-88.18563	US	1
Red Hook	New York	41.99509	-73.87541	US	1
Rosemont	Illinois	41.99531	-87.88451	US	1
Toledo	Iowa	41.99555	-92.57686	US	1
North Granby	Connecticut	41.99593	-72.82954	US	1
Atkins	Iowa	41.99694	-91.86213	US	1
Thompsonville	Connecticut	41.99704	-72.59898	US	1
West Hurley	New York	41.99731	-74.10486	US	1
South Waverly	Pennsylvania	41.99757	-76.53717	US	1
Battle Creek	Nebraska	41.99945	-97.59839	US	1
Hanover Park	Illinois	41.99947	-88.14507	US	1
West Ridge	Illinois	41.99975	-87.69284	US	0
Girard	Pennsylvania	42.00033	-80.31812	US	1
Hyannis	Nebraska	42.00054	-101.76184	US	1
Woonsocket	Rhode Island	42.00288	-71.51478	US	1
Elk Grove Village	Illinois	42.00392	-87.97035	US	1
Tecumseh	Michigan	42.00393	-83.94494	US	1
Plainville	Massachusetts	42.00427	-71.33283	US	1
Lincolnwood	Illinois	42.00448	-87.73006	US	1
Cedar Rapids	Iowa	42.00833	-91.64407	US	1
Rogers Park	Illinois	42.00864	-87.66672	US	0
Waverly	New York	42.01035	-76.52717	US	1
Park Ridge	Illinois	42.01114	-87.84062	US	1
Sherwood Manor	Connecticut	42.01343	-72.56425	US	1
Lake City	Pennsylvania	42.01422	-80.34534	US	1
Stevensville	Michigan	42.01449	-86.51947	US	1
Oregon	Illinois	42.01475	-89.33233	US	1
Jefferson	Iowa	42.01526	-94.37747	US	1
State Center	Iowa	42.01665	-93.16354	US	1
Zena	New York	42.01676	-74.07625	US	1
Denison	Iowa	42.01777	-95.35528	US	1
Blackstone	Massachusetts	42.01788	-71.54117	US	1
Niles	Illinois	42.01892	-87.80284	US	1
West Bridgewater	Massachusetts	42.01899	-71.00782	US	1
Clymer	New York	42.02089	-79.63005	US	1
Kiantone	New York	42.022	-79.1981	US	1
Mansfield Center	Massachusetts	42.02262	-71.21808	US	1
Nevada	Iowa	42.02277	-93.45243	US	1
South Duxbury	Massachusetts	42.02316	-70.68281	US	1
Quinebaug	Connecticut	42.02371	-71.9498	US	1
Easton	Massachusetts	42.02454	-71.12866	US	1
Streamwood	Illinois	42.02558	-88.17841	US	1
Marcellus	Michigan	42.02588	-85.81556	US	1
Onawa	Iowa	42.02665	-96.09724	US	1
Canaan	Connecticut	42.02731	-73.32928	US	1
Millville	Massachusetts	42.02788	-71.5809	US	1
Norfolk	Nebraska	42.02834	-97.417	US	1
Lindley	New York	42.02841	-77.13969	US	1
Fairview	Pennsylvania	42.03145	-80.25534	US	1
Des Plaines	Illinois	42.03336	-87.8834	US	1
Schaumburg	Illinois	42.03336	-88.08341	US	1
Skokie	Illinois	42.03336	-87.73339	US	1
East Bridgewater	Massachusetts	42.03343	-70.95921	US	1
Mansfield	Massachusetts	42.03343	-71.21894	US	1
Marion	Iowa	42.03417	-91.59768	US	1
Conklin	New York	42.03424	-75.8038	US	1
Ames	Iowa	42.03471	-93.61994	US	1
Hiawatha	Iowa	42.03583	-91.68212	US	1
Elgin	Illinois	42.03725	-88.28119	US	1
Ogden	Iowa	42.03915	-94.02773	US	1
Morton Grove	Illinois	42.04059	-87.78256	US	1
Woodstock	New York	42.04092	-74.1182	US	1
Evanston	Illinois	42.04114	-87.69006	US	1
Duxbury	Massachusetts	42.04177	-70.67226	US	1
Mullen	Nebraska	42.04278	-101.04266	US	1
Hoffman Estates	Illinois	42.04281	-88.0798	US	1
Glasco	New York	42.0437	-73.94736	US	1
Litchfield	Michigan	42.04393	-84.75746	US	1
Dudley	Massachusetts	42.0451	-71.93007	US	1
Avonia	Pennsylvania	42.04561	-80.26979	US	1
Marshalltown	Iowa	42.04943	-92.90798	US	1
Leamington	Ontario	42.05009	-82.59981	CA	1
Longmeadow	Massachusetts	42.0501	-72.58287	US	1
Webster	Massachusetts	42.0501	-71.88007	US	1
Preston	Iowa	42.0503	-90.41402	US	1
Mount Morris	Illinois	42.05031	-89.43122	US	1
Brookings	Oregon	42.05261	-124.28398	US	1
Provincetown	Massachusetts	42.05295	-70.1864	US	1
Harbor	Oregon	42.05317	-124.26759	US	1
Wheatland	Wyoming	42.05407	-104.95295	US	1
Douglas	Massachusetts	42.05426	-71.73951	US	1
Frewsburg	New York	42.0545	-79.1581	US	1
Southport	New York	42.0548	-76.81912	US	1
Southwick	Massachusetts	42.05482	-72.77037	US	1
Glidden	Iowa	42.05693	-94.72887	US	1
Tivoli	New York	42.05842	-73.9093	US	1
Carleton	Michigan	42.05921	-83.39077	US	1
Springville	Iowa	42.05945	-91.44267	US	1
Boone	Iowa	42.0597	-93.88023	US	1
Deposit	New York	42.06008	-75.42	US	1
Saugerties South	New York	42.06139	-73.95067	US	1
Westons Mills	New York	42.06229	-78.37724	US	1
Torrington	Wyoming	42.06246	-104.18439	US	1
South Rockwood	Michigan	42.06393	-83.26104	US	1
Hampden	Massachusetts	42.06398	-72.41342	US	1
Holland	Massachusetts	42.06398	-72.1573	US	1
East Longmeadow	Massachusetts	42.06454	-72.51259	US	1
Foxborough	Massachusetts	42.06538	-71.24783	US	1
Carroll	Iowa	42.06582	-94.86693	US	1
Palo	Iowa	42.06611	-91.79546	US	1
Mount Prospect	Illinois	42.06642	-87.93729	US	1
Union City	Michigan	42.06671	-85.13609	US	1
Bolivar	New York	42.06673	-78.16779	US	1
Granville	Massachusetts	42.06676	-72.86149	US	1
Wrentham	Massachusetts	42.06677	-71.32811	US	1
Pingree Grove	Illinois	42.06864	-88.41342	US	1
Maquoketa	Iowa	42.06891	-90.66569	US	1
Apalachin	New York	42.06952	-76.15465	US	1
Agawam	Massachusetts	42.06954	-72.61481	US	1
Wales	Massachusetts	42.06954	-72.2223	US	1
Glenview	Illinois	42.06975	-87.78784	US	1
Rockwood	Michigan	42.07088	-83.2466	US	1
Robins	Iowa	42.07111	-91.66684	US	1
Clinton	Michigan	42.07199	-83.97161	US	1
Wilmette	Illinois	42.07225	-87.72284	US	1
East Douglas	Massachusetts	42.07232	-71.7134	US	1
Green Harbor-Cedar Crest	Massachusetts	42.07495	-70.65843	US	1
Hanson	Massachusetts	42.0751	-70.88004	US	1
Southbridge	Massachusetts	42.0751	-72.03341	US	1
Weston Mills	New York	42.0759	-78.37252	US	1
Uxbridge	Massachusetts	42.07732	-71.62951	US	1
Olean	New York	42.07756	-78.42974	US	1
Saugerties	New York	42.07759	-73.95291	US	1
West Elmira	New York	42.07813	-76.84524	US	1
Saint Bonaventure	New York	42.08034	-78.47502	US	1
Whitman	Massachusetts	42.08066	-70.9356	US	1
Brockton	Massachusetts	42.08343	-71.01838	US	1
Franklin	Massachusetts	42.08343	-71.39673	US	1
Rolling Meadows	Illinois	42.08419	-88.01313	US	1
Vestal	New York	42.08507	-76.05381	US	1
Milan	Michigan	42.08532	-83.68244	US	1
Kenilworth	Illinois	42.08586	-87.71756	US	1
Bellingham	Massachusetts	42.08676	-71.47451	US	1
Fair Plain	Michigan	42.08699	-86.45586	US	1
Arlington Heights	Illinois	42.08836	-87.98063	US	1
Jamestown West	New York	42.08851	-79.2811	US	1
Athens	Michigan	42.08866	-85.23471	US	1
Elmira	New York	42.0898	-76.80773	US	1
Allegany	New York	42.09006	-78.49419	US	1
South Barrington	Illinois	42.09142	-88.12174	US	1
Marshfield	Massachusetts	42.09177	-70.70559	US	1
Kirkland	Illinois	42.09253	-88.85121	US	1
North Pembroke	Massachusetts	42.09316	-70.79254	US	1
Sleepy Hollow	Illinois	42.09419	-88.30258	US	1
Savanna	Illinois	42.09447	-90.15679	US	1
Mount Carroll	Illinois	42.09502	-89.97818	US	1
Gibraltar	Michigan	42.09504	-83.18965	US	1
Prospect Heights	Illinois	42.0953	-87.93757	US	1
Preston	Idaho	42.09631	-111.87662	US	1
Flat Rock	Michigan	42.09643	-83.29187	US	1
Jamestown	New York	42.097	-79.23533	US	1
Genoa	Illinois	42.09725	-88.69287	US	1
Hampshire	Illinois	42.0978	-88.53036	US	1
West Dundee	Illinois	42.09808	-88.28286	US	1
Endicott	New York	42.09841	-76.04937	US	1
Binghamton	New York	42.09869	-75.91797	US	1
East Dundee	Illinois	42.09891	-88.27147	US	1
Monson Center	Massachusetts	42.09898	-72.30481	US	1
Kingston	Illinois	42.09975	-88.75898	US	1
Northfield	Illinois	42.09975	-87.7809	US	1
Amherstburg	Ontario	42.10009	-83.09985	CA	1
Kingsville	Ontario	42.10009	-82.73312	CA	1
Springfield	Massachusetts	42.10148	-72.58981	US	1
Alliance	Nebraska	42.10163	-102.87215	US	1
Davis Junction	Illinois	42.10169	-89.09316	US	1
Lanark	Illinois	42.10225	-89.83345	US	1
Ocean Bluff-Brant Rock	Massachusetts	42.10234	-70.65736	US	1
Addison	New York	42.10285	-77.23359	US	1
Gilberts	Illinois	42.10336	-88.37286	US	1
Owego	New York	42.10341	-76.26215	US	1
Lakewood	New York	42.10422	-79.3331	US	1
Monson	Massachusetts	42.10426	-72.31897	US	1
Abington	Massachusetts	42.10482	-70.94532	US	1
Mendon	Massachusetts	42.10565	-71.55229	US	1
Brooklyn	Michigan	42.10587	-84.24828	US	1
Gilbert	Iowa	42.10693	-93.64966	US	1
West Springfield	Massachusetts	42.10704	-72.62037	US	1
Stillman Valley	Illinois	42.10725	-89.17927	US	1
Winnetka	Illinois	42.10808	-87.7359	US	1
Decatur	Michigan	42.1081	-85.97446	US	1
Anamosa	Iowa	42.10834	-91.28516	US	1
Sturbridge	Massachusetts	42.10843	-72.07869	US	1
Celoron	New York	42.1095	-79.2831	US	1
Saint Joseph	Michigan	42.10976	-86.48002	US	1
Palatine	Illinois	42.1103	-88.03424	US	1
Sheffield	Massachusetts	42.11037	-73.35511	US	1
Whitinsville	Massachusetts	42.11121	-71.66618	US	1
Endwell	New York	42.11285	-76.02103	US	1
Macy	Nebraska	42.11305	-96.35642	US	1
Hanover	Massachusetts	42.11316	-70.81199	US	1
Pender	Nebraska	42.11416	-96.70726	US	1
Schoolcraft	Michigan	42.11421	-85.63778	US	1
Johnson City	New York	42.11563	-75.95881	US	1
Fiskdale	Massachusetts	42.11621	-72.11341	US	1
Benton Harbor	Michigan	42.11671	-86.45419	US	1
Oxford	Massachusetts	42.11676	-71.86479	US	1
Inverness	Illinois	42.11808	-88.09619	US	1
Falconer	New York	42.11867	-79.19838	US	1
Norfolk	Massachusetts	42.11954	-71.32506	US	1
Vicksburg	Michigan	42.12005	-85.53278	US	1
Carpentersville	Illinois	42.12114	-88.25786	US	1
South Corning	New York	42.12174	-77.03719	US	1
Wellsville	New York	42.12201	-77.94806	US	1
Brimfield	Massachusetts	42.12287	-72.20091	US	1
New Marlborough	Massachusetts	42.12287	-73.22872	US	1
Sharon	Massachusetts	42.12371	-71.17866	US	1
Wilbraham	Massachusetts	42.12371	-72.43147	US	1
Westfield	Massachusetts	42.12509	-72.74954	US	1
Stoughton	Massachusetts	42.1251	-71.10227	US	1
Forreston	Illinois	42.12614	-89.57928	US	1
Byron	Illinois	42.12697	-89.25566	US	1
Northbrook	Illinois	42.12753	-87.82895	US	1
Neligh	Nebraska	42.12862	-98.02979	US	1
Grosse Ile	Michigan	42.12921	-83.14437	US	1
Erie	Pennsylvania	42.12922	-80.08506	US	1
Elmira Heights	New York	42.1298	-76.82079	US	1
Hopedale	Massachusetts	42.13065	-71.54117	US	1
Avon	Massachusetts	42.13066	-71.04116	US	1
Rockland	Massachusetts	42.13066	-70.91616	US	1
Benton Heights	Michigan	42.13115	-86.40724	US	1
Port Dickinson	New York	42.13341	-75.89631	US	1
Glencoe	Illinois	42.13503	-87.75812	US	1
Charlton	Massachusetts	42.13565	-71.97007	US	1
Big Flats	New York	42.1373	-76.93691	US	1
Woodhaven	Michigan	42.13893	-83.2416	US	1
Wheeling	Illinois	42.13919	-87.92896	US	1
Trenton	Michigan	42.13949	-83.17826	US	1
Milford	Massachusetts	42.13982	-71.51617	US	1
Wesleyville	Pennsylvania	42.14033	-80.01506	US	1
Medway	Massachusetts	42.14176	-71.39673	US	1
Walpole	Massachusetts	42.14177	-71.2495	US	1
Corning	New York	42.14285	-77.05469	US	1
Barrington Hills	Illinois	42.14475	-88.15563	US	1
Homer	Michigan	42.14588	-84.80886	US	1
Marshfield Hills	Massachusetts	42.14594	-70.73976	US	1
Gang Mills	New York	42.14619	-77.11164	US	1
Chicopee	Massachusetts	42.1487	-72.60787	US	1
Northwest Harborcreek	Pennsylvania	42.14944	-79.99463	US	1
Sutton	Massachusetts	42.1501	-71.76285	US	1
Manchester	Michigan	42.15032	-84.03772	US	1
Buffalo Grove	Illinois	42.15141	-87.95979	US	1
Northbridge	Massachusetts	42.15148	-71.64951	US	1
Barrington	Illinois	42.15391	-88.13619	US	1
Holbrook	Massachusetts	42.1551	-71.00866	US	1
Andover	New York	42.15646	-77.79555	US	1
Salamanca	New York	42.15784	-78.71503	US	1
Canton	Massachusetts	42.15843	-71.14477	US	1
Palmer	Massachusetts	42.15843	-72.32869	US	1
Ludlow	Massachusetts	42.16009	-72.47592	US	1
Napoleon	Michigan	42.16059	-84.24606	US	1
Norwell	Massachusetts	42.16177	-70.79393	US	1
Randolph	New York	42.16201	-78.97532	US	1
Painted Post	New York	42.16202	-77.09414	US	1
Randolph	Massachusetts	42.1626	-71.04116	US	1
Cave Junction	Oregon	42.16289	-123.64812	US	1
Millis-Clicquot	Massachusetts	42.1648	-71.35442	US	1
Algonquin	Illinois	42.16558	-88.29425	US	1
Mapleton	Iowa	42.16582	-95.79306	US	1
Roland	Iowa	42.16637	-93.50188	US	1
Saline	Michigan	42.16671	-83.78161	US	1
Chenango Bridge	New York	42.16674	-75.86242	US	1
Horseheads	New York	42.16702	-76.82051	US	1
Lawton	Michigan	42.16726	-85.84695	US	1
Riverwoods	Illinois	42.16753	-87.89701	US	1
Millis	Massachusetts	42.1676	-71.35784	US	1
Huntley	Illinois	42.16808	-88.42814	US	1
Vinton	Iowa	42.16861	-92.02351	US	1
Big Flats Airport	New York	42.1693	-76.88977	US	1
Walton	New York	42.16953	-75.12934	US	1
Kildeer	Illinois	42.17058	-88.04785	US	1
Deerfield	Illinois	42.17114	-87.84451	US	1
Dysart	Iowa	42.17166	-92.3063	US	1
Riverview	Michigan	42.17421	-83.17937	US	1
Palenville	New York	42.17453	-74.02014	US	1
Upton	Massachusetts	42.17454	-71.60229	US	1
Essex	Ontario	42.17509	-82.82483	CA	1
Concord	Michigan	42.17782	-84.64302	US	1
Long Grove	Illinois	42.17836	-87.99785	US	1
Three Rivers	Massachusetts	42.1812	-72.36064	US	1
Highland Park	Illinois	42.18169	-87.80034	US	1
Lake in the Hills	Illinois	42.18169	-88.33036	US	1
North Chicopee	Massachusetts	42.18343	-72.59953	US	1
Coloma	Michigan	42.18615	-86.30836	US	1
Watervliet	Michigan	42.18671	-86.26058	US	1
Story City	Iowa	42.18721	-93.59577	US	1
Medfield	Massachusetts	42.1876	-71.30645	US	1
Lakeview	Oregon	42.18877	-120.34579	US	1
Berkshire Heights	Massachusetts	42.18898	-73.369	US	1
Lincolnshire	Illinois	42.19002	-87.9084	US	1
Center Point	Iowa	42.19083	-91.78518	US	1
Malad City	Idaho	42.19159	-112.2508	US	1
Horseheads North	New York	42.19278	-76.80782	US	1
Otis	Massachusetts	42.19315	-73.09177	US	1
Bannockburn	Illinois	42.19336	-87.86646	US	1
Vandercook Lake	Michigan	42.19337	-84.39107	US	1
Traer	Iowa	42.1936	-92.46547	US	1
Millbury	Massachusetts	42.19398	-71.76007	US	1
Auburn	Massachusetts	42.19454	-71.83563	US	1
Norwood	Massachusetts	42.19454	-71.1995	US	1
Ashland	Oregon	42.19458	-122.70948	US	1
Great Barrington	Massachusetts	42.19592	-73.36206	US	1
Scituate	Massachusetts	42.19593	-70.72587	US	1
Lake Zurich	Illinois	42.19697	-88.09341	US	1
Pierce	Nebraska	42.19917	-97.52672	US	1
Highwood	Illinois	42.19975	-87.80923	US	1
Holliston	Massachusetts	42.2001	-71.4245	US	1
Fox River Grove	Illinois	42.20086	-88.21453	US	1
Portage	Michigan	42.20115	-85.58	US	1
Braintree	Massachusetts	42.20384	-71.00215	US	1
Central City	Iowa	42.20388	-91.52406	US	1
Holyoke	Massachusetts	42.20426	-72.6162	US	1
Belleville	Michigan	42.20476	-83.48521	US	1
Spring Arbor	Michigan	42.20504	-84.55274	US	1
Friendship	New York	42.20646	-78.13751	US	1
Hartford	Michigan	42.20671	-86.16669	US	1
Altamont	Oregon	42.20681	-121.73722	US	1
Grafton	Massachusetts	42.20704	-71.68562	US	1
Forest Lake	Illinois	42.20752	-88.05563	US	1
North Barrington	Illinois	42.2078	-88.14063	US	1
Mattawan	Michigan	42.20948	-85.78445	US	1
Cary	Illinois	42.21197	-88.23814	US	1
Paw Paw Lake	Michigan	42.21226	-86.27197	US	1
Lake Barrington	Illinois	42.21252	-88.15258	US	1
Bondsville	Massachusetts	42.21259	-72.34536	US	1
Warren	Massachusetts	42.21259	-72.19119	US	1
Southgate	Michigan	42.21393	-83.19381	US	1
Westwood	Massachusetts	42.21399	-71.2245	US	1
Wyandotte	Michigan	42.21421	-83.14992	US	1
North East	Pennsylvania	42.21561	-79.83422	US	1
Hawthorn Woods	Illinois	42.21697	-88.04952	US	1
Catskill	New York	42.21731	-73.86457	US	1
Cuba	New York	42.21757	-78.27529	US	1
Paw Paw	Michigan	42.21782	-85.89112	US	1
Williams	Oregon	42.21873	-123.27394	US	1
North Scituate	Massachusetts	42.21899	-70.7856	US	1
Vernon Hills	Illinois	42.21947	-87.97952	US	1
Lake Michigan Beach	Michigan	42.22087	-86.36947	US	1
Weymouth	Massachusetts	42.22093	-70.93977	US	1
Romulus	Michigan	42.22226	-83.3966	US	1
Belmont	New York	42.22312	-78.03445	US	1
Urbana	Iowa	42.22416	-91.87434	US	1
Conrad	Iowa	42.22471	-92.87465	US	1
Klamath Falls	Oregon	42.22487	-121.78167	US	1
Paris	Idaho	42.22715	-111.40104	US	1
East Brookfield	Massachusetts	42.22787	-72.04674	US	1
Hopkinton	Massachusetts	42.22871	-71.52256	US	1
Lakewood	Illinois	42.22919	-88.35509	US	1
Southampton	Massachusetts	42.22926	-72.73009	US	1
Wayne	Nebraska	42.23056	-97.01782	US	1
Tower Lake	Illinois	42.23197	-88.15202	US	1
Michigan Center	Michigan	42.23309	-84.32718	US	1
Jefferson Heights	New York	42.23398	-73.88235	US	1
Cherry Valley	Illinois	42.23474	-88.94899	US	1
West Brookfield	Massachusetts	42.23537	-72.14119	US	1
Monticello	Iowa	42.23834	-91.18709	US	1
Sherborn	Massachusetts	42.23899	-71.36978	US	1
Readville	Massachusetts	42.24038	-71.137	US	1
Taylor	Michigan	42.24087	-83.26965	US	1
Crystal Lake	Illinois	42.24113	-88.3162	US	1
Ypsilanti	Michigan	42.24115	-83.61299	US	1
Cohasset	Massachusetts	42.24177	-70.80365	US	1
Dedham	Massachusetts	42.24177	-71.16616	US	1
Hingham	Massachusetts	42.24177	-70.88977	US	1
Port Barrington	Illinois	42.24252	-88.20203	US	1
Albion	Michigan	42.2431	-84.75303	US	1
Spencer	Massachusetts	42.24398	-71.9923	US	1
Ecorse	Michigan	42.24448	-83.14576	US	1
Sunderland	Massachusetts	42.24454	-71.77174	US	1
LaSalle	Ontario	42.24481	-83.06095	CA	1
Talent	Oregon	42.24568	-122.78865	US	1
Jackson	Michigan	42.24587	-84.40135	US	1
Dover	Massachusetts	42.24593	-71.28283	US	1
Leicester	Massachusetts	42.24593	-71.90868	US	1
Oakwood Hills	Illinois	42.24641	-88.24286	US	1
Philmont	New York	42.24842	-73.65318	US	1
Marengo	Illinois	42.24863	-88.60843	US	1
Milton	Massachusetts	42.24954	-71.06616	US	1
Lincoln Park	Michigan	42.25059	-83.17854	US	1
Grass Lake	Michigan	42.25087	-84.21301	US	1
Oakdale	New York	42.2512	-73.78013	US	1
Fairmount	Massachusetts	42.25149	-71.11477	US	1
Little Valley	New York	42.25256	-78.80559	US	1
Hudson	New York	42.25286	-73.79096	US	1
Quincy	Massachusetts	42.25288	-71.00227	US	1
Mayville	New York	42.25395	-79.50449	US	1
Alfred	New York	42.25424	-77.79055	US	1
Housatonic	Massachusetts	42.25425	-73.36622	US	1
Milton Center	Massachusetts	42.25427	-71.08005	US	1
Hyde Park	Massachusetts	42.25565	-71.1245	US	1
Hamilton Worcester	Massachusetts	42.2562	-71.76757	US	1
Granby	Massachusetts	42.25648	-72.5162	US	1
Allen Park	Michigan	42.25754	-83.21104	US	1
South Hadley	Massachusetts	42.25842	-72.57453	US	1
Bellevue	Iowa	42.25863	-90.42291	US	1
Lake Forest	Illinois	42.25863	-87.84063	US	1
Wauconda	Illinois	42.25891	-88.13925	US	1
Ware	Massachusetts	42.25981	-72.2398	US	1
Athens	New York	42.26036	-73.80957	US	1
Ashland	Massachusetts	42.26121	-71.4634	US	1
Milton Upper Mills	Massachusetts	42.26121	-71.09533	US	1
Worcester	Massachusetts	42.26259	-71.80229	US	1
Mundelein	Illinois	42.26308	-88.00397	US	1
Lorenz Park	New York	42.2637	-73.76846	US	1
Belvidere	Illinois	42.26391	-88.84427	US	1
Winnebago	Illinois	42.26613	-89.24122	US	1
Easthampton	Massachusetts	42.26676	-72.66898	US	1
North Brookfield	Massachusetts	42.26676	-72.08285	US	1
Milton Village	Massachusetts	42.26677	-71.07172	US	1
Lake City	Iowa	42.26748	-94.73387	US	1
Cordaville	Massachusetts	42.26898	-71.52395	US	1
Wakefield	Nebraska	42.26917	-96.86504	US	1
Westborough	Massachusetts	42.26954	-71.61618	US	1
Guernsey	Wyoming	42.26969	-104.74163	US	1
Canisteo	New York	42.27035	-77.60582	US	1
Rockford	Illinois	42.27113	-89.094	US	1
Marshall	Michigan	42.27226	-84.96331	US	1
Mattapan	Massachusetts	42.27232	-71.087	US	1
River Rouge	Michigan	42.27337	-83.13437	US	1
Clarendon Hills	Massachusetts	42.2751	-71.1245	US	1
Phoenix	Oregon	42.27541	-122.81809	US	1
Island Lake	Illinois	42.27613	-88.19203	US	1
Belchertown	Massachusetts	42.27704	-72.40092	US	1
Ann Arbor	Michigan	42.27756	-83.74088	US	1
Delhi	New York	42.27814	-74.91599	US	1
Prairie Grove	Illinois	42.27863	-88.26092	US	1
Lake Bluff	Illinois	42.27891	-87.83424	US	1
Framingham	Massachusetts	42.27926	-71.41617	US	1
West Roxbury	Massachusetts	42.27926	-71.1495	US	1
Wayne	Michigan	42.28143	-83.38632	US	1
Melvindale	Michigan	42.28254	-83.1752	US	1
Libertyville	Illinois	42.28308	-87.95313	US	1
Ashmont	Massachusetts	42.28343	-71.06894	US	1
Natick	Massachusetts	42.28343	-71.3495	US	1
Needham	Massachusetts	42.28343	-71.23283	US	1
Highland	Massachusetts	42.28538	-71.15672	US	1
Knollwood	Illinois	42.28613	-87.88563	US	1
Stottville	New York	42.2862	-73.73873	US	1
Stockbridge	Massachusetts	42.28759	-73.32039	US	1
Bellevue	Massachusetts	42.2876	-71.14533	US	1
Brook Farm	Massachusetts	42.28859	-71.16303	US	1
Galesburg	Michigan	42.28865	-85.41806	US	1
Green Oaks	Illinois	42.29002	-87.90341	US	1
Roslindale	Massachusetts	42.29121	-71.1245	US	1
Kalamazoo	Michigan	42.29171	-85.58723	US	1
Bainbridge	New York	42.29341	-75.47935	US	1
Inkster	Michigan	42.2942	-83.30993	US	1
Oak Hill Park	Massachusetts	42.29454	-71.18561	US	1
Shrewsbury	Massachusetts	42.29593	-71.71285	US	1
Wellesley	Massachusetts	42.29649	-71.29256	US	1
Freeport	Illinois	42.29669	-89.62123	US	1
Dorchester	Massachusetts	42.29732	-71.0745	US	1
Framingham Center	Massachusetts	42.29732	-71.43701	US	1
Lakeview	Michigan	42.29838	-85.2111	US	1
Cascade	Iowa	42.29862	-91.01486	US	1
Cairo	New York	42.29897	-73.99847	US	1
Windsor	Ontario	42.30008	-83.01654	CA	1
Hull	Massachusetts	42.30204	-70.90782	US	1
Westwood	Michigan	42.30282	-85.63362	US	1
Westhampton	Massachusetts	42.30287	-72.77454	US	1
Eastwood	Michigan	42.3031	-85.55028	US	1
Lee	Massachusetts	42.30425	-73.24816	US	1
Southborough	Massachusetts	42.30565	-71.52451	US	1
Jewell	Iowa	42.30693	-93.64022	US	1
Canton	Michigan	42.30865	-83.48216	US	1
Jamaica Plain	Massachusetts	42.30982	-71.12033	US	1
Paxton	Massachusetts	42.3112	-71.92813	US	1
Grove Hall	Massachusetts	42.31121	-71.0745	US	1
Lake View	Iowa	42.31165	-95.05332	US	1
Bangor	Michigan	42.31254	-86.11308	US	1
Savin Hill	Massachusetts	42.3126	-71.05783	US	1
Jacksonville	Oregon	42.31346	-122.96699	US	1
Pecatonica	Illinois	42.31391	-89.35928	US	1
Newton Upper Falls	Massachusetts	42.31399	-71.2195	US	1
Woodstock	Illinois	42.31474	-88.4487	US	1
Sidney	New York	42.3148	-75.39157	US	1
La Porte City	Iowa	42.31499	-92.19213	US	1
Thompsonville	Massachusetts	42.31538	-71.18422	US	1
Tecumseh	Ontario	42.316	-82.884	CA	1
Uphams Corner	Massachusetts	42.31676	-71.06061	US	1
Battle Creek	Michigan	42.3173	-85.17816	US	1
Chelsea	Michigan	42.31807	-84.02181	US	1
Brownlee Park	Michigan	42.31893	-85.14249	US	1
Northborough	Massachusetts	42.31954	-71.64118	US	1
Loves Park	Illinois	42.32002	-89.05816	US	1
Bull Valley	Illinois	42.32058	-88.35509	US	1
Cochituate	Massachusetts	42.32093	-71.36423	US	1
Newton Highlands	Massachusetts	42.32093	-71.1995	US	1
Comstock Northwest	Michigan	42.32182	-85.51759	US	1
Montpelier	Idaho	42.32215	-111.2977	US	1
Dearborn	Michigan	42.32226	-83.17631	US	1
Westfield	New York	42.32228	-79.5781	US	1
Reinbeck	Iowa	42.3236	-92.59936	US	1
Westland	Michigan	42.3242	-83.40021	US	1
Northampton	Massachusetts	42.32509	-72.6412	US	1
Unadilla	New York	42.32536	-75.3124	US	1
North Chicago	Illinois	42.32558	-87.84118	US	1
Garden City	Michigan	42.32559	-83.33104	US	1
Volo	Illinois	42.32613	-88.16786	US	1
Springfield	Michigan	42.32643	-85.23916	US	1
Medford	Oregon	42.32652	-122.87559	US	1
Hornell	New York	42.32785	-77.6611	US	1
Parchment	Michigan	42.3281	-85.56973	US	1
Lakemoor	Illinois	42.32863	-88.19897	US	1
Greene	New York	42.32924	-75.76991	US	1
Newton Lower Falls	Massachusetts	42.32926	-71.25367	US	1
Back of the Hill	Massachusetts	42.32926	-71.11102	US	1
Chestnut Hill	Massachusetts	42.33065	-71.16616	US	1
Newton Center	Massachusetts	42.33065	-71.1995	US	1
Roxbury Crossing	Massachusetts	42.33065	-71.09116	US	1
Detroit	Michigan	42.33143	-83.04575	US	1
Brookline	Massachusetts	42.33176	-71.12116	US	1
Becket	Massachusetts	42.33203	-73.08288	US	1
McHenry	Illinois	42.33335	-88.26675	US	1
South Boston	Massachusetts	42.33343	-71.04949	US	0
Mission Hill	Massachusetts	42.33437	-71.10845	US	1
Reservoir	Massachusetts	42.33482	-71.14839	US	1
Beaconsfield	Massachusetts	42.33676	-71.14116	US	1
Dearborn Heights	Michigan	42.33698	-83.27326	US	1
Franklinville	New York	42.33701	-78.45808	US	1
Bath	New York	42.33702	-77.31776	US	1
Newton	Massachusetts	42.33704	-71.20922	US	1
Dexter	Michigan	42.33834	-83.88954	US	1
South Amherst	Massachusetts	42.34037	-72.50509	US	1
Hadley	Massachusetts	42.34176	-72.58842	US	1
West Fens	Massachusetts	42.34298	-71.09839	US	1
Grayslake	Illinois	42.34447	-88.04175	US	1
Aberdeen	Massachusetts	42.34454	-71.1495	US	1
Fenway/Kenmore	Massachusetts	42.34491	-71.10017	US	1
Ida Grove	Iowa	42.34499	-95.47167	US	1
Hainesville	Illinois	42.34502	-88.06786	US	1
West Stockbridge	Massachusetts	42.34592	-73.36622	US	1
Coolidge Corner	Massachusetts	42.34593	-71.1245	US	1
Marlborough	Massachusetts	42.34593	-71.55229	US	1
Boston Seaport	Massachusetts	42.34669	-71.04331	US	1
Machesney Park	Illinois	42.34724	-89.039	US	1
Montour Falls	New York	42.3473	-76.84524	US	1
Auburndale	Massachusetts	42.34732	-71.2495	US	1
Park City	Illinois	42.34836	-87.88424	US	1
Plainview	Nebraska	42.34973	-97.79201	US	1
Stockton	Illinois	42.34974	-90.00679	US	1
Hardwick	Massachusetts	42.35009	-72.19952	US	1
Back Bay	Massachusetts	42.3501	-71.087	US	1
Brighton	Massachusetts	42.3501	-71.15644	US	1
Newtonville	Massachusetts	42.3501	-71.20367	US	1
West Newton	Massachusetts	42.3501	-71.23283	US	1
Coxsackie	New York	42.35092	-73.8029	US	1
Gages Lake	Illinois	42.35169	-87.98258	US	1
Holden	Massachusetts	42.35176	-71.86341	US	1
Oakham	Massachusetts	42.35287	-72.04535	US	1
Round Lake	Illinois	42.35336	-88.09341	US	1
Faneuil	Massachusetts	42.35565	-71.16339	US	1
Allston/Brighton	Massachusetts	42.35569	-71.14231	US	1
Lenox	Massachusetts	42.35648	-73.28483	US	1
Round Lake Park	Illinois	42.35697	-88.07675	US	1
Allston	Massachusetts	42.35843	-71.12589	US	1
Boston	Massachusetts	42.35843	-71.05977	US	1
Cambridgeport	Massachusetts	42.35843	-71.10366	US	1
North Brighton	Massachusetts	42.35843	-71.13839	US	1
Beacon Hill	Massachusetts	42.35871	-71.06783	US	1
Eldora	Iowa	42.36082	-93.09965	US	1
Newton Corner	Massachusetts	42.36121	-71.19533	US	1
Grundy Center	Iowa	42.36165	-92.76853	US	1
New Hope	Oregon	42.36234	-123.36784	US	1
Nonantum	Massachusetts	42.3626	-71.20228	US	1
Wayland	Massachusetts	42.3626	-71.36145	US	1
Waukegan	Illinois	42.36363	-87.84479	US	1
Level Park-Oak Park	Michigan	42.36418	-85.2665	US	1
Chatham	New York	42.36425	-73.59484	US	1
Lower Allston	Massachusetts	42.36465	-71.12583	US	1
Kendall Square	Massachusetts	42.365	-71.08554	US	1
North End	Massachusetts	42.3651	-71.0545	US	1
Watertown Square	Massachusetts	42.36531	-71.18462	US	1
Jeffries Point	Massachusetts	42.36538	-71.03283	US	1
VA Boston Healthcare System, Brockton Campus	Massachusetts	42.36638	-71.05896	US	1
East Cambridge	Massachusetts	42.36676	-71.08005	US	1
West Boylston	Massachusetts	42.36676	-71.78563	US	1
Weston	Massachusetts	42.36676	-71.30311	US	1
Amherst	Massachusetts	42.36723	-72.51852	US	1
McCullom Lake	Illinois	42.36835	-88.29259	US	1
Poplar Grove	Illinois	42.36835	-88.82205	US	1
Livonia	Michigan	42.36837	-83.35271	US	1
Bemis	Massachusetts	42.36871	-71.20367	US	1
Rutland	Massachusetts	42.36954	-71.94813	US	1
Gurnee	Illinois	42.3703	-87.90202	US	1
Long Lake	Illinois	42.37085	-88.12758	US	1
Hatfield	Massachusetts	42.37092	-72.59814	US	1
Watertown	Massachusetts	42.37093	-71.18283	US	1
Plymouth	Michigan	42.37143	-83.47021	US	1
Round Lake Beach	Illinois	42.37169	-88.09008	US	1
Mid-Cambridge	Massachusetts	42.37205	-71.10598	US	1
West Cambridge/Harvard Square	Massachusetts	42.37247	-71.11947	US	1
Richmond	Massachusetts	42.37314	-73.36761	US	1
Third Lake	Illinois	42.37391	-88.01091	US	1
Cambridge	Massachusetts	42.3751	-71.10561	US	1
East Boston	Massachusetts	42.3751	-71.03922	US	1
Winthrop	Massachusetts	42.3751	-70.98283	US	1
Amherst Center	Massachusetts	42.37537	-72.51925	US	1
Grosse Pointe Park	Michigan	42.37587	-82.93742	US	1
Central Point	Oregon	42.37596	-122.91643	US	1
Waltham	Massachusetts	42.37649	-71.23561	US	1
Charlestown	Massachusetts	42.37787	-71.062	US	1
Lena	Illinois	42.37946	-89.82234	US	1
Union Square	Massachusetts	42.37972	-71.09653	US	1
Portland	New York	42.37978	-79.46755	US	1
Johnsburg	Illinois	42.38002	-88.24203	US	1
Round Lake Heights	Illinois	42.38002	-88.10425	US	1
Watkins Glen	New York	42.38063	-76.87329	US	1
Berlin	Massachusetts	42.3812	-71.63701	US	1
Redford	Michigan	42.38337	-83.2966	US	1
Sudbury	Massachusetts	42.38343	-71.41617	US	1
Wonder Lake	Illinois	42.3853	-88.34731	US	1
Spring Hill	Massachusetts	42.38591	-71.10927	US	1
Grosse Pointe	Michigan	42.38615	-82.91186	US	1
East Somerville	Massachusetts	42.38673	-71.0839	US	1
South Gull Lake	Michigan	42.38754	-85.39667	US	1
Orient Heights	Massachusetts	42.3876	-71.00366	US	1
Somerville	Massachusetts	42.3876	-71.0995	US	1
Brocton	New York	42.38867	-79.44116	US	1
Suffolk Downs Station	Massachusetts	42.38982	-70.99783	US	1
Chesterfield	Massachusetts	42.39175	-72.83982	US	1
Boylston	Massachusetts	42.39176	-71.70368	US	1
Chelsea	Massachusetts	42.39176	-71.03283	US	1
Hudson	Massachusetts	42.39176	-71.56618	US	1
Hamtramck	Michigan	42.39282	-83.04964	US	1
Grandwood Park	Illinois	42.39308	-87.98674	US	1
Williamsburg	Massachusetts	42.39314	-72.73009	US	1
Pelham	Massachusetts	42.39315	-72.4037	US	1
The Galena Territory	Illinois	42.39343	-90.32582	US	1
Rockwell City	Iowa	42.39526	-94.63387	US	1
Kinderhook	New York	42.39536	-73.6979	US	1
Belmont	Massachusetts	42.39593	-71.17867	US	1
West Somerville/Davis Square	Massachusetts	42.39593	-71.12255	US	1
Winter Hill	Massachusetts	42.39593	-71.09894	US	1
Fox Lake	Illinois	42.39669	-88.1837	US	1
Ten Hills	Massachusetts	42.39676	-71.087	US	1
Venetian Village	Illinois	42.39863	-88.05258	US	1
Durham	New York	42.39953	-74.17236	US	1
Capron	Illinois	42.39974	-88.74038	US	1
South Haven	Michigan	42.40309	-86.27364	US	1
Sergeant Bluff	Iowa	42.40388	-96.35864	US	1
Highland Park	Michigan	42.40559	-83.09687	US	1
Hudson	Iowa	42.40665	-92.45547	US	1
Stamford	New York	42.4073	-74.61432	US	1
Gold Beach	Oregon	42.40733	-124.42177	US	1
Tufts University	Massachusetts	42.40745	-71.1192	US	1
Fox Lake Hills	Illinois	42.40808	-88.13175	US	1
Revere	Massachusetts	42.40843	-71.01199	US	1
Everett	Massachusetts	42.40843	-71.05366	US	1
Pistakee Highlands	Illinois	42.40863	-88.20648	US	1
Grosse Pointe Farms	Michigan	42.4092	-82.89186	US	1
North Amherst	Massachusetts	42.41037	-72.53092	US	1
Lindenhurst	Illinois	42.41058	-88.02619	US	1
Chatham	Ontario	42.41224	-82.18494	CA	1
Roscoe	Illinois	42.41335	-89.00927	US	1
Valatie	New York	42.41342	-73.67317	US	1
Arlington	Massachusetts	42.41537	-71.15644	US	1
Dakota City	Nebraska	42.41555	-96.41836	US	1
Galena	Illinois	42.41667	-90.42902	US	1
Clinton	Massachusetts	42.41676	-71.68285	US	1
Lake Villa	Illinois	42.41697	-88.07397	US	1
Medford	Massachusetts	42.41843	-71.10616	US	1
Redwood	Oregon	42.42206	-123.38728	US	1
Fruitdale	Oregon	42.42206	-123.30811	US	1
Sac City	Iowa	42.4222	-94.98971	US	1
Beach Park	Illinois	42.42224	-87.8573	US	1
Harvard	Illinois	42.42224	-88.61371	US	1
Barre	Massachusetts	42.42287	-72.10508	US	1
Houghton	New York	42.4234	-78.15723	US	1
Malden	Massachusetts	42.4251	-71.06616	US	1
Lincoln	Massachusetts	42.42593	-71.30395	US	1
Nahant	Massachusetts	42.42649	-70.91894	US	1
Wadsworth	Illinois	42.42863	-87.92397	US	1
South Hill	New York	42.42924	-76.49494	US	1
Northville	Michigan	42.43115	-83.48327	US	1
Gold Hill	Oregon	42.43179	-123.0506	US	1
Lakeview	New York	42.43202	-75.86547	US	1
Harper Woods	Michigan	42.43309	-82.92408	US	1
Bolton	Massachusetts	42.43343	-71.60784	US	1
Maynard	Massachusetts	42.43343	-71.44951	US	1
Ridgetown	Ontario	42.43536	-81.88733	CA	1
Rogue River	Oregon	42.43595	-123.172	US	1
Durand	Illinois	42.4364	-89.33206	US	1
Grosse Pointe Shores	Michigan	42.4367	-82.87686	US	1
Stow	Massachusetts	42.43704	-71.50562	US	1
White City	Oregon	42.43735	-122.832	US	1
Sterling	Massachusetts	42.43759	-71.76063	US	1
Hinsdale	Massachusetts	42.4387	-73.12538	US	1
Grants Pass	Oregon	42.43933	-123.33067	US	1
East Ithaca	New York	42.43952	-76.47855	US	1
Whitmore Lake	Michigan	42.4397	-83.7453	US	1
Whately	Massachusetts	42.43981	-72.63481	US	1
Plainwell	Michigan	42.44004	-85.6489	US	1
Fredonia	New York	42.44006	-79.33171	US	1
Ithaca	New York	42.44063	-76.49661	US	1
Niverville	New York	42.44092	-73.66095	US	1
Olivet	Michigan	42.44143	-84.92415	US	1
Oxford	New York	42.44202	-75.59769	US	1
Farley	Iowa	42.44278	-91.00625	US	1
Bellevue	Michigan	42.44337	-85.01805	US	1
Spring Grove	Illinois	42.44363	-88.23648	US	1
Grosse Pointe Woods	Michigan	42.44365	-82.90686	US	1
South Lancaster	Massachusetts	42.44454	-71.68701	US	1
Epworth	Iowa	42.445	-90.93208	US	1
Zion	Illinois	42.44613	-87.83285	US	1
Lexington	Massachusetts	42.44732	-71.2245	US	1
Princeton	Massachusetts	42.4487	-71.8773	US	1
Pittsfield	Massachusetts	42.45008	-73.24538	US	1
Peosta	Iowa	42.45056	-90.85041	US	1
Stockbridge	Michigan	42.45115	-84.18051	US	1
Leslie	Michigan	42.45143	-84.43247	US	1
Leverett	Massachusetts	42.45203	-72.50148	US	1
Winchester	Massachusetts	42.45232	-71.137	US	1
Rockton	Illinois	42.45252	-89.07233	US	1
Oneonta	New York	42.45286	-75.06377	US	1
Lake Summerset	Illinois	42.45446	-89.38956	US	1
Lancaster	Massachusetts	42.45565	-71.67312	US	1
Shutesbury	Massachusetts	42.45648	-72.40981	US	1
Pinckney	Michigan	42.457	-83.94791	US	1
O'Neill	Nebraska	42.45778	-98.64759	US	1
Melrose	Massachusetts	42.45843	-71.06616	US	1
West Concord	Massachusetts	42.45843	-71.39534	US	1
Oak Park	Michigan	42.45948	-83.18271	US	1
Cayuga Heights	New York	42.4601	-76.48776	US	1
Concord	Massachusetts	42.46037	-71.34895	US	1
Ferndale	Michigan	42.46059	-83.13465	US	1
Otsego	Michigan	42.46059	-85.69641	US	1
South Lyon	Michigan	42.46059	-83.65161	US	1
Hazel Park	Michigan	42.46254	-83.10409	US	1
Gowanda	New York	42.46312	-78.93587	US	1
Dike	Iowa	42.46415	-92.62825	US	1
Farmington	Michigan	42.46448	-83.37632	US	1
Sylvan Beach	New York	42.46479	-77.1083	US	1
Saugus	Massachusetts	42.46482	-71.01005	US	1
Creighton	Nebraska	42.46667	-97.90618	US	1
Lynn	Massachusetts	42.46676	-70.94949	US	1
Elk Run Heights	Iowa	42.46693	-92.25657	US	1
Eastpointe	Michigan	42.46837	-82.95547	US	1
Ravena	New York	42.46841	-73.81624	US	1
Independence	Iowa	42.4686	-91.88934	US	1
West End	New York	42.46869	-75.09378	US	1
Evansdale	Iowa	42.46915	-92.28102	US	1
Webster City	Iowa	42.46942	-93.81605	US	1
Northeast Ithaca	New York	42.47032	-76.46228	US	1
Northwest Ithaca	New York	42.47059	-76.54145	US	1
Swampscott	Massachusetts	42.47093	-70.91755	US	1
Pleasant Ridge	Michigan	42.47115	-83.14215	US	1
Hebron	Illinois	42.47169	-88.43232	US	1
Eagle Point	Oregon	42.47263	-122.80282	US	1
Southfield	Michigan	42.47337	-83.22187	US	1
Dalton	Massachusetts	42.4737	-73.16621	US	1
Hubbardston	Massachusetts	42.4737	-72.00619	US	1
South Sioux City	Nebraska	42.47388	-96.41364	US	1
Jesup	Iowa	42.47554	-92.06379	US	1
Richmond	Illinois	42.47585	-88.30593	US	1
Antioch	Illinois	42.47724	-88.09564	US	1
South Deerfield	Massachusetts	42.47731	-72.60787	US	1
Channel Lake	Illinois	42.47863	-88.13759	US	1
Winthrop Harbor	Illinois	42.47891	-87.82368	US	1
Lake Catherine	Illinois	42.47919	-88.13342	US	1
Woburn	Massachusetts	42.47926	-71.15228	US	1
Dunkirk	New York	42.4795	-79.33393	US	1
Stoneham	Massachusetts	42.4801	-71.0995	US	1
Huntington Woods	Michigan	42.48059	-83.16687	US	1
Novi	Michigan	42.48059	-83.47549	US	1
Manchester	Iowa	42.48415	-91.45543	US	1
Lansing	New York	42.48424	-76.47994	US	1
Dyersville	Iowa	42.48444	-91.12291	US	1
Center Line	Michigan	42.48504	-83.0277	US	1
Acton	Massachusetts	42.48509	-71.43284	US	1
Farmington Hills	Michigan	42.48531	-83.37716	US	1
Madison Heights	Michigan	42.48587	-83.1052	US	1
Dakota Dunes	South Dakota	42.48749	-96.48642	US	1
Moville	Iowa	42.48888	-96.07252	US	1
Holstein	Iowa	42.48915	-95.545	US	1
Delevan	New York	42.48923	-78.48085	US	1
Royal Oak	Michigan	42.48948	-83.14465	US	1
Warren	Michigan	42.49044	-83.01304	US	1
Bedford	Massachusetts	42.49065	-71.27617	US	1
Boxborough	Massachusetts	42.49084	-71.52851	US	1
Dryden	New York	42.49091	-76.29716	US	1
East Dubuque	Illinois	42.49223	-90.64291	US	1
Waterloo	Iowa	42.49276	-92.34296	US	1
South Beloit	Illinois	42.49307	-89.03678	US	1
Warren	Illinois	42.4964	-89.98957	US	1
Lathrup Village	Michigan	42.49642	-83.22271	US	1
Saint Clair Shores	Michigan	42.49698	-82.88881	US	1
Stony Point	Michigan	42.49698	-85.42668	US	1
Roseville	Michigan	42.49726	-82.93714	US	1
Fort Dodge	Iowa	42.49747	-94.16802	US	1
Genoa City	Wisconsin	42.49835	-88.32815	US	1
Sioux City	Iowa	42.49999	-96.40031	US	1
Harvard	Massachusetts	42.50009	-71.58284	US	1
Marblehead	Massachusetts	42.5001	-70.85783	US	1
Dubuque	Iowa	42.50056	-90.66457	US	1
Sharon	Wisconsin	42.50252	-88.72899	US	1
Berkley	Michigan	42.50309	-83.18354	US	1
Burlington	Massachusetts	42.50482	-71.19561	US	1
Wakefield	Massachusetts	42.50648	-71.07283	US	1
Beloit	Wisconsin	42.50835	-89.03178	US	1
Springville	New York	42.5084	-78.66725	US	1
Eaton Rapids	Michigan	42.5092	-84.65581	US	1
Conway	Massachusetts	42.50981	-72.69953	US	1
South Peabody	Massachusetts	42.50982	-70.94949	US	1
Asbury	Iowa	42.51445	-90.75152	US	1
Bingham Farms	Michigan	42.51587	-83.27326	US	1
Nassau	New York	42.51591	-73.61012	US	1
Lanesborough	Massachusetts	42.51731	-73.22816	US	1
Merlin	Oregon	42.51734	-123.41979	US	1
Castleton-on-Hudson	New York	42.51841	-73.75123	US	1
Salem	Massachusetts	42.51977	-70.89552	US	1
Franklin	Michigan	42.52226	-83.30604	US	1
Iowa Falls	Iowa	42.52248	-93.25131	US	1
Dundee	New York	42.5234	-76.97663	US	1
Beverly Hills	Michigan	42.52392	-83.22326	US	1
Wixom	Michigan	42.52476	-83.53633	US	1
Leominster	Massachusetts	42.52509	-71.75979	US	1
Reading	Massachusetts	42.52565	-71.09533	US	1
Ashfield	Massachusetts	42.52647	-72.78843	US	1
North Sioux City	South Dakota	42.52722	-96.48309	US	1
Cedar Falls	Iowa	42.52776	-92.44547	US	1
Peabody	Massachusetts	42.52787	-70.92866	US	1
Manson	Iowa	42.52914	-94.53414	US	1
Allegan	Michigan	42.5292	-85.8553	US	1
Carlisle	Massachusetts	42.52926	-71.3495	US	1
Pinehurst	Massachusetts	42.52926	-71.22811	US	1
Brighton	Michigan	42.52948	-83.78022	US	1
Yorkshire	New York	42.53006	-78.4728	US	1
Hansen	Idaho	42.53068	-114.30101	US	1
Twin Lakes	Wisconsin	42.53113	-88.24815	US	1
Walworth	Wisconsin	42.53113	-88.59955	US	1
Norwich	New York	42.53118	-75.52351	US	1
Atkinson	Nebraska	42.53139	-98.97815	US	1
Hazel Green	Wisconsin	42.53278	-90.43457	US	1
Clawson	Michigan	42.53337	-83.14632	US	1
Kimberly	Idaho	42.5338	-114.36476	US	1
Arcade	New York	42.53395	-78.42307	US	1
Camp Lake	Wisconsin	42.53474	-88.1437	US	1
Montague	Massachusetts	42.53564	-72.53509	US	1
Burley	Idaho	42.53574	-113.79279	US	1
Walled Lake	Michigan	42.53781	-83.48105	US	1
Pell Lake	Wisconsin	42.53807	-88.35093	US	1
Lynnfield	Massachusetts	42.53898	-71.04811	US	1
Fraser	Michigan	42.5392	-82.94937	US	1
Cincinnatus	New York	42.54229	-75.89575	US	1
Trumansburg	New York	42.54229	-76.66606	US	1
Shirley	Massachusetts	42.5437	-71.64951	US	1
Silver Creek	New York	42.54423	-79.16671	US	1
Devens	Massachusetts	42.5447	-71.61318	US	1
Westminster	Massachusetts	42.54592	-71.91063	US	1
Littleton Common	Massachusetts	42.54593	-71.47451	US	1
Silver Lake	Wisconsin	42.54613	-88.16564	US	1
Wilmington	Massachusetts	42.54648	-71.17367	US	1
Birmingham	Michigan	42.5467	-83.21132	US	1
Wendell	Massachusetts	42.54814	-72.39675	US	1
Phillipston	Massachusetts	42.5487	-72.13286	US	1
Ainsworth	Nebraska	42.55	-99.86262	US	1
Fontana	Wisconsin	42.55141	-88.5751	US	1
Pleasant Prairie	Wisconsin	42.55308	-87.93341	US	1
Beverly Cove	Massachusetts	42.55343	-70.85366	US	1
Marbleton	Wyoming	42.55355	-110.10932	US	1
Powers Lake	Wisconsin	42.55363	-88.29454	US	1
Ackley	Iowa	42.55415	-93.05326	US	1
Salem	Wisconsin	42.55474	-88.11092	US	1
Templeton	Massachusetts	42.55564	-72.06758	US	1
Wolverine Lake	Michigan	42.5567	-83.47383	US	1
Clinton	Wisconsin	42.55779	-88.86511	US	1
Beverly	Massachusetts	42.55843	-70.88005	US	1
Billerica	Massachusetts	42.55843	-71.26895	US	1
Heyburn	Idaho	42.55852	-113.7639	US	1
Bristol	Wisconsin	42.55891	-88.04925	US	1
Dansville	New York	42.5609	-77.69611	US	1
Ayer	Massachusetts	42.5612	-71.58979	US	1
Ponca	Nebraska	42.5625	-96.70559	US	1
Twin Falls	Idaho	42.56297	-114.46087	US	1
Charlotte	Michigan	42.56365	-84.83582	US	1
Wayland	New York	42.56784	-77.58971	US	1
West Bloomfield Township	Michigan	42.56891	-83.38356	US	1
Filer	Idaho	42.57019	-114.60782	US	1
Shullsburg	Wisconsin	42.57334	-90.23096	US	1
Danvers	Massachusetts	42.57509	-70.93005	US	1
Gardner	Massachusetts	42.57509	-71.99813	US	1
North Reading	Massachusetts	42.57509	-71.07867	US	1
Parkersburg	Iowa	42.57748	-92.78686	US	1
Paddock Lake	Wisconsin	42.57752	-88.10509	US	1
Manchester-by-the-Sea	Massachusetts	42.57787	-70.76894	US	1
Williams Bay	Wisconsin	42.57807	-88.54093	US	1
Mason	Michigan	42.5792	-84.44358	US	1
Westford	Massachusetts	42.57926	-71.43784	US	1
Nunda	New York	42.57951	-77.9425	US	1
Sterling Heights	Michigan	42.58031	-83.0302	US	1
Oakland	Iowa	42.58109	-93.44326	US	1
Millers Falls	Massachusetts	42.58203	-72.49259	US	1
Munsons Corners	New York	42.58229	-76.2091	US	1
Orchard Lake	Michigan	42.58309	-83.35938	US	1
Fitchburg	Massachusetts	42.58342	-71.8023	US	1
Bloomfield Hills	Michigan	42.58364	-83.24549	US	1
Aplington	Iowa	42.58415	-92.88436	US	1
Delavan Lake	Wisconsin	42.58418	-88.6326	US	1
Kenosha	Wisconsin	42.58474	-87.82119	US	1
Bassett	Nebraska	42.58583	-99.53789	US	1
Kenosha Streetcar	Wisconsin	42.5869	-87.81021	US	1
Clinton Township	Michigan	42.58698	-82.91992	US	1
Greenfield	Massachusetts	42.58759	-72.59953	US	1
Groton	New York	42.58785	-76.36688	US	1
Kingsley	Iowa	42.58832	-95.96752	US	1
Shelburne	Massachusetts	42.58981	-72.68842	US	1
Orange	Massachusetts	42.59036	-72.30981	US	1
East Greenbush	New York	42.59091	-73.70179	US	1
Worcester	New York	42.59146	-74.75043	US	1
Lake Geneva	Wisconsin	42.59168	-88.43343	US	1
Buckland	Massachusetts	42.59231	-72.79176	US	1
Milford	Michigan	42.59364	-83.59939	US	1
Fennville	Michigan	42.59392	-86.1017	US	1
Cortland West	New York	42.59431	-76.22587	US	1
Lunenburg	Massachusetts	42.59453	-71.72452	US	1
Middleton	Massachusetts	42.59509	-71.01616	US	1
North Collins	New York	42.59534	-78.94115	US	1
Athol	Massachusetts	42.59592	-72.22675	US	1
McGraw	New York	42.59618	-76.09326	US	1
Mount Clemens	Michigan	42.59726	-82.87798	US	1
Branchport	New York	42.59868	-77.15386	US	1
Middleburgh	New York	42.59869	-74.33292	US	1
Buhl	Idaho	42.59907	-114.75949	US	1
Chelmsford	Massachusetts	42.59981	-71.36728	US	1
West Lorne	Ontario	42.60009	-81.59976	CA	1
Erving	Massachusetts	42.60009	-72.39814	US	1
Monroe	Wisconsin	42.60112	-89.63845	US	1
Cortland	New York	42.60118	-76.18048	US	1
Darien	Wisconsin	42.60168	-88.7076	US	1
Nashville	Michigan	42.60281	-85.09305	US	1
Shelburne Falls	Massachusetts	42.60425	-72.73926	US	1
Turners Falls	Massachusetts	42.60425	-72.55648	US	1
Wenham	Massachusetts	42.60426	-70.89116	US	1
Cuba City	Wisconsin	42.60555	-90.42985	US	1
Troy	Michigan	42.60559	-83.14993	US	1
Howell	Michigan	42.60726	-83.9294	US	1
Paul	Idaho	42.60796	-113.78335	US	1
Keego Harbor	Michigan	42.60809	-83.34382	US	1
Baldwinville	Massachusetts	42.60842	-72.07591	US	1
Center	Nebraska	42.60945	-97.87673	US	1
South Ashburnham	Massachusetts	42.61037	-71.93897	US	1
Tewksbury	Massachusetts	42.61065	-71.23422	US	1
Shady Cove	Oregon	42.61068	-122.81254	US	1
Groton	Massachusetts	42.6112	-71.57451	US	1
Sylvan Lake	Michigan	42.61142	-83.32855	US	1
Como	Wisconsin	42.61224	-88.48232	US	1
Gloucester	Massachusetts	42.61405	-70.66313	US	1
Walpole Island	Ontario	42.6152	-82.51398	CA	1
Keuka Park	New York	42.61535	-77.09219	US	1
Naples	New York	42.61535	-77.40249	US	1
Port Rowan	Ontario	42.6168	-80.46638	CA	1
Brodhead	Wisconsin	42.61834	-89.37623	US	1
Algonac	Michigan	42.61858	-82.5323	US	1
Rupert	Idaho	42.61908	-113.67723	US	1
Hampton Manor	New York	42.62091	-73.72845	US	1
Delmar	New York	42.62202	-73.83262	US	1
Hartington	Nebraska	42.6225	-97.2645	US	1
Bohners Lake	Wisconsin	42.62307	-88.28037	US	1
Lake Erie Beach	New York	42.62423	-79.06698	US	1
Adams	Massachusetts	42.62425	-73.1176	US	1
Berne	New York	42.62535	-74.13346	US	1
Utica	Michigan	42.62614	-83.03354	US	1
Pearl Beach	Michigan	42.6267	-82.59769	US	1
Dickeyville	Wisconsin	42.62722	-90.59207	US	1
Orfordville	Wisconsin	42.62751	-89.25317	US	1
Charlemont	Massachusetts	42.62786	-72.86982	US	1
Boston	New York	42.62895	-78.73753	US	1
Potterville	Michigan	42.6292	-84.73887	US	1
Essex	Massachusetts	42.63204	-70.78283	US	1
Delavan	Wisconsin	42.63307	-88.64371	US	1
Lowell	Massachusetts	42.63342	-71.31617	US	1
Averill Park	New York	42.63397	-73.55373	US	1
Decatur	Wisconsin	42.63433	-89.41155	US	1
Ashburnham	Massachusetts	42.6362	-71.90785	US	1
Homer	New York	42.63701	-76.17882	US	1
Topsfield	Massachusetts	42.63759	-70.9495	US	1
Angola	New York	42.63839	-79.02782	US	1
Pontiac	Michigan	42.63892	-83.29105	US	1
Fairbank	Iowa	42.63915	-92.04712	US	1
Somers	Wisconsin	42.6403	-87.91036	US	1
Gill	Massachusetts	42.64036	-72.49953	US	1
Holt	Michigan	42.64059	-84.51525	US	1
Storm Lake	Iowa	42.64109	-95.20972	US	1
Holland	New York	42.64117	-78.54169	US	1
Rensselaer	New York	42.64258	-73.7429	US	1
Douglas	Michigan	42.64336	-86.20059	US	1
West Sand Lake	New York	42.64341	-73.60873	US	1
Dimondale	Michigan	42.64559	-84.64887	US	1
Hastings	Michigan	42.64587	-85.29084	US	1
Eden	New York	42.65228	-78.89698	US	1
Albany	New York	42.65258	-73.75623	US	1
Voorheesville	New York	42.65397	-73.92874	US	1
Soda Springs	Idaho	42.65437	-111.60467	US	1
Angola on the Lake	New York	42.65478	-79.04893	US	1
Rockport	Massachusetts	42.65565	-70.62032	US	1
Rochester Hills	Michigan	42.65837	-83.14993	US	1
Andover	Massachusetts	42.65843	-71.137	US	1
Fowlerville	Michigan	42.66059	-84.07301	US	1
Penn Yan	New York	42.6609	-77.05386	US	1
Boxford	Massachusetts	42.6612	-70.99672	US	1
Eagle Grove	Iowa	42.66414	-93.90439	US	1
East Pepperell	Massachusetts	42.66537	-71.57312	US	1
Schoharie	New York	42.66591	-74.30958	US	1
Pepperell	Massachusetts	42.66592	-71.5884	US	1
Townsend	Massachusetts	42.66676	-71.70507	US	1
Port Stanley	Ontario	42.66679	-81.21644	CA	1
Webberville	Michigan	42.66698	-84.17413	US	1
Dracut	Massachusetts	42.67037	-71.30201	US	1
Shelby	Michigan	42.67087	-83.03298	US	1
Bernardston	Massachusetts	42.67092	-72.54953	US	1
Denver	Iowa	42.67137	-92.3374	US	1
Elkhorn	Wisconsin	42.67279	-88.54454	US	1
Colrain	Massachusetts	42.67314	-72.69676	US	1
Oelwein	Iowa	42.67332	-91.9135	US	1
Alta	Iowa	42.67359	-95.29055	US	1
Wayland	Michigan	42.67392	-85.64474	US	1
Dunstable	Massachusetts	42.67509	-71.48284	US	1
Tyngsboro	Massachusetts	42.67676	-71.42451	US	1
Royalston	Massachusetts	42.67759	-72.18786	US	1
Cobleskill	New York	42.67785	-74.48542	US	1
Ashby	Massachusetts	42.67787	-71.82035	US	1
Burlington	Wisconsin	42.67807	-88.2762	US	1
Sherburne	New York	42.67813	-75.49851	US	1
Ipswich	Massachusetts	42.67926	-70.84116	US	1
Rochester	Michigan	42.68059	-83.13382	US	1
New Baltimore	Michigan	42.68114	-82.73686	US	1
Janesville	Wisconsin	42.68279	-89.01872	US	1
Darlington	Wisconsin	42.68306	-90.11763	US	1
West Albany	New York	42.68313	-73.77845	US	1
Elk Point	South Dakota	42.68333	-96.68365	US	1
Strawberry Point	Iowa	42.6836	-91.53403	US	1
McKownville	New York	42.68397	-73.84762	US	1
North Boston	New York	42.68562	-78.7767	US	1
Winchendon	Massachusetts	42.6862	-72.04397	US	1
Harrison	Nebraska	42.68719	-103.88271	US	1
Auburn Hills	Michigan	42.68753	-83.2341	US	1
Union Grove	Wisconsin	42.68807	-88.05147	US	1
Williamston	Michigan	42.68892	-84.28302	US	1
Poestenkill	New York	42.69036	-73.56456	US	1
Westmere	New York	42.69119	-73.86873	US	1
Menands	New York	42.69202	-73.72456	US	1
Browns Lake	Wisconsin	42.69252	-88.2312	US	1
Waterford	Michigan	42.69303	-83.41181	US	1
Roessleville	New York	42.69508	-73.80707	US	1
Northfield	Massachusetts	42.69592	-72.45287	US	1
Wynantskill	New York	42.69675	-73.64428	US	1
Mount Pleasant	Wisconsin	42.69743	-87.85577	US	1
Sturtevant	Wisconsin	42.69807	-87.89452	US	1
North Andover	Massachusetts	42.6987	-71.13506	US	1
Cooperstown	New York	42.70048	-74.92426	US	1
Altamont	New York	42.70063	-74.03374	US	1
North Adams	Massachusetts	42.70092	-73.10871	US	1
Eagle Lake	Wisconsin	42.70696	-88.12814	US	1
Lawrence	Massachusetts	42.70704	-71.16311	US	1
Albany	Wisconsin	42.70778	-89.43706	US	1
Shell Rock	Iowa	42.71026	-92.58297	US	1
Williamstown	Massachusetts	42.71202	-73.20372	US	1
Moravia	New York	42.71257	-76.4216	US	1
Middleville	Michigan	42.71309	-85.46196	US	1
Richmond	Wisconsin	42.71473	-88.74927	US	1
Perry	New York	42.71562	-78.00556	US	1
Hamburg	New York	42.71589	-78.82948	US	1
Rowley	Massachusetts	42.71676	-70.87866	US	1
Colonie	New York	42.71786	-73.83346	US	1
Rushville	Nebraska	42.71832	-102.46406	US	1
Marine City	Michigan	42.71948	-82.49213	US	1
Humboldt	Iowa	42.7208	-94.21524	US	1
Dakota City	Iowa	42.72219	-94.19718	US	1
Okemos	Michigan	42.72226	-84.42747	US	1
Jerome	Idaho	42.72407	-114.51865	US	1
Afton	Wyoming	42.72493	-110.93187	US	1
Mount Morris	New York	42.72562	-77.87417	US	1
Waverly	Iowa	42.72581	-92.47546	US	1
Racine	Wisconsin	42.72613	-87.78285	US	1
Methuen	Massachusetts	42.7262	-71.19089	US	1
Conda	Idaho	42.72825	-111.53245	US	1
Troy	New York	42.72841	-73.69179	US	1
New Haven	Michigan	42.72948	-82.80131	US	1
Watervliet	New York	42.73008	-73.70123	US	1
Clarion	Iowa	42.73164	-93.73299	US	1
Lansing	Michigan	42.73253	-84.55553	US	1
Platteville	Wisconsin	42.73416	-90.47846	US	1
Pelham	New Hampshire	42.73453	-71.32451	US	1
Brookline	New Hampshire	42.73481	-71.65813	US	1
Pocahontas	Iowa	42.73553	-94.66915	US	1
Clarkston	Michigan	42.73586	-83.41883	US	1
East Lansing	Michigan	42.73698	-84.48387	US	1
Waverly	Michigan	42.7392	-84.62081	US	1
Warsaw	New York	42.74006	-78.13279	US	1
Rochester	Wisconsin	42.74141	-88.22426	US	1
Hampton	Iowa	42.74192	-93.20242	US	1
Hollis	New Hampshire	42.74314	-71.59174	US	1
Mason	New Hampshire	42.7437	-71.76896	US	1
Green Island	New York	42.74424	-73.69151	US	1
Monticello	Wisconsin	42.74556	-89.59484	US	1
Port Orford	Oregon	42.74566	-124.49733	US	1
Wanakah	New York	42.74617	-78.90309	US	1
Edgemont Park	Michigan	42.7467	-84.59359	US	1
Haslett	Michigan	42.74698	-84.40108	US	1
Latham	New York	42.74702	-73.75901	US	1
New Ipswich	New Hampshire	42.74814	-71.85424	US	1
Cropseyville	New York	42.74897	-73.55734	US	1
Cherokee	Iowa	42.74943	-95.55167	US	1
Glencoe	Ontario	42.75009	-81.71648	CA	1
Rindge	New Hampshire	42.7512	-72.0098	US	1
Allison	Iowa	42.75275	-92.79519	US	1
Grand Ledge	Michigan	42.75337	-84.74638	US	1
Richmond	New Hampshire	42.75481	-72.27175	US	1
Douglas	Wyoming	42.75969	-105.38221	US	1
Franksville	Wisconsin	42.76002	-87.91341	US	1
Groveland	Massachusetts	42.76037	-71.03145	US	1
Lusk	Wyoming	42.76247	-104.45217	US	1
Waterford	Wisconsin	42.76307	-88.21426	US	1
Hudson	New Hampshire	42.76481	-71.43979	US	1
Nashua	New Hampshire	42.76537	-71.46757	US	1
Pownal	Vermont	42.76564	-73.23594	US	1
Aylmer	Ontario	42.76679	-80.98302	CA	1
Greenville	New Hampshire	42.76731	-71.8123	US	1
Orchard Park	New York	42.76756	-78.74392	US	1
East Aurora	New York	42.76784	-78.61336	US	1
Winchester	New Hampshire	42.77342	-72.38314	US	1
St. Thomas	Ontario	42.77361	-81.18038	CA	1
Cohoes	New York	42.77424	-73.70012	US	1
Milton	Wisconsin	42.77556	-88.944	US	1
Wendell	Idaho	42.77574	-114.70422	US	1
Haverhill	Massachusetts	42.7762	-71.07728	US	1
Vermillion	South Dakota	42.77944	-96.92921	US	1
Niskayuna	New York	42.7798	-73.84568	US	1
Evansville	Wisconsin	42.78028	-89.29928	US	1
Fitzwilliam	New Hampshire	42.78064	-72.14175	US	1
Billington Heights	New York	42.78423	-78.62642	US	1
Wind Point	Wisconsin	42.78446	-87.76619	US	1
Lake Orion	Michigan	42.78448	-83.23966	US	1
Clarksville	Iowa	42.7847	-92.66769	US	1
Lake Odessa	Michigan	42.78476	-85.13834	US	1
East Troy	Wisconsin	42.78529	-88.4051	US	1
Guttenberg	Iowa	42.78582	-91.09957	US	1
American Falls	Idaho	42.78602	-112.85444	US	1
Hinsdale	New Hampshire	42.78619	-72.48648	US	1
Rotterdam	New York	42.78702	-73.97096	US	1
Holland	Michigan	42.78752	-86.10893	US	1
Salem	New Hampshire	42.78842	-71.20089	US	1
Caledonia	Michigan	42.7892	-85.51669	US	1
Middleport	New York	42.79062	-75.5599	US	1
Argentine	Michigan	42.79142	-83.84634	US	1
Holly	Michigan	42.79197	-83.62773	US	1
Waterford	New York	42.79258	-73.68123	US	1
Le Mars	Iowa	42.79416	-96.16558	US	1
Geneseo	New York	42.7959	-77.81695	US	1
Beechwood	Michigan	42.79697	-86.12588	US	1
Blasdell	New York	42.79728	-78.82337	US	1
Fenton	Michigan	42.79781	-83.70495	US	1
Windham	New Hampshire	42.80064	-71.30423	US	1
West Newbury	Massachusetts	42.80148	-70.98978	US	1
Romeo	Michigan	42.80281	-83.01299	US	1
Gordon	Nebraska	42.80472	-102.20322	US	1
Caledonia	Wisconsin	42.8078	-87.92425	US	1
Tripoli	Iowa	42.80804	-92.25823	US	1
Braman Corners	New York	42.80869	-74.21874	US	1
Richmond	Michigan	42.8092	-82.75576	US	1
Byron Center	Michigan	42.81225	-85.72281	US	1
Zeeland	Michigan	42.81252	-86.01865	US	1
Newburyport	Massachusetts	42.81259	-70.87728	US	1
Jaffrey	New Hampshire	42.81397	-72.02314	US	1
Schenectady	New York	42.81424	-73.93957	US	1
New Glarus	Wisconsin	42.81445	-89.63512	US	1
Linden	Michigan	42.81447	-83.78245	US	1
Remsen	Iowa	42.81471	-95.97335	US	1
Temple	New Hampshire	42.81814	-71.85147	US	1
Bath	Michigan	42.81864	-84.44859	US	1
Saint Clair	Michigan	42.82087	-82.48602	US	1
Livonia	New York	42.82145	-77.66861	US	1
Potter Lake	Wisconsin	42.82168	-88.34898	US	1
Troy	New Hampshire	42.82397	-72.18119	US	1
Springview	Nebraska	42.82444	-99.74901	US	1
Oxford	Michigan	42.82475	-83.26466	US	1
Lackawanna	New York	42.82561	-78.82337	US	1
Marcus	Iowa	42.82582	-95.80751	US	1
Perry	Michigan	42.82642	-84.21941	US	1
Scotia	New York	42.82647	-73.96429	US	1
Hamilton	New York	42.82701	-75.54462	US	1
Wacousta	Michigan	42.82781	-84.70082	US	1
Akron	Iowa	42.82888	-96.55948	US	1
Tichigan	Wisconsin	42.8289	-88.19759	US	1
Chadron	Nebraska	42.82942	-102.99991	US	1
Wind Lake	Wisconsin	42.82946	-88.1587	US	1
Elma Center	New York	42.82978	-78.63614	US	1
White River Junction VA Medical Center	Vermont	42.83049	-72.56786	US	1
Merrimac	Massachusetts	42.83065	-71.00228	US	1
Lander	Wyoming	42.83301	-108.73067	US	1
Norfolk County	Ontario	42.8334	-80.38297	CA	1
Simcoe	Ontario	42.8334	-80.29967	CA	1
Whitewater	Wisconsin	42.83362	-88.73233	US	1
Edgerton	Wisconsin	42.83528	-89.06761	US	1
Milford	New Hampshire	42.83536	-71.64896	US	1
Springfield	New York	42.83618	-74.85348	US	1
Plaistow	New Hampshire	42.83648	-71.09478	US	1
Atkinson	New Hampshire	42.83842	-71.147	US	1
Union Springs	New York	42.83979	-76.69328	US	1
Mills	Wyoming	42.84052	-106.36586	US	1
Cutlerville	Michigan	42.84086	-85.66364	US	1
Salisbury	Massachusetts	42.84176	-70.86061	US	1
Fayette	Iowa	42.84193	-91.80211	US	1
DeWitt	Michigan	42.84226	-84.56915	US	1
Wilton	New Hampshire	42.84342	-71.73507	US	1
Armada	Michigan	42.8442	-82.88437	US	1
Litchfield	New Hampshire	42.84425	-71.47979	US	1
Belmond	Iowa	42.84608	-93.6141	US	1
Lake Fenton	Michigan	42.84614	-83.70773	US	1
Laurens	Iowa	42.84664	-94.85193	US	1
Sumner	Iowa	42.84748	-92.09156	US	1
Lancaster	Wisconsin	42.84749	-90.71068	US	1
West Seneca	New York	42.85006	-78.79975	US	1
Delhi	Ontario	42.8501	-80.49968	CA	1
Brattleboro	Vermont	42.85092	-72.55787	US	1
Ortonville	Michigan	42.85225	-83.443	US	1
Richfield Springs	New York	42.85341	-74.98543	US	1
Brooklyn	Wisconsin	42.85361	-89.3704	US	1
Elkader	Iowa	42.85387	-91.40542	US	1
Springfield	South Dakota	42.85417	-97.89729	US	1
West Brattleboro	Vermont	42.85592	-72.60315	US	1
Amesbury	Massachusetts	42.85842	-70.93005	US	1
Belleville	Wisconsin	42.85972	-89.53818	US	1
Tillsonburg	Ontario	42.85986	-80.72617	CA	1
Evansville	Wyoming	42.85997	-106.26836	US	1
Mineral Point	Wisconsin	42.86	-90.17985	US	1
Glenrock	Wyoming	42.86136	-105.87223	US	1
Attica	New York	42.86423	-78.28029	US	1
Londonderry	New Hampshire	42.86509	-71.37395	US	1
Merrimack	New Hampshire	42.86509	-71.4934	US	1
Clifton Park	New York	42.86563	-73.77095	US	1
Pinedale	Wyoming	42.86661	-109.86099	US	1
Casper	Wyoming	42.86663	-106.31308	US	1
Mukwonago	Wisconsin	42.86668	-88.33343	US	1
East Merrimack	New Hampshire	42.86814	-71.4834	US	1
Geneva	New York	42.86896	-76.97774	US	1
Portland	Michigan	42.8692	-84.90305	US	1
Kentwood	Michigan	42.86947	-85.64475	US	1
Newton	New Hampshire	42.86953	-71.0345	US	1
Swanzey	New Hampshire	42.8698	-72.28175	US	1
West Swanzey	New Hampshire	42.87008	-72.32175	US	1
Peterborough	New Hampshire	42.87064	-71.95175	US	1
Hudsonville	Michigan	42.87086	-85.86504	US	1
Yankton	South Dakota	42.87111	-97.39728	US	1
Pocatello	Idaho	42.8713	-112.44553	US	1
Valentine	Nebraska	42.87278	-100.55097	US	1
Canandaigua	New York	42.87423	-77.28804	US	1
Hampstead	New Hampshire	42.87453	-71.18117	US	1
Palmyra	Wisconsin	42.87779	-88.58621	US	1
Bennington	Vermont	42.87813	-73.19677	US	1
Rutland	Wisconsin	42.87889	-89.35012	US	1
Eagle	Wisconsin	42.87946	-88.47427	US	1
Derry	New Hampshire	42.88064	-71.32729	US	1
Big Bend	Wisconsin	42.8814	-88.20676	US	1
Petrolia	Ontario	42.882	-82.152	CA	1
Corunna	Ontario	42.88338	-82.43313	CA	1
Belmont	Ontario	42.88339	-81.08303	CA	1
Jarvis	Ontario	42.88559	-80.1122	CA	1
Oak Creek	Wisconsin	42.88585	-87.86314	US	1
Buffalo	New York	42.88645	-78.87837	US	1
Chesterfield	New Hampshire	42.8873	-72.47037	US	1
Franklin	Wisconsin	42.88863	-88.03842	US	1
Laingsburg	Michigan	42.89031	-84.35136	US	1
Town Line	New York	42.89061	-78.5778	US	1
Derry Village	New Hampshire	42.89175	-71.31201	US	1
Sheffield	Iowa	42.8933	-93.2152	US	1
Sloan	New York	42.89339	-78.79392	US	1
East Glenville	New York	42.89452	-73.9279	US	1
Mont Vernon	New Hampshire	42.89453	-71.67424	US	1
Seabrook	New Hampshire	42.89481	-70.87116	US	1
Greene	Iowa	42.89581	-92.80242	US	1
Memphis	Michigan	42.89642	-82.76881	US	1
Morrisville	New York	42.89868	-75.64018	US	1
Alden	New York	42.90006	-78.49197	US	1
Mount Brydges	Ontario	42.90009	-81.48306	CA	1
Dunnville	Ontario	42.90011	-79.61631	CA	1
Fort Erie	Ontario	42.90012	-78.93286	CA	1
Port Colborne	Ontario	42.90012	-79.23288	CA	1
Lancaster	New York	42.90061	-78.67031	US	1
Hoosick Falls	New York	42.90119	-73.3515	US	1
Holcomb	New York	42.90229	-77.41971	US	1
Mechanicville	New York	42.90285	-73.68734	US	1
Cheektowaga	New York	42.90339	-78.75475	US	1
Depew	New York	42.90395	-78.69225	US	1
Marlborough	New Hampshire	42.90425	-72.20786	US	1
Lima	New York	42.90479	-77.61139	US	1
Waterloo	New York	42.90479	-76.86274	US	1
Canajoharie	New York	42.90563	-74.57181	US	1
Muskego	Wisconsin	42.90585	-88.13898	US	1
Jenison	Michigan	42.90725	-85.79198	US	1
Hampton Beach	New Hampshire	42.90731	-70.812	US	1
Dublin	New Hampshire	42.90758	-72.06258	US	1
Lyndeborough	New Hampshire	42.90758	-71.76646	US	1
Melrose Park	New York	42.90868	-76.54022	US	1
Lake Koshkonong	Wisconsin	42.90973	-88.91955	US	1
Grandville	Michigan	42.90975	-85.76309	US	1
South Milwaukee	Wisconsin	42.91057	-87.86064	US	1
Seneca Falls	New York	42.91062	-76.79662	US	1
Butte	Nebraska	42.91139	-98.84926	US	1
Ballston Lake	New York	42.91174	-73.86818	US	1
Durand	Michigan	42.91198	-83.98468	US	1
Avon	New York	42.91201	-77.74556	US	1
Marysville	Michigan	42.91253	-82.48686	US	1
Danville	New Hampshire	42.91259	-71.1245	US	1
Wyoming	Michigan	42.91336	-85.70531	US	1
Bar Nunn	Wyoming	42.91358	-106.34336	US	1
Country Knolls	New York	42.91508	-73.80512	US	1
Hampton Falls	New Hampshire	42.9162	-70.86366	US	1
Delaware	Ontario	42.91679	-81.41646	CA	1
Stoughton	Wisconsin	42.91695	-89.21789	US	1
Goodrich	Michigan	42.91697	-83.50634	US	1
Almont	Michigan	42.92058	-83.04493	US	1
Chubbuck	Idaho	42.92075	-112.46609	US	1
East Kingston	New Hampshire	42.92564	-71.01672	US	1
Oregon	Wisconsin	42.92611	-89.38456	US	1
Kensington	New Hampshire	42.92703	-70.94394	US	1
Canyonville	Oregon	42.92734	-123.28117	US	1
Grand Blanc	Michigan	42.92753	-83.62995	US	1
Sandown	New Hampshire	42.9287	-71.18701	US	1
Fort Atkinson	Wisconsin	42.92889	-88.83705	US	1
Glenville	New York	42.92924	-74.05207	US	1
Saranac	Michigan	42.92948	-85.21307	US	1
Cazenovia	New York	42.93007	-75.85269	US	1
North Bennington	Vermont	42.93036	-73.24261	US	1
Waterville	New York	42.93118	-75.37989	US	1
Fort Plain	New York	42.93146	-74.62264	US	1
Auburn	New York	42.93173	-76.56605	US	1
Waterford	Ontario	42.9334	-80.28296	CA	1
Lowell	Michigan	42.93364	-85.34196	US	1
Keene	New Hampshire	42.93369	-72.27814	US	1
North Prairie	Wisconsin	42.93446	-88.40537	US	1
Shoshone	Idaho	42.93602	-114.40588	US	1
Kingston	New Hampshire	42.93648	-71.05339	US	1
Hales Corners	Wisconsin	42.93751	-88.0487	US	1
Hampton	New Hampshire	42.93759	-70.83894	US	1
Stillwater	New York	42.93841	-73.65317	US	1
Amsterdam	New York	42.93869	-74.18819	US	1
Gooding	Idaho	42.93879	-114.71311	US	1
Greendale	Wisconsin	42.94057	-87.99592	US	1
East Grand Rapids	Michigan	42.94114	-85.61003	US	1
Dover	Vermont	42.94369	-72.80399	US	1
Aberdeen	Idaho	42.94408	-112.83833	US	1
Harrisville	New Hampshire	42.94508	-72.09647	US	1
Cassville	New York	42.9459	-75.25433	US	1
Bedford	New Hampshire	42.94647	-71.5159	US	1
Skaneateles	New York	42.94701	-76.4291	US	1
Watford	Ontario	42.95008	-81.88309	CA	1
Greenfield	New Hampshire	42.95064	-71.8723	US	1
Riddle	Oregon	42.95095	-123.36423	US	1
Tyhee	Idaho	42.95158	-112.46637	US	1
Honeoye Falls	New York	42.95229	-77.59028	US	1
Nashua	Iowa	42.95275	-92.5363	US	1
Fonda	New York	42.95452	-74.37652	US	1
Glenns Ferry	Idaho	42.9549	-115.3009	US	1
Strathroy	Ontario	42.9551	-81.62232	CA	1
Tribes Hill	New York	42.95535	-74.28513	US	1
Shortsville	New York	42.9559	-77.22081	US	1
Chester	New Hampshire	42.95675	-71.25728	US	1
Swartz Creek	Michigan	42.95725	-83.83051	US	1
Phelps	New York	42.95756	-77.05747	US	1
Forest Hills	Michigan	42.95947	-85.48975	US	1
Cudahy	Wisconsin	42.95974	-87.86147	US	1
Dodgeville	Wisconsin	42.96027	-90.13012	US	1
Fitchburg	Wisconsin	42.96083	-89.46984	US	1
Greenfield	Wisconsin	42.9614	-88.01259	US	1
Clifton Springs	New York	42.96173	-77.13998	US	1
Westmoreland	New Hampshire	42.96203	-72.44231	US	1
Arapahoe	Wyoming	42.96218	-108.48983	US	1
West Union	Iowa	42.96276	-91.80822	US	1
Grand Rapids	Michigan	42.96336	-85.66809	US	1
Eggertsville	New York	42.96339	-78.80392	US	1
Williamsville	New York	42.96395	-78.73781	US	1
Harris Hill	New York	42.96478	-78.67753	US	1
Kenmore	New York	42.96589	-78.87004	US	1
Saint Francis	Wisconsin	42.96752	-87.87758	US	1
Manchester	New York	42.96979	-77.23026	US	1
Port Huron	Michigan	42.97086	-82.42491	US	1
Star Valley Ranch	Wyoming	42.97139	-110.95556	US	1
Allendale	Michigan	42.97225	-85.95365	US	1
North Hampton	New Hampshire	42.97259	-70.82978	US	1
Caledonia	New York	42.97312	-77.85278	US	1
Hagaman	New York	42.97452	-74.15096	US	1
Augusta	New York	42.97479	-75.50129	US	1
Nedrow	New York	42.97507	-76.14131	US	1
New Boston	New Hampshire	42.97619	-71.69396	US	1
New Berlin	Wisconsin	42.9764	-88.10842	US	1
Clarence	New York	42.97673	-78.59197	US	1
Amherst	New York	42.97839	-78.79976	US	1
Le Roy	New York	42.97839	-77.98418	US	1
Sarnia	Ontario	42.97866	-82.40407	CA	1
Brentwood	New Hampshire	42.9787	-71.07284	US	1
Paullina	Iowa	42.97915	-95.68807	US	1
Exeter	New Hampshire	42.98148	-70.94783	US	1
Corunna	Michigan	42.98197	-84.11775	US	1
Victor	New York	42.98256	-77.40888	US	1
Marcellus	New York	42.98284	-76.34049	US	1
Dorchester	Ontario	42.98339	-81.06643	CA	1
London	Ontario	42.98339	-81.23304	CA	1
Welland	Ontario	42.98342	-79.24958	CA	1
Fennimore	Wisconsin	42.9836	-90.6554	US	1
Tri-City	Oregon	42.98456	-123.31173	US	1
Rockwell	Iowa	42.98524	-93.19187	US	1
Newfane	Vermont	42.98564	-72.65593	US	1
Ionia	Michigan	42.98725	-85.07112	US	1
Alton	Iowa	42.98749	-96.01057	US	1
Francestown	New Hampshire	42.98758	-71.81258	US	1
Verona	Wisconsin	42.99083	-89.53318	US	1
Fremont	New Hampshire	42.99092	-71.14256	US	1
Tyndall	South Dakota	42.99333	-97.86285	US	1
Pinardville	New Hampshire	42.99425	-71.50729	US	1
Deansboro	New York	42.99507	-75.42851	US	1
Manchester	New Hampshire	42.99564	-71.45479	US	1
Hawarden	Iowa	42.99582	-96.48531	US	1
Rush	New York	42.9959	-77.64556	US	1
Grandyle Village	New York	42.99645	-78.95504	US	1
Owosso	Michigan	42.9978	-84.17664	US	1
Batavia	New York	42.99812	-78.18752	US	1
Saint Johnsville	New York	42.99813	-74.68292	US	1
Burton	Michigan	42.99947	-83.61634	US	1
Ballston Spa	New York	43.00091	-73.84901	US	1
Saint Johns	Michigan	43.00114	-84.55915	US	1
Walker	Michigan	43.00141	-85.76809	US	1
Fowler	Michigan	43.0017	-84.73972	US	1
Manlius	New York	43.00201	-75.97686	US	1
Cambridge	Wisconsin	43.00361	-89.0165	US	1
Wales	Wisconsin	43.00445	-88.37676	US	1
Auburn	New Hampshire	43.00453	-71.3484	US	1
Jefferson	Wisconsin	43.00556	-88.80733	US	1
Lake Ripley	Wisconsin	43.00583	-88.98622	US	1
Ovid	Michigan	43.00586	-84.37164	US	1
Fort Washakie	Wyoming	43.00635	-108.88235	US	1
Johnstown	New York	43.00674	-74.36764	US	1
Orange City	Iowa	43.00721	-96.05835	US	1
Mount Horeb	Wisconsin	43.00861	-89.73846	US	1
Clarence Center	New York	43.01061	-78.63753	US	1
Mohawk	New York	43.01146	-75.00404	US	1
Waukesha	Wisconsin	43.01168	-88.23148	US	1
McFarland	Wisconsin	43.0125	-89.28984	US	1
West Milwaukee	Wisconsin	43.01251	-87.97259	US	1
Capac	Michigan	43.01253	-82.92799	US	1
Flint	Michigan	43.01253	-83.68746	US	1
Rye	New Hampshire	43.01342	-70.77089	US	1
Dousman	Wisconsin	43.01418	-88.4726	US	1
Ilion	New York	43.01507	-75.03543	US	1
Barneveld	Wisconsin	43.01555	-89.8954	US	1
West Allis	Wisconsin	43.01668	-88.00703	US	1
Perth	New York	43.01757	-74.19402	US	1
East Amherst	New York	43.01839	-78.6967	US	1
North Ballston Spa	New York	43.01969	-73.85109	US	1
Myrtle Creek	Oregon	43.02012	-123.29312	US	1
Tonawanda	New York	43.02033	-78.88031	US	1
Goffstown	New Hampshire	43.02036	-71.60035	US	1
Akron	New York	43.02089	-78.4953	US	1
Imlay City	Michigan	43.02475	-83.07772	US	1
Ethete	Wyoming	43.02496	-108.77262	US	1
Riverton	Wyoming	43.02496	-108.3801	US	1
Pine Ridge	South Dakota	43.02554	-102.55627	US	1
Herkimer	New York	43.02563	-74.98599	US	1
Scottsville	New York	43.0259	-77.74528	US	1
South Hooksett	New Hampshire	43.02647	-71.43534	US	1
Chadwicks	New York	43.02785	-75.27155	US	1
Cambridge	New York	43.02813	-73.38122	US	1
Fayetteville	New York	43.02979	-76.00436	US	1
Antrim	New Hampshire	43.03091	-71.93897	US	1
Grand Island	New York	43.03311	-78.96254	US	1
Fort Hall	Idaho	43.03325	-112.43831	US	1
Ingersoll	Ontario	43.03339	-80.88302	CA	1
Epping	New Hampshire	43.03342	-71.07423	US	1
Milton	New York	43.03369	-73.85262	US	1
Elbridge	New York	43.03451	-76.44799	US	1
Port Byron	New York	43.03451	-76.62383	US	1
Davison	Michigan	43.03475	-83.51801	US	1
Camlachie	Ontario	43.03596	-82.1616	CA	1
Greenland	New Hampshire	43.0362	-70.83283	US	1
Raymond	New Hampshire	43.0362	-71.1834	US	1
Comstock Park	Michigan	43.03864	-85.67003	US	1
North Tonawanda	New York	43.03867	-78.8642	US	1
Milwaukee	Wisconsin	43.0389	-87.90647	US	1
Frankfort	New York	43.03896	-75.07044	US	1
Camillus	New York	43.03923	-76.3041	US	1
West Henrietta	New York	43.04006	-77.66167	US	1
Centerport	New York	43.0409	-76.59272	US	1
Elm Grove	Wisconsin	43.04307	-88.07898	US	1
Little Falls	New York	43.0434	-74.8596	US	1
Chittenango	New York	43.04507	-75.86658	US	1
Northview	Michigan	43.04558	-85.60059	US	1
Newark	New York	43.04673	-77.09525	US	1
Fairmount	New York	43.04729	-76.23854	US	1
Townshend	Vermont	43.0473	-72.66759	US	1
Westvale	New York	43.04757	-76.22048	US	1
Syracuse	New York	43.04812	-76.14742	US	1
Clinton	New York	43.0484	-75.3785	US	1
Weedsport	New York	43.04868	-76.56272	US	1
Wauwatosa	Wisconsin	43.04946	-88.00759	US	1
Washington Mills	New York	43.05007	-75.27294	US	1
Lapeer	Michigan	43.05142	-83.31883	US	1
Monona	Iowa	43.05165	-91.3893	US	1
Prairie du Chien	Wisconsin	43.05165	-91.14124	US	1
Deerfield	Wisconsin	43.05194	-89.07567	US	1
Gloversville	New York	43.05285	-74.34375	US	1
Stratham Station	New Hampshire	43.05287	-70.89533	US	1
Chippawa	Ontario	43.0571	-79.04717	CA	1
Thamesford	Ontario	43.0571	-80.99876	CA	1
Solvay	New York	43.05812	-76.20743	US	1
Broadalbin	New York	43.05868	-74.19652	US	1
New Hampton	Iowa	43.05914	-92.31768	US	1
Henrietta	New York	43.05923	-77.61222	US	1
Brookfield	Wisconsin	43.06057	-88.10648	US	1
Delafield	Wisconsin	43.06084	-88.40371	US	1
Avoca	Michigan	43.06197	-82.69104	US	1
Monona	Wisconsin	43.06222	-89.33401	US	1
Grand Haven	Michigan	43.06307	-86.22839	US	1
Flushing	Michigan	43.06308	-83.85107	US	1
Coopersville	Michigan	43.06391	-85.93477	US	1
Palmyra	New York	43.06395	-77.23332	US	1
Lyons	New York	43.06423	-76.99025	US	1
Myrtle Point	Oregon	43.06483	-124.13899	US	1
East Syracuse	New York	43.06534	-76.07853	US	1
Jordan	New York	43.06534	-76.47299	US	1
Oakfield	New York	43.06589	-78.26974	US	1
Charles City	Iowa	43.06636	-92.67241	US	1
Ohsweken	Ontario	43.06681	-80.11635	CA	1
Macedon	New York	43.06923	-77.29887	US	1
Concord	Wisconsin	43.06945	-88.59871	US	1
Algona	Iowa	43.06997	-94.23302	US	1
New Castle	New Hampshire	43.07229	-70.71718	US	1
Aztalan	Wisconsin	43.07278	-88.86233	US	1
Madison	Wisconsin	43.07305	-89.40123	US	1
Deering	New Hampshire	43.07314	-71.84452	US	1
New Hartford	New York	43.0734	-75.28767	US	1
Sherrill	New York	43.07368	-75.59824	US	1
Arlington	Vermont	43.0748	-73.154	US	1
Kirkville	New York	43.07507	-75.95186	US	1
Wampsville	New York	43.07535	-75.70685	US	1
Belmont	Michigan	43.07558	-85.6092	US	1
Cottage Grove	Wisconsin	43.07611	-89.19956	US	1
Johnson Creek	Wisconsin	43.07611	-88.77427	US	1
Minoa	New York	43.07618	-76.00075	US	1
Spring Lake	Michigan	43.07696	-86.197	US	1
Portsmouth	New Hampshire	43.07704	-70.75766	US	1
Shorewood Hills	Wisconsin	43.0775	-89.44568	US	1
Candia	New Hampshire	43.07786	-71.27673	US	1
Canastota	New York	43.07951	-75.75074	US	1
Vernon	New York	43.07951	-75.53934	US	1
Sioux Center	Iowa	43.07971	-96.17558	US	1
Wagner	South Dakota	43.07972	-98.29313	US	1
Byron	New York	43.07978	-78.0639	US	1
Beresford	South Dakota	43.08054	-96.77366	US	1
Pewaukee	Wisconsin	43.08057	-88.2612	US	1
Lake Mills	Wisconsin	43.08139	-88.91177	US	1
Lyncourt	New York	43.08146	-76.12576	US	1
Newmarket	New Hampshire	43.08286	-70.93506	US	1
Kittery Point	Maine	43.08299	-70.71009	US	1
Saratoga Springs	New York	43.08313	-73.78457	US	1
Clyde	New York	43.08423	-76.8694	US	1
Ferrysburg	Michigan	43.08446	-86.22033	US	1
Postville	Iowa	43.0847	-91.5682	US	1
Bergen	New York	43.08534	-77.94223	US	1
Primghar	Iowa	43.08692	-95.62723	US	1
Kittery	Maine	43.08814	-70.73616	US	1
Shorewood	Wisconsin	43.08918	-87.88758	US	1
Beecher	Michigan	43.09003	-83.6944	US	1
Galeville	New York	43.09007	-76.17298	US	1
Lakeland	New York	43.09034	-76.24048	US	1
Pittsford	New York	43.09062	-77.515	US	1
Greenwich	New York	43.09063	-73.49873	US	1
Clark Mills	New York	43.09229	-75.37962	US	1
Oneida	New York	43.09257	-75.65129	US	1
Niagara Falls	New York	43.0945	-79.05671	US	1
Weare	New Hampshire	43.0948	-71.73063	US	1
Alabama	New York	43.09645	-78.39086	US	1
Hooksett	New Hampshire	43.09675	-71.46507	US	1
Middleton	Wisconsin	43.09722	-89.50429	US	1
Britt	Iowa	43.09774	-93.80189	US	1
Nashotah	Wisconsin	43.09779	-88.40232	US	1
Belding	Michigan	43.09781	-85.22891	US	1
Mattydale	New York	43.09784	-76.1452	US	1
Rapids	New York	43.09839	-78.64086	US	1
Fairport	New York	43.09867	-77.44194	US	1
Schuylerville	New York	43.10008	-73.58178	US	1
Niagara Falls	Ontario	43.10012	-79.06627	CA	1
Jamaica	Vermont	43.10036	-72.77843	US	1
Milford	Wisconsin	43.10083	-88.84677	US	1
Dolgeville	New York	43.1009	-74.77293	US	1
Utica	New York	43.1009	-75.23266	US	1
Garner	Iowa	43.10246	-93.60188	US	1
Burford	Ontario	43.10292	-80.42869	CA	1
Churchville	New York	43.10423	-77.88445	US	1
Hartland	Wisconsin	43.10501	-88.34204	US	1
New York Mills	New York	43.10535	-75.29128	US	1
Butler	Wisconsin	43.10584	-88.06953	US	1
Liverpool	New York	43.10646	-76.2177	US	1
South Eliot	Maine	43.10814	-70.77755	US	1
East Rochester	New York	43.10867	-77.4875	US	1
Oconomowoc	Wisconsin	43.11167	-88.49927	US	1
Emmetsburg	Iowa	43.11274	-94.68304	US	1
Yorkville	New York	43.11285	-75.271	US	1
Whitefish Bay	Wisconsin	43.11334	-87.90009	US	1
Hillsborough	New Hampshire	43.1141	-71.8992	US	1
Cross Plains	Wisconsin	43.11444	-89.65568	US	1
Nottingham	New Hampshire	43.11453	-71.09978	US	1
Thorold	Ontario	43.11682	-79.19958	CA	1
Maple Bluff	Wisconsin	43.11833	-89.37956	US	1
Mount Morris	Michigan	43.11864	-83.69496	US	1
Bandon	Oregon	43.119	-124.40845	US	1
Rockford	Michigan	43.12003	-85.56003	US	1
Seneca Knolls	New York	43.12007	-76.28632	US	1
Bow Bog	New Hampshire	43.12064	-71.51146	US	1
Binbrook	Ontario	43.12135	-79.81104	CA	0
Whitesboro	New York	43.12201	-75.29156	US	1
Winston	Oregon	43.12234	-123.41257	US	1
Lee	New Hampshire	43.12314	-71.01145	US	1
Okauchee Lake	Wisconsin	43.12334	-88.44065	US	1
Northumberland	New York	43.1273	-73.58817	US	1
Yale	Michigan	43.13003	-82.79826	US	1
Suncook	New Hampshire	43.13064	-71.45312	US	1
Fruitport	Michigan	43.13196	-86.15478	US	1
Mountain Home	Idaho	43.13295	-115.6912	US	1
Woodstock	Ontario	43.13339	-80.7497	CA	1
Brant	Ontario	43.1334	-80.34967	CA	1
Brantford	Ontario	43.1334	-80.26636	CA	1
Village Green	New York	43.1334	-76.31299	US	1
Bellows Falls	Vermont	43.13341	-72.44398	US	1
Sussex	Wisconsin	43.1339	-88.22204	US	1
Durham	New Hampshire	43.13397	-70.92645	US	1
Boscobel	Wisconsin	43.13443	-90.7054	US	1
North Syracuse	New York	43.13479	-76.12992	US	1
Glendale	Wisconsin	43.13529	-87.93564	US	1
Sanborn	New York	43.13672	-78.88476	US	1
York Harbor	Maine	43.13676	-70.64561	US	1
Black Earth	Wisconsin	43.13722	-89.74679	US	1
Clear Lake	Iowa	43.13802	-93.37937	US	1
Spencer	Iowa	43.14136	-95.14444	US	1
Nora Springs	Iowa	43.14275	-93.00437	US	1
Marion	New York	43.1434	-77.18915	US	1
Ixonia	Wisconsin	43.14389	-88.59732	US	1
Lannon	Wisconsin	43.14612	-88.1662	US	1
Merton	Wisconsin	43.14667	-88.30676	US	1
Pembroke	New Hampshire	43.14675	-71.45757	US	1
Brighton	New York	43.14756	-77.55055	US	1
Alstead	New Hampshire	43.14897	-72.36064	US	1
South Lockport	New York	43.15006	-78.6967	US	1
Vineland	Ontario	43.15132	-79.39449	CA	1
Eliot	Maine	43.15314	-70.80006	US	1
Mason City	Iowa	43.15357	-93.20104	US	1
Rochester	New York	43.15478	-77.61556	US	1
Bridgeport	New York	43.15535	-75.96936	US	1
Lake Andes	South Dakota	43.15638	-98.54147	US	1
Allenstown	New Hampshire	43.15673	-71.40478	US	1
Oriskany	New York	43.15729	-75.33267	US	1
Fox Point	Wisconsin	43.15751	-87.90175	US	1
Baldwinsville	New York	43.15868	-76.33271	US	1
Parkhill	Ontario	43.15993	-81.68464	CA	1
Green	Oregon	43.16039	-123.36785	US	1
Sparta	Michigan	43.16086	-85.71004	US	1
Brown Deer	Wisconsin	43.16334	-87.96453	US	1
Gates-North Gates	New York	43.16547	-77.70066	US	1
Lambton Shores	Ontario	43.16678	-81.93309	CA	1
Marshall	Wisconsin	43.16833	-89.06678	US	1
Norton Shores	Michigan	43.1689	-86.26395	US	1
Madbury	New Hampshire	43.16925	-70.92395	US	1
Lockport	New York	43.17061	-78.69031	US	1
St. Catharines	Ontario	43.17126	-79.24267	CA	1
York Beach	Maine	43.17148	-70.60894	US	1
Martin	South Dakota	43.1725	-101.73265	US	1
Lewiston	New York	43.17256	-79.03588	US	1
River Hills	Wisconsin	43.17418	-87.92425	US	1
Spring Green	Wisconsin	43.17527	-90.0679	US	1
Cicero	New York	43.17562	-76.11937	US	1
North Gates	New York	43.17645	-77.70139	US	1
Mazomanie	Wisconsin	43.17666	-89.79485	US	1
Montrose	Michigan	43.17669	-83.89274	US	1
Carson City	Michigan	43.17698	-84.84639	US	1
Manchester Center	Vermont	43.17702	-73.05705	US	1
Coquille	Oregon	43.17705	-124.18761	US	1
Clio	Michigan	43.17753	-83.73413	US	1
Greenville	Michigan	43.17753	-85.2528	US	1
Menomonee Falls	Wisconsin	43.1789	-88.11731	US	1
Barnes Lake-Millers Lake	Michigan	43.17956	-83.3123	US	1
Henniker	New Hampshire	43.1798	-71.8223	US	1
Hartley	Iowa	43.17997	-95.47695	US	1
Wilton	New York	43.18007	-73.74429	US	1
Bayside	Wisconsin	43.18056	-87.90064	US	1
Sheldon	Iowa	43.18109	-95.85613	US	1
Sanborn	Iowa	43.18164	-95.65557	US	1
Burke	South Dakota	43.1825	-99.29205	US	1
Lucan	Ontario	43.18339	-81.39976	CA	1
Sun Prairie	Wisconsin	43.1836	-89.21373	US	1
Waterloo	Wisconsin	43.18388	-88.98844	US	1
Chesaning	Michigan	43.18475	-84.11497	US	1
Muscoda	Wisconsin	43.18499	-90.44318	US	1
Clay	New York	43.1859	-76.17243	US	1
Spencerport	New York	43.18645	-77.8039	US	1
Rockingham	Vermont	43.18758	-72.48898	US	1
Hull	Iowa	43.18859	-96.13363	US	1
Oglala	South Dakota	43.18859	-102.73962	US	1
Ravenna	Michigan	43.18947	-85.93699	US	1
Blackfoot	Idaho	43.19047	-112.34498	US	1
Hopkinton	New Hampshire	43.19147	-71.67535	US	1
Waunakee	Wisconsin	43.19194	-89.45567	US	1
Cape Neddick	Maine	43.1937	-70.62089	US	1
Northwood	New Hampshire	43.19425	-71.1509	US	1
Watertown	Wisconsin	43.19472	-88.72899	US	1
Roosevelt Park	Michigan	43.1964	-86.27228	US	1
Dover	New Hampshire	43.19786	-70.87367	US	1
Gasport	New York	43.19922	-78.57614	US	1
Paris	Ontario	43.2	-80.38333	CA	1
Grimsby	Ontario	43.20011	-79.56631	CA	1
Muskegon Heights	Michigan	43.20113	-86.23895	US	1
Rock Valley	Iowa	43.20526	-96.29503	US	1
Concord	New Hampshire	43.20814	-71.53757	US	1
Greece	New York	43.20978	-77.69306	US	1
Brown City	Michigan	43.21225	-82.98966	US	1
Webster	New York	43.21229	-77.42999	US	1
Rome	New York	43.21285	-75.45573	US	1
Irondequoit	New York	43.2134	-77.57972	US	1
Brockport	New York	43.21367	-77.93918	US	1
Mequon	Wisconsin	43.21555	-88.03001	US	1
Roseburg	Oregon	43.2165	-123.34174	US	1
Stoney Creek	Ontario	43.21681	-79.76633	CA	1
Virgil	Ontario	43.21682	-79.13288	CA	1
Ancaster	Ontario	43.21806	-79.98716	CA	1
Murphy	Idaho	43.21822	-116.55234	US	1
Windsor	Wisconsin	43.21833	-89.34151	US	1
Kent City	Michigan	43.22002	-85.75115	US	1
Medina	New York	43.22006	-78.38697	US	1
Wolcott	New York	43.22062	-76.81496	US	1
Ontario	New York	43.2209	-77.28304	US	1
Ira	New York	43.22146	-76.55633	US	1
Edinburg	New York	43.22174	-74.10402	US	1
Contoocook	New Hampshire	43.22202	-71.71397	US	1
Moreland	Idaho	43.22269	-112.44248	US	1
Barrington	New Hampshire	43.22286	-71.04701	US	1
Epsom	New Hampshire	43.22286	-71.33201	US	1
Cedar Springs	Michigan	43.22336	-85.55142	US	1
Williamson	New York	43.22395	-77.18609	US	1
Northville	New York	43.22563	-74.17208	US	1
Holley	New York	43.22645	-78.02668	US	1
Londonderry	Vermont	43.22646	-72.80649	US	1
Germantown	Wisconsin	43.22862	-88.11037	US	1
North Branch	Michigan	43.22947	-83.19661	US	1
Phoenix	New York	43.23118	-76.30076	US	1
Gregory	South Dakota	43.23222	-99.43038	US	1
Rosebud	South Dakota	43.23278	-100.85348	US	1
Clarkson	New York	43.23312	-77.92751	US	1
Muskegon	Michigan	43.23418	-86.24839	US	1
South Berwick	Maine	43.23453	-70.8095	US	1
Rollinsford	New Hampshire	43.2362	-70.82034	US	1
Burt	Michigan	43.23669	-83.90636	US	1
Thiensville	Wisconsin	43.23751	-87.9787	US	1
Sodus	New York	43.23784	-77.06136	US	1
Brewerton	New York	43.23812	-76.14076	US	1
Lempster	New Hampshire	43.23841	-72.21064	US	1
Ransomville	New York	43.23867	-78.90976	US	1
Charlestown	New Hampshire	43.23869	-72.42453	US	1
Porcupine	South Dakota	43.23971	-102.33099	US	1
Olivet	South Dakota	43.24082	-97.67534	US	1
East Concord	New Hampshire	43.24202	-71.53813	US	1
Bernhards Bay	New York	43.24451	-75.93353	US	1
Corinth	New York	43.24452	-73.83234	US	1
St. George	Ontario	43.24495	-80.25144	CA	1
Albion	New York	43.24645	-78.19363	US	1
Youngstown	New York	43.24728	-79.05005	US	1
DeForest	Wisconsin	43.24777	-89.34373	US	1
Constantia	New York	43.24785	-76.0002	US	1
Ogunquit	Maine	43.24898	-70.59922	US	1
Chichester	New Hampshire	43.24925	-71.39979	US	1
Roxbury	Wisconsin	43.24943	-89.6754	US	1
St. Marys	Ontario	43.25009	-81.13304	CA	1
Hamilton	Ontario	43.25011	-79.84963	CA	1
Dane	Wisconsin	43.25055	-89.50151	US	1
Birch Run	Michigan	43.25086	-83.79413	US	1
Wolf Lake	Michigan	43.25474	-86.10978	US	1
Richfield	Wisconsin	43.25612	-88.19398	US	1
North Muskegon	Michigan	43.25613	-86.26756	US	1
Niagara-on-the-Lake	Ontario	43.25655	-79.08527	CA	1
Mississauga Beach	Ontario	43.25876	-79.08625	CA	1
Somersworth	New Hampshire	43.26175	-70.86534	US	1
Forest City	Iowa	43.26246	-93.63716	US	1
Chester	Vermont	43.26285	-72.59509	US	1
Berwick	Maine	43.26592	-70.8645	US	1
Fort Edward	New York	43.26702	-73.58456	US	1
Lexington	Michigan	43.26808	-82.53076	US	1
Roseburg North	Oregon	43.269	-123.351	US	1
Waukon	Iowa	43.26942	-91.4757	US	1
Sauk City	Wisconsin	43.27082	-89.72207	US	1
Croswell	Michigan	43.27558	-82.62104	US	1
Blossvale	New York	43.27979	-75.64352	US	1
Millington	Michigan	43.28141	-83.52968	US	1
Hoback	Wyoming	43.28187	-110.78381	US	1
Ayr	Ontario	43.2834	-80.44968	CA	1
Osage	Iowa	43.28414	-92.81103	US	1
Newfane	New York	43.28672	-78.71031	US	1
Central Square	New York	43.28674	-76.14604	US	1
Prairie du Sac	Wisconsin	43.28693	-89.72401	US	1
Manly	Iowa	43.28718	-93.20215	US	1
Hilton	New York	43.28812	-77.79334	US	1
Ithaca	Michigan	43.2917	-84.6075	US	1
Stanton	Michigan	43.29253	-85.08141	US	1
Unity	New Hampshire	43.29396	-72.26037	US	1
Cedarburg	Wisconsin	43.29667	-87.98759	US	1
Saint Charles	Michigan	43.29697	-84.14053	US	1
Springfield	Vermont	43.29841	-72.48231	US	1
South Glens Falls	New York	43.29924	-73.63512	US	1
West Glens Falls	New York	43.30007	-73.68401	US	1
Hudson Falls	New York	43.30063	-73.58595	US	1
Canton	South Dakota	43.30081	-96.59282	US	1
Glide	Oregon	43.30151	-123.10118	US	1
Hamlin	New York	43.30312	-77.92112	US	1
Decorah	Iowa	43.30331	-91.78571	US	1
North Berwick	Maine	43.3037	-70.73339	US	1
Rochester	New Hampshire	43.30453	-70.97562	US	1
Mission	South Dakota	43.30584	-100.65819	US	1
Pittsfield	New Hampshire	43.30591	-71.32423	US	1
Plattsville	Ontario	43.30794	-80.61618	CA	1
Glens Falls	New York	43.30952	-73.64401	US	1
Wilson	New York	43.30978	-78.82615	US	1
Lake Luzerne	New York	43.31285	-73.83484	US	1
Lodi	Wisconsin	43.31388	-89.52651	US	1
Boscawen	New Hampshire	43.31508	-71.62091	US	1
South Huron	Ontario	43.31679	-81.51647	CA	1
Tavistock	Ontario	43.31679	-80.83302	CA	1
Hadley	New York	43.31729	-73.84818	US	1
Hartford	Wisconsin	43.31778	-88.37899	US	1
Armour	South Dakota	43.3186	-98.34675	US	1
Grafton	Wisconsin	43.31973	-87.95342	US	1
Newbury	New Hampshire	43.32146	-72.03592	US	1
Fulton	New York	43.32285	-76.41716	US	1
Jackson	Wisconsin	43.32389	-88.16676	US	1
Wells Beach Station	Maine	43.32397	-70.59144	US	1
Milford	Iowa	43.32469	-95.15	US	1
Marlette	Michigan	43.32697	-83.08022	US	1
Strafford	New Hampshire	43.32703	-71.18423	US	1
Webster	New Hampshire	43.32897	-71.71786	US	1
Frankenmuth	Michigan	43.33169	-83.73802	US	1
Waterdown	Ontario	43.33341	-79.88293	CA	1
Slinger	Wisconsin	43.33361	-88.28621	US	1
Barnstead	New Hampshire	43.33397	-71.29284	US	1
Sutton	New Hampshire	43.33424	-71.95147	US	1
Camden	New York	43.33451	-75.74796	US	1
Richland Center	Wisconsin	43.33471	-90.38679	US	1
Glens Falls North	New York	43.33506	-73.68251	US	1
Canterbury	New Hampshire	43.33702	-71.56535	US	1
Olcott	New York	43.33783	-78.71476	US	1
Columbus	Wisconsin	43.33805	-89.01539	US	1
Volney	New York	43.34285	-76.35771	US	1
Southwood	Ontario	43.34382	-80.33148	CA	1
Little's Corners	Ontario	43.34386	-80.27583	CA	1
George	Iowa	43.34386	-96.00224	US	1
Hustisford	Wisconsin	43.34611	-88.60066	US	1
Danby	Vermont	43.34618	-72.99538	US	1
Fairfield	Idaho	43.34657	-114.79173	US	1
Pawlet	Vermont	43.34674	-73.17622	US	1
Christopher-Champlain	Ontario	43.34728	-80.30186	CA	1
New Dundee	Ontario	43.35101	-80.53657	CA	1
Freeman	South Dakota	43.35249	-97.43729	US	1
Lennox	South Dakota	43.35415	-96.892	US	1
Barview	Oregon	43.35428	-124.31317	US	1
Galt	Ontario	43.35583	-80.31056	CA	1
Bunker Hill	Oregon	43.35595	-124.20483	US	1
East Galt	Ontario	43.35739	-80.30456	CA	1
Bridgeport	Michigan	43.35947	-83.88164	US	1
Cambridge	Ontario	43.3601	-80.31269	CA	1
Kennebunkport	Maine	43.36175	-70.47672	US	1
Downtown Cambridge	Ontario	43.36215	-80.3128	CA	1
Twin Lake	Michigan	43.36279	-86.16478	US	1
Hartford	New York	43.36368	-73.39372	US	1
Alison	Ontario	43.36497	-80.29593	CA	1
Newport	New Hampshire	43.36535	-72.17342	US	1
Coos Bay	Oregon	43.3665	-124.21789	US	1
Stratford	Ontario	43.36679	-80.94972	CA	1
Blair Road	Ontario	43.37112	-80.33448	CA	1
Lakewood Club	Michigan	43.37112	-86.26034	US	1
Vassar	Michigan	43.37197	-83.58329	US	1
Arnolds Park	Iowa	43.37274	-95.12388	US	1
Lake Wisconsin	Wisconsin	43.3736	-89.57568	US	1
Winner	South Dakota	43.37667	-99.85901	US	1
Claremont	New Hampshire	43.37674	-72.34676	US	1
Queensbury	New York	43.37729	-73.61317	US	1
Doon South	Ontario	43.37818	-80.43091	CA	1
Saint Ansgar	Iowa	43.3783	-92.91881	US	1
Alma	Michigan	43.37892	-84.65973	US	1
Salisbury	New Hampshire	43.38008	-71.71702	US	1
Shelley	Idaho	43.3813	-112.12331	US	1
Cresco	Iowa	43.38136	-92.11405	US	1
Saukville	Wisconsin	43.38167	-87.94065	US	1
Arundel	Maine	43.38259	-70.47783	US	1
New Hamburg	Ontario	43.38339	-80.6997	CA	1
Kennebunk	Maine	43.38397	-70.54478	US	1
Greenway-Chaplin	Ontario	43.3842	-80.31139	CA	1
Fall River	Wisconsin	43.38443	-89.04511	US	1
Burlington	Ontario	43.38621	-79.83713	CA	1
Platte	South Dakota	43.38694	-98.84453	US	1
Port Washington	Wisconsin	43.38722	-87.87564	US	1
Sunapee	New Hampshire	43.38757	-72.08786	US	1
Farmington	New Hampshire	43.3898	-71.06506	US	1
Sutherlin	Oregon	43.39012	-123.31258	US	1
Poynette	Wisconsin	43.39026	-89.4029	US	1
Brigadoon	Ontario	43.3915	-80.46289	CA	1
Pioneer Park	Ontario	43.39269	-80.44095	CA	1
Lower Doon	Ontario	43.3928	-80.40746	CA	1
Preston Centre	Ontario	43.39437	-80.35936	CA	1
Lebanon	Maine	43.39453	-70.85089	US	1
Fiddlesticks	Ontario	43.39484	-80.28741	CA	1
Howard City	Michigan	43.39558	-85.46782	US	1
Preston Heights	Ontario	43.39723	-80.37686	CA	1
Parker	South Dakota	43.39748	-97.13645	US	1
Lang's Farm	Ontario	43.39783	-80.33558	CA	1
Mannheim	Ontario	43.39812	-80.54538	CA	1
Minetto	New York	43.39812	-76.47744	US	1
Parkston	South Dakota	43.39888	-97.98368	US	1
Sibley	Iowa	43.39914	-95.75196	US	1
Baden	Ontario	43.4001	-80.6497	CA	1
Estherville	Iowa	43.40163	-94.83276	US	1
Huron Park	Ontario	43.40231	-80.47927	CA	1
Juneau	Wisconsin	43.40555	-88.7051	US	1
North Bend	Oregon	43.4065	-124.22428	US	1
Granville	New York	43.40785	-73.25955	US	1
Breckenridge	Michigan	43.40808	-84.475	US	1
Edmore	Michigan	43.40809	-85.03863	US	1
Saint Louis	Michigan	43.40836	-84.60667	US	1
West Kennebunk	Maine	43.4087	-70.58144	US	1
Whitehall	Michigan	43.41001	-86.34868	US	1
Country Hills West	Ontario	43.41111	-80.48653	CA	1
South Sanford	Maine	43.41119	-70.74256	US	1
New London	New Hampshire	43.41396	-71.98508	US	1
Hemlock	Michigan	43.41475	-84.23054	US	1
Country Hills	Ontario	43.415	-80.47389	CA	1
Shields	Michigan	43.4153	-84.05637	US	1
Montague	Michigan	43.41668	-86.35701	US	1
Country Hills East	Ontario	43.41801	-80.46677	CA	1
Lake Mills	Iowa	43.4194	-93.53327	US	1
Forest Heights	Ontario	43.41944	-80.52333	CA	1
Saginaw	Michigan	43.41947	-83.95081	US	1
Popcorn House	Ontario	43.41953	-80.29878	CA	1
Newaygo	Michigan	43.41974	-85.80005	US	1
Laurentian Hills	Ontario	43.42	-80.49472	CA	1
Buena Vista	Michigan	43.4203	-83.89858	US	1
Sandusky	Michigan	43.4203	-82.82966	US	1
South Park	Wyoming	43.42215	-110.79326	US	1
Spirit Lake	Iowa	43.42218	-95.10222	US	1
Addison	Wisconsin	43.42278	-88.37454	US	1
Alpine	Ontario	43.42361	-80.48028	CA	1
Gilmanton	New Hampshire	43.42425	-71.41452	US	1
West Bend	Wisconsin	43.42528	-88.18343	US	1
Kitchener	Ontario	43.42537	-80.5112	CA	1
Rafter J Ranch	Wyoming	43.42604	-110.79909	US	1
Rock Rapids	Iowa	43.42719	-96.17586	US	1
Forest Hills	Ontario	43.42778	-80.50917	CA	1
Harrisburg	South Dakota	43.43137	-96.69727	US	1
Highland West	Ontario	43.43152	-80.54429	CA	1
Hot Springs	South Dakota	43.43165	-103.47436	US	1
Newburg	Wisconsin	43.43167	-88.04648	US	1
Northfield	New Hampshire	43.43313	-71.5923	US	1
Hespeler	Ontario	43.4334	-80.31637	CA	1
Southdale	Ontario	43.43363	-80.49117	CA	1
East Hespeler	Ontario	43.43458	-80.29559	CA	1
Rockway	Ontario	43.43525	-80.46226	CA	1
Centreville Chicopee	Ontario	43.43556	-80.4281	CA	1
New Durham	New Hampshire	43.43675	-71.17229	US	1
Andover	New Hampshire	43.43702	-71.82341	US	1
Mill Courtland Woodside Park	Ontario	43.43848	-80.48391	CA	1
Sanford	Maine	43.43925	-70.77422	US	1
Silver Heights	Ontario	43.44012	-80.31471	CA	1
Victoria Hills	Ontario	43.44072	-80.52086	CA	1
Tilton	New Hampshire	43.4423	-71.58896	US	1
Eastwood	Ontario	43.44239	-80.46227	CA	1
Tilton-Northfield	New Hampshire	43.443	-71.59364	US	1
Barton	Wisconsin	43.44361	-88.18065	US	1
Northwood	Iowa	43.44412	-93.22104	US	1
Franklin	New Hampshire	43.44424	-71.6473	US	1
King East	Ontario	43.44436	-80.47321	CA	1
Westvale	Ontario	43.44452	-80.55669	CA	1
Cedar Hill	Ontario	43.44455	-80.48453	CA	1
Cherry Hill	Ontario	43.44462	-80.5083	CA	1
Belmont	New Hampshire	43.44536	-71.47785	US	1
Tea	South Dakota	43.44637	-96.83588	US	1
Stanley Park	Ontario	43.44639	-80.44417	CA	1
Rio	Wisconsin	43.44776	-89.23984	US	1
Auditorium	Ontario	43.4484	-80.46967	CA	1
City Commercial Core	Ontario	43.44865	-80.48678	CA	1
Idlewood	Ontario	43.45004	-80.42768	CA	1
Oakville	Ontario	43.45011	-79.68292	CA	1
Grand River South	Ontario	43.45043	-80.40432	CA	1
Reese	Michigan	43.45058	-83.69635	US	1
Centre District	Ontario	43.45113	-80.49176	CA	1
Horicon	Wisconsin	43.45138	-88.63121	US	1
Wilmot	New Hampshire	43.45174	-71.91369	US	1
Mount Holly	Vermont	43.45229	-72.82482	US	1
Central Frederick	Ontario	43.45466	-80.47902	CA	1
Oswego	New York	43.45535	-76.5105	US	1
Lake Park	Iowa	43.45552	-95.32083	US	1
Westmount	Ontario	43.45556	-80.5275	CA	1
Clair Hills	Ontario	43.45625	-80.58172	CA	1
Heritage Park	Ontario	43.45639	-80.44417	CA	1
Rosemount	Ontario	43.45694	-80.46361	CA	1
Beaver Dam	Wisconsin	43.45777	-88.83733	US	1
Beechwood West	Ontario	43.45823	-80.56614	CA	1
Carrollton	Michigan	43.45864	-83.93025	US	1
Mount Hope Huron Park	Ontario	43.45942	-80.49644	CA	1
Grand River North	Ontario	43.45947	-80.43193	CA	1
Mexico	New York	43.45951	-76.22882	US	1
Saginaw Township North	Michigan	43.46004	-84.00674	US	1
Beechwood	Ontario	43.46041	-80.54989	CA	1
Bellevue	Idaho	43.46352	-114.2606	US	1
Fairfield	Ontario	43.46419	-80.49622	CA	1
Central	Ontario	43.46475	-80.52185	CA	1
Idaho Falls	Idaho	43.46658	-112.03414	US	1
Springvale	Maine	43.46675	-70.79367	US	1
Bluewater	Ontario	43.46679	-81.59977	CA	1
Breslau	Ontario	43.4668	-80.41638	CA	1
Waterloo	Ontario	43.4668	-80.51639	CA	1
Northward	Ontario	43.4674	-80.47588	CA	1
Fremont	Michigan	43.46752	-85.942	US	1
Laurelwood	Ontario	43.46866	-80.58005	CA	1
Ammon	Idaho	43.46964	-111.96664	US	1
Columbia Hills	Ontario	43.46987	-80.60084	CA	1
Fredonia	Wisconsin	43.47056	-87.95065	US	1
Lake Pleasant	New York	43.4709	-74.41265	US	1
Baraboo	Wisconsin	43.47109	-89.74429	US	1
West Baraboo	Wisconsin	43.47443	-89.7704	US	1
Zilwaukee	Michigan	43.47641	-83.92053	US	1
Alfred	Maine	43.47647	-70.71839	US	1
Wellesley	Ontario	43.47691	-80.76209	CA	1
Bridgeport East	Ontario	43.47817	-80.46715	CA	1
Bridgeport West	Ontario	43.47843	-80.48432	CA	1
Jackson	Wyoming	43.47993	-110.76243	US	1
Windsor	Vermont	43.48035	-72.38481	US	1
Bridgeport	Ontario	43.4834	-80.48299	CA	1
Boonville	New York	43.48368	-75.33656	US	1
Columbia	Ontario	43.48468	-80.53349	CA	1
University Downs	Ontario	43.48488	-80.49465	CA	1
Conservation	Ontario	43.48608	-80.58127	CA	1
Dearborn	Ontario	43.48744	-80.51821	CA	1
Lakeshore Village	Ontario	43.48833	-80.55111	CA	1
Sanbornton	New Hampshire	43.48924	-71.5823	US	1
Grantham	New Hampshire	43.48952	-72.13759	US	1
Caro	Michigan	43.49073	-83.39885	US	1
Kuna	Idaho	43.49183	-116.42012	US	1
Biddeford	Maine	43.49258	-70.45338	US	1
Bridgeport North	Ontario	43.49403	-80.47564	CA	1
Mayville	Wisconsin	43.49416	-88.54482	US	1
Springfield	New Hampshire	43.49507	-72.03342	US	1
Lincoln	Ontario	43.49527	-80.50656	CA	1
Kohler	Wisconsin	43.49639	-88.02343	US	1
Lakeshore North-Conservation	Ontario	43.49656	-80.56116	CA	1
Warrensburg	New York	43.49674	-73.77623	US	1
Lexington	Ontario	43.49736	-80.49121	CA	1
Belgium	Wisconsin	43.49972	-87.85037	US	1
Wilson	Wyoming	43.50076	-110.87521	US	1
Saco	Maine	43.50092	-70.44283	US	1
Colonial Acres	Ontario	43.50107	-80.51774	CA	1
Eastbridge	Ontario	43.51273	-80.50816	CA	1
Lincoln	Idaho	43.51297	-111.96441	US	1
Clarendon	Vermont	43.51618	-72.96983	US	0
St. Clements	Ontario	43.5168	-80.6497	CA	1
Milton	Ontario	43.51681	-79.88294	CA	1
Poultney	Vermont	43.51701	-73.23622	US	1
Theresa	Wisconsin	43.51722	-88.45121	US	1
Old Orchard Beach	Maine	43.51731	-70.37755	US	1
Hailey	Idaho	43.51963	-114.31532	US	1
Rural East-Country Squire	Ontario	43.52075	-80.49736	CA	1
Kewaskum	Wisconsin	43.52083	-88.22899	US	1
Hill	New Hampshire	43.52424	-71.70091	US	1
Shepherd	Michigan	43.52447	-84.69473	US	1
Freeland	Michigan	43.52503	-84.12276	US	1
Moose Wilson Road	Wyoming	43.52521	-110.84466	US	1
Danbury	New Hampshire	43.52563	-71.86175	US	1
Iona	Idaho	43.5263	-111.93302	US	1
Laconia	New Hampshire	43.52785	-71.47035	US	1
St. Jacobs	Ontario	43.53162	-80.55725	CA	1
Reedsburg	Wisconsin	43.53248	-90.00263	US	1
Acton	Maine	43.53425	-70.90978	US	1
Waterboro	Maine	43.53564	-70.71506	US	1
Pardeeville	Wisconsin	43.53776	-89.30012	US	1
Portage	Wisconsin	43.53915	-89.46262	US	1
Randolph	Wisconsin	43.53915	-89.00678	US	1
Shapleigh	Maine	43.54064	-70.84812	US	1
Nampa	Idaho	43.54072	-116.56346	US	1
Sioux Falls	South Dakota	43.54369	-96.72796	US	1
Marsing	Idaho	43.54544	-116.8132	US	1
Guelph	Ontario	43.54594	-80.25599	CA	1
Gilford	New Hampshire	43.54758	-71.40674	US	1
Dayton	Maine	43.54972	-70.57555	US	1
Seaforth	Ontario	43.55009	-81.39976	CA	1
White Cloud	Michigan	43.5503	-85.772	US	1
Random Lake	Wisconsin	43.55222	-87.96176	US	1
Sanbornville	New Hampshire	43.55425	-71.0309	US	1
Whitehall	New York	43.55562	-73.40372	US	1
Viroqua	Wisconsin	43.55692	-90.88874	US	1
Grafton	New Hampshire	43.55868	-71.94397	US	1
Spring Grove	Minnesota	43.56108	-91.63598	US	1
Barrington	Nova Scotia	43.56285	-65.56173	CA	1
Hines	Oregon	43.56404	-119.08105	US	1
Fox Lake	Wisconsin	43.56554	-88.9065	US	1
Pulaski	New York	43.56701	-76.1277	US	1
White River	South Dakota	43.56805	-100.74542	US	1
Wakefield	New Hampshire	43.56813	-71.03007	US	1
Richland	New York	43.56951	-76.0477	US	1
Cedar Grove	Wisconsin	43.56972	-87.82342	US	1
West Scarborough	Maine	43.57036	-70.38783	US	1
Lakeside	Oregon	43.57567	-124.17511	US	1
Scarborough	Maine	43.57814	-70.32172	US	1
Mississauga	Ontario	43.5789	-79.6583	CA	1
Canadian Lakes	Michigan	43.57919	-85.3017	US	1
Wolfeboro	New Hampshire	43.58397	-71.20729	US	1
Burns	Oregon	43.58626	-119.0541	US	1
Ashford	Wisconsin	43.58694	-88.37066	US	1
Bristol	New Hampshire	43.59119	-71.73675	US	1
Lomira	Wisconsin	43.59138	-88.44371	US	1
Long Branch	Ontario	43.5914	-79.53252	CA	1
West Rutland	Vermont	43.59312	-73.04511	US	1
Bay City	Michigan	43.59447	-83.88886	US	1
Brandon	South Dakota	43.5947	-96.57199	US	1
Fair Haven	Vermont	43.59479	-73.26567	US	1
Ucon	Idaho	43.5963	-111.96386	US	1
Campbellsport	Wisconsin	43.59777	-88.27899	US	1
Mount Pleasant	Michigan	43.59781	-84.76751	US	1
Yoncalla	Oregon	43.59845	-123.28342	US	1
Elmira	Ontario	43.60009	-80.5497	CA	1
New Toronto	Ontario	43.60019	-79.50527	CA	1
Cass City	Michigan	43.60085	-83.17467	US	1
Lake Delton	Wisconsin	43.60109	-89.79374	US	1
Victor	Idaho	43.6027	-111.11133	US	1
Auburn	Michigan	43.60336	-84.0697	US	1
Alderwood	Ontario	43.60348	-79.54604	CA	1
Hollis Center	Maine	43.60508	-70.59311	US	1
Rutland	Vermont	43.61062	-72.97261	US	1
Castleton	Vermont	43.61062	-73.17983	US	1
Alexandria	New Hampshire	43.61146	-71.79286	US	1
Meridian	Idaho	43.61211	-116.39151	US	1
Boise	Idaho	43.6135	-116.20345	US	1
Essexville	Michigan	43.6153	-83.84192	US	1
Midland	Michigan	43.61558	-84.24721	US	1
Mimico	Ontario	43.61616	-79.51269	CA	1
Huron East	Ontario	43.61679	-81.29975	CA	1
Homedale	Idaho	43.61766	-116.93376	US	1
Rockwood	Ontario	43.61899	-80.14441	CA	1
Worthington	Minnesota	43.61996	-95.5964	US	1
Jackson	Minnesota	43.62079	-94.9886	US	1
Garden City	Idaho	43.62211	-116.23817	US	1
Oostburg	Wisconsin	43.62277	-87.79453	US	1
Hartford	South Dakota	43.62303	-96.94255	US	1
Woodstock	Vermont	43.62424	-72.51843	US	1
Wisconsin Dells	Wisconsin	43.62748	-89.77096	US	1
Acton	Ontario	43.62969	-80.04149	CA	1
Waupun	Wisconsin	43.63332	-88.72955	US	1
Markland Wood	Ontario	43.63347	-79.57569	CA	1
Islington-City Centre West	Ontario	43.63347	-79.54332	CA	1
Waterfront Communities-The Island	Ontario	43.63388	-79.3772	CA	1
Caledonia	Minnesota	43.63469	-91.49681	US	1
Adrian	Minnesota	43.63497	-95.9328	US	1
Stonegate-Queensway	Ontario	43.63552	-79.50113	CA	1
Arco	Idaho	43.63657	-113.30028	US	1
South Parkdale	Ontario	43.6367	-79.43934	CA	1
Blue Earth	Minnesota	43.63746	-94.10218	US	1
Buxton	Maine	43.63786	-70.51894	US	1
Bridgewater	New Hampshire	43.63841	-71.73647	US	1
South Portland Gardens	Maine	43.63897	-70.31533	US	1
Halton Hills	Ontario	43.6403	-79.93146	CA	1
Enfield	New Hampshire	43.64063	-72.14398	US	1
South Portland	Maine	43.64147	-70.24088	US	1
Lebanon	New Hampshire	43.64229	-72.25176	US	1
Lake Isabella	Michigan	43.64364	-84.99725	US	1
Etobicoke	Ontario	43.64415	-79.56985	CA	1
Niagara	Ontario	43.64455	-79.40712	CA	1
High Park-Swansea	Ontario	43.64506	-79.46787	CA	1
Thermopolis	Wyoming	43.64607	-108.21204	US	1
Etobicoke West Mall	Ontario	43.64639	-79.56985	CA	1
Little Portugal	Ontario	43.64663	-79.42956	CA	1
Trinity-Bellwoods	Ontario	43.64791	-79.40849	CA	1
Albert Lea	Minnesota	43.64801	-93.36827	US	1
Newfield	Maine	43.64813	-70.84701	US	1
Roncesvalles	Ontario	43.64887	-79.45016	CA	1
White River Junction	Vermont	43.64896	-72.31926	US	1
South Riverdale	Ontario	43.64929	-79.33565	CA	1
Georgetown	Ontario	43.65011	-79.91634	CA	1
Mendon	Vermont	43.65198	-72.9278	US	1
Fairmont	Minnesota	43.65218	-94.46108	US	1
Sherburn	Minnesota	43.65218	-94.72692	US	1
Hillsboro	Wisconsin	43.6522	-90.34402	US	1
Kingsway South	Ontario	43.65352	-79.51058	CA	1
Kensington-Chinatown	Ontario	43.65355	-79.39724	CA	1
Alexandria	South Dakota	43.65359	-97.78285	US	1
Luverne	Minnesota	43.65414	-96.21281	US	1
Moss Park	Ontario	43.65498	-79.37153	CA	1
High Park North	Ontario	43.65626	-79.47454	CA	1
Westby	Wisconsin	43.65692	-90.8543	US	1
Portland	Maine	43.65737	-70.2589	US	1
Lambton Baby Point	Ontario	43.65742	-79.49605	CA	1
Bay Street Corridor	Ontario	43.65751	-79.38572	CA	1
Meredith	New Hampshire	43.65757	-71.50035	US	1
Dufferin Grove	Ontario	43.65766	-79.42793	CA	1
Eringate-Centennial-West Deane	Ontario	43.65802	-79.58044	CA	1
Drain	Oregon	43.65873	-123.3187	US	1
Palmerston-Little Italy	Ontario	43.65916	-79.41841	CA	1
Runnymede-Bloor West Village	Ontario	43.65927	-79.48571	CA	1
Church-Yonge Corridor	Ontario	43.65965	-79.37902	CA	1
Regent Park	Ontario	43.66041	-79.3615	CA	1
Hartford	Vermont	43.66063	-72.33842	US	1
University	Ontario	43.66251	-79.40118	CA	1
Caldwell	Idaho	43.66294	-116.68736	US	1
Lake Arrowhead	Maine	43.66369	-70.73478	US	1
Crooks	South Dakota	43.6647	-96.81089	US	1
Dovercourt-Wallace Emerson-Junction	Ontario	43.66568	-79.43854	CA	1
Princess-Rosethorn	Ontario	43.66605	-79.54456	CA	1
Austin	Minnesota	43.66663	-92.97464	US	1
Cabbagetown-South St.James Town	Ontario	43.66765	-79.36611	CA	1
Junction Area	Ontario	43.66789	-79.47144	CA	1
North St.James Town	Ontario	43.66962	-79.37525	CA	1
Preston	Minnesota	43.67024	-92.08322	US	1
La Pine	Oregon	43.6704	-121.50364	US	1
Edenbridge-Humber Valley	Ontario	43.67089	-79.52246	CA	1
Annex	Ontario	43.67159	-79.404	CA	1
North Riverdale	Ontario	43.672	-79.35126	CA	1
Rigby	Idaho	43.67241	-111.91497	US	1
Wilder	Vermont	43.67285	-72.3087	US	1
The Beaches	Ontario	43.67372	-79.29539	CA	1
Weston-Pellam Park	Ontario	43.67396	-79.46024	CA	1
Rockcliffe-Smythe	Ontario	43.67479	-79.49442	CA	1
Blake-Jones	Ontario	43.67617	-79.33739	CA	1
Wilder	Idaho	43.67655	-116.91182	US	1
Alto	Wisconsin	43.67665	-88.79511	US	1
Westbrook	Maine	43.67703	-70.37116	US	1
Lakefield	Minnesota	43.67746	-95.17166	US	1
Wychwood	Ontario	43.67757	-79.4218	CA	1
Corso Italia-Davenport	Ontario	43.67766	-79.44747	CA	1
Woodbine Corridor	Ontario	43.67836	-79.31571	CA	1
Gorham	Maine	43.67952	-70.44422	US	1
Playter Estates-Danforth	Ontario	43.6797	-79.35489	CA	1
Greenwood-Coxwell	Ontario	43.68035	-79.32661	CA	1
Ketchum	Idaho	43.68074	-114.36366	US	1
Oakwood Village	Ontario	43.68278	-79.43833	CA	1
Rosedale-Moore Park	Ontario	43.68282	-79.37967	CA	1
Elora	Ontario	43.6834	-80.43299	CA	1
Brampton	Ontario	43.68341	-79.76633	CA	1
Casa Loma	Ontario	43.68345	-79.41248	CA	1
Willowridge-Martingrove-Richview	Ontario	43.68364	-79.55422	CA	1
Danforth	Ontario	43.68403	-79.32982	CA	1
East End-Danforth	Ontario	43.68417	-79.29936	CA	1
Ossipee	New Hampshire	43.68536	-71.11673	US	1
Keelesdale-Eglinton West	Ontario	43.68573	-79.47144	CA	1
Oakfield	Wisconsin	43.6861	-88.5465	US	1
Spring Valley	Minnesota	43.68691	-92.38906	US	1
Mount Dennis	Ontario	43.68694	-79.48917	CA	1
Yonge-St.Clair	Ontario	43.68786	-79.39787	CA	1
Limerick	Maine	43.68841	-70.79367	US	1
Caledonia-Fairbank	Ontario	43.68857	-79.45521	CA	1
Broadview North	Ontario	43.68883	-79.35563	CA	1
Danforth East York	Ontario	43.68947	-79.3314	CA	1
Manchester	Wisconsin	43.69054	-89.04845	US	1
Humewood-Cedarvale	Ontario	43.69137	-79.42768	CA	1
Star	Idaho	43.69211	-116.49346	US	1
Woodbine-Lumsden	Ontario	43.69214	-79.3097	CA	1
Humber Heights-Westmount	Ontario	43.69223	-79.52242	CA	1
Beechborough-Greenbrook	Ontario	43.69322	-79.47947	CA	1
Forest Hill South	Ontario	43.69453	-79.41432	CA	1
Birchcliffe-Cliffside	Ontario	43.69468	-79.26509	CA	1
Taylor-Massey	Ontario	43.695	-79.2959	CA	1
Ashland	New Hampshire	43.69535	-71.63063	US	1
Eagle	Idaho	43.69544	-116.35401	US	1
Tuftonboro	New Hampshire	43.69647	-71.22201	US	1
Old East York	Ontario	43.69678	-79.33549	CA	1
Oakridge	Ontario	43.69686	-79.28028	CA	1
Sun Valley	Idaho	43.69713	-114.35172	US	1
Big Rapids	Michigan	43.69808	-85.48366	US	1
Hart	Michigan	43.69834	-86.36397	US	1
Kingsview Village-The Westway	Ontario	43.69899	-79.54786	CA	1
Briar Hill-Belgravia	Ontario	43.69902	-79.45285	CA	1
Brookhaven-Amesbury	Ontario	43.70133	-79.48559	CA	1
Hanover	New Hampshire	43.70229	-72.28954	US	1
Reedsport	Oregon	43.70234	-124.09678	US	1
Culp Creek	Oregon	43.70346	-122.84757	US	1
Weston	Ontario	43.70359	-79.51513	CA	1
Leaside-Bennington	Ontario	43.7038	-79.36607	CA	1
Forest Hill North	Ontario	43.70422	-79.42814	CA	1
Mount Pleasant West	Ontario	43.70444	-79.39336	CA	1
Yonge-Eglinton	Ontario	43.70469	-79.40359	CA	1
Mount Pleasant East	Ontario	43.70485	-79.38492	CA	1
Grand Meadow	Minnesota	43.7058	-92.57212	US	1
Fergus	Ontario	43.70604	-80.37761	CA	1
Toronto	Ontario	43.70643	-79.39864	CA	1
O'Connor-Parkview	Ontario	43.7068	-79.31223	CA	1
Middleton	Idaho	43.70683	-116.62014	US	1
Markesan	Wisconsin	43.7072	-88.99011	US	1
Thorncliffe Park	Ontario	43.70775	-79.34998	CA	1
Chittenden	Vermont	43.70784	-72.94816	US	1
Mitchell	South Dakota	43.70943	-98.0298	US	1
Center Harbor	New Hampshire	43.7098	-71.46035	US	1
Rustic	Ontario	43.71161	-79.49809	CA	1
Clairlea-Birchmount	Ontario	43.71359	-79.28138	CA	1
Yorkdale-Glen Park	Ontario	43.71467	-79.45711	CA	1
Plankinton	South Dakota	43.71555	-98.48509	US	1
Maple Leaf	Ontario	43.71557	-79.48076	CA	1
West Humber-Clairville	Ontario	43.71619	-79.59636	CA	1
Lawrence Park South	Ontario	43.71721	-79.40604	CA	1
Garretson	South Dakota	43.71747	-96.50282	US	1
Pelmo Park-Humberlea	Ontario	43.71752	-79.52828	CA	1
Flemingdon Park	Ontario	43.71806	-79.33222	CA	1
Englemount-Lawrence	Ontario	43.72035	-79.43741	CA	1
Elms-Old Rexdale	Ontario	43.72152	-79.54898	CA	1
Cliffcrest	Ontario	43.72192	-79.23091	CA	1
Hidden Spring	Idaho	43.72216	-116.25093	US	1
Kennedy Park	Ontario	43.72267	-79.26052	CA	1
Driggs	Idaho	43.72325	-111.11133	US	1
Rexdale-Kipling	Ontario	43.72373	-79.56623	CA	1
Salem	South Dakota	43.72415	-97.38895	US	1
North Perth	Ontario	43.7251	-80.96723	CA	1
Parsonsfield	Maine	43.72702	-70.92868	US	1
Victoria Village	Ontario	43.72849	-79.31487	CA	1
Falmouth	Maine	43.72953	-70.24199	US	1
Lawrence Park North	Ontario	43.73006	-79.40398	CA	1
Bridle Path-Sunnybrook-York Mills	Ontario	43.73101	-79.37891	CA	1
Bedford Park-Nortown	Ontario	43.73149	-79.42023	CA	1
Limington	Maine	43.73174	-70.71089	US	1
Sheboygan Falls	Wisconsin	43.73197	-87.82213	US	1
Holderness	New Hampshire	43.73202	-71.58841	US	1
Sebewaing	Michigan	43.73224	-83.45107	US	1
Downsview-Roding-CFB	Ontario	43.73329	-79.49049	CA	1
Lamartine	Wisconsin	43.73332	-88.56872	US	1
Listowel	Ontario	43.7334	-80.94973	CA	1
Falmouth Foreside	Maine	43.7348	-70.20783	US	1
South Windham	Maine	43.73619	-70.42366	US	1
Ionview	Ontario	43.73694	-79.27333	CA	1
Banbury-Don Mills	Ontario	43.73766	-79.34972	CA	1
Thistletown-Beaumond Heights	Ontario	43.73799	-79.56349	CA	1
Scarborough Village	Ontario	43.73899	-79.22124	CA	1
Eglinton East	Ontario	43.73917	-79.24576	CA	1
Elroy	Wisconsin	43.7408	-90.27235	US	1
Goderich	Ontario	43.74171	-81.71339	CA	1
Cashton	Wisconsin	43.74191	-90.7793	US	1
Clanton Park	Ontario	43.74198	-79.4463	CA	1
Brussels	Ontario	43.74316	-81.24998	CA	1
Glenfield-Jane Heights	Ontario	43.74564	-79.51347	CA	1
Wells	Minnesota	43.74607	-93.72884	US	1
Oakridge	Oregon	43.74651	-122.46172	US	1
Mount Olive-Silverstone-Jamestown	Ontario	43.74687	-79.58726	CA	1
Wexford/Maryvale	Ontario	43.74857	-79.29864	CA	1
Plymouth	Wisconsin	43.74861	-87.97704	US	1
Sheboygan	Wisconsin	43.75083	-87.71453	US	1
Wright	Wyoming	43.75124	-105.49201	US	1
Humbermede	Ontario	43.7525	-79.54417	CA	1
Guildwood	Ontario	43.75262	-79.19486	CA	1
Dorset Park	Ontario	43.75386	-79.28215	CA	1
Lansing-Westgate	Ontario	43.75427	-79.42475	CA	1
Moultonborough	New Hampshire	43.7548	-71.39674	US	1
Parkwoods-Donalda	Ontario	43.75503	-79.33018	CA	1
Kilmanagh	Michigan	43.75613	-83.3569	US	1
St. Andrew-Windfields	Ontario	43.75625	-79.37904	CA	1
Coleman	Michigan	43.75669	-84.58584	US	1
Plymouth	New Hampshire	43.75702	-71.68813	US	1
Humber Summit	Ontario	43.7579	-79.57501	CA	1
Effingham	New Hampshire	43.76119	-70.99645	US	1
Baltic	South Dakota	43.76136	-96.74033	US	1
Shelburne	Nova Scotia	43.76325	-65.32355	CA	1
Bathurst Manor	Ontario	43.76481	-79.45606	CA	1
Black Creek	Ontario	43.76489	-79.52198	CA	1
York University Heights	Ontario	43.76574	-79.48888	CA	1
Woburn	Ontario	43.76657	-79.22773	CA	1
Custer	South Dakota	43.76665	-103.59881	US	1
Willowdale	Ontario	43.76672	-79.39909	CA	1
Bendale	Ontario	43.76681	-79.25326	CA	1
West Hill	Ontario	43.76737	-79.1795	CA	1
Winnebago	Minnesota	43.76773	-94.16579	US	1
Portland	Wisconsin	43.76886	-90.85819	US	1
Henry Farm	Ontario	43.76952	-79.3524	CA	1
Willowdale East	Ontario	43.7706	-79.40148	CA	1
Willowdale West	Ontario	43.77121	-79.42756	CA	1
Erin	Ontario	43.7729	-80.06436	CA	1
Fond du Lac	Wisconsin	43.775	-88.43883	US	1
Bayview Village	Ontario	43.77639	-79.38028	CA	1
Westminster-Branson	Ontario	43.77881	-79.45242	CA	1
Tam O'Shanter-Sullivan	Ontario	43.77977	-79.29502	CA	1
Centennial Scarborough	Ontario	43.78238	-79.15084	CA	1
Don Valley Village	Ontario	43.78329	-79.35364	CA	1
Parma	Idaho	43.78516	-116.94321	US	1
Newtonbrook West	Ontario	43.78583	-79.43142	CA	1
Pleasant View	Ontario	43.78609	-79.33502	CA	1
Lowville	New York	43.78674	-75.49185	US	1
Morningside	Ontario	43.78727	-79.20636	CA	1
Agincourt South-Malvern West	Ontario	43.78866	-79.26561	CA	1
Sandwich	New Hampshire	43.79035	-71.41118	US	1
Highland Creek	Ontario	43.79068	-79.17555	CA	1
Montello	Wisconsin	43.79137	-89.31984	US	1
Newtonbrook East	Ontario	43.79154	-79.40594	CA	1
Steep Falls	Maine	43.79397	-70.65256	US	1
L'Amoreaux	Ontario	43.79572	-79.31408	CA	1
Porter	Maine	43.79591	-70.93256	US	1
Cumberland Center	Maine	43.79647	-70.25894	US	1
Bayview Woods-Steeles	Ontario	43.7968	-79.38212	CA	1
Mauston	Wisconsin	43.79719	-90.07735	US	1
Cottage Grove	Oregon	43.79762	-123.05952	US	1
Brandon	Vermont	43.79812	-73.08761	US	1
Concord	Ontario	43.80011	-79.48291	CA	1
Yarmouth	Maine	43.80064	-70.18672	US	1
La Crosse	Wisconsin	43.80136	-91.23958	US	1
Harpswell Center	Maine	43.80175	-69.98421	US	1
Bad Axe	Michigan	43.80196	-83.00078	US	1
Rouge	Ontario	43.80406	-79.16571	CA	1
Agincourt North	Ontario	43.80418	-79.27528	CA	1
Cornish	Maine	43.8048	-70.80117	US	1
Hillcrest Village	Ontario	43.80486	-79.35442	CA	1
Rumney	New Hampshire	43.80535	-71.81258	US	1
Rosendale	Wisconsin	43.80776	-88.67483	US	1
Rushford	Minnesota	43.8083	-91.75293	US	1
Adams	New York	43.80923	-76.02409	US	1
Malvern	Ontario	43.80938	-79.22344	CA	1
Lyme	New Hampshire	43.80951	-72.15592	US	1
Chamberlain	South Dakota	43.81083	-99.33066	US	1
North Fond du Lac	Wisconsin	43.81138	-88.48344	US	1
Steeles	Ontario	43.81205	-79.33082	CA	1
Freedom	New Hampshire	43.8123	-71.03562	US	1
Clare	Michigan	43.81947	-84.76863	US	1
Three Rivers	Oregon	43.82012	-121.46919	US	1
Phippsburg	Maine	43.82064	-69.81477	US	1
Eldorado	Wisconsin	43.82471	-88.62178	US	1
Milliken	Ontario	43.82499	-79.29872	CA	1
Rexburg	Idaho	43.82602	-111.78969	US	1
Dell Rapids	South Dakota	43.82608	-96.70616	US	1
Truman	Minnesota	43.82773	-94.43719	US	1
La Crescent	Minnesota	43.82802	-91.30403	US	1
Idaho City	Idaho	43.8285	-115.83455	US	1
Pigeon	Michigan	43.83002	-83.26996	US	1
Yarmouth	Nova Scotia	43.83345	-66.11557	CA	1
Howards Grove	Wisconsin	43.83388	-87.82009	US	1
Kadoka	South Dakota	43.83388	-101.50987	US	1
North Windham	Maine	43.83424	-70.43839	US	1
Vaughan	Ontario	43.8361	-79.49827	CA	1
Saint Peter	Wisconsin	43.83638	-88.34149	US	1
Easton	Wisconsin	43.83803	-89.80679	US	1
Ripon	Wisconsin	43.8422	-88.83594	US	1
Green Lake	Wisconsin	43.84415	-88.96011	US	1
Harbor Beach	Michigan	43.84474	-82.65132	US	1
Chatfield	Minnesota	43.84552	-92.18905	US	1
North La Crosse	Wisconsin	43.84635	-91.24819	US	1
Ticonderoga	New York	43.84867	-73.42345	US	1
Ajax	Ontario	43.85012	-79.03288	CA	1
Princeton	Wisconsin	43.85081	-89.12178	US	1
Boothbay Harbor	Maine	43.8523	-69.6281	US	1
Pinconning	Michigan	43.85363	-83.96499	US	1
Newcastle	Wyoming	43.8547	-104.20494	US	1
Stewartville	Minnesota	43.85552	-92.48851	US	1
Freeport	Maine	43.85702	-70.10311	US	1
French Island	Wisconsin	43.8583	-91.26042	US	1
Tamworth	New Hampshire	43.8598	-71.26313	US	1
Adams Center	New York	43.86006	-76.00548	US	1
Caledon	Ontario	43.86544	-79.99322	CA	1
Windom	Minnesota	43.86635	-95.11694	US	1
Blooming Prairie	Minnesota	43.86663	-93.05103	US	1
Leicester	Vermont	43.86673	-73.10789	US	1
Markham	Ontario	43.86682	-79.2663	CA	1
Fulda	Minnesota	43.87052	-95.60029	US	1
Richmond Hill	Ontario	43.87111	-79.43725	CA	1
Edgerton	Minnesota	43.87247	-96.12864	US	1
Sugar City	Idaho	43.87297	-111.7483	US	1
Emmett	Idaho	43.8735	-116.4993	US	1
Reed City	Michigan	43.87502	-85.51005	US	1
Boothbay	Maine	43.87647	-69.63366	US	1
Nyssa	Oregon	43.87683	-116.99488	US	1
Hiram	Maine	43.87868	-70.8034	US	1
New Lisbon	Wisconsin	43.87914	-90.16541	US	1
Bolton	Ontario	43.87952	-79.73791	CA	1
Beaverton	Michigan	43.88225	-84.48473	US	1
Dunes City	Oregon	43.88318	-124.11512	US	1
Whitby	Ontario	43.88342	-78.93287	CA	1
Westfield	Wisconsin	43.88359	-89.49346	US	1
Sunriver	Oregon	43.88401	-121.43864	US	1
Onalaska	Wisconsin	43.88441	-91.23514	US	1
Wingham	Ontario	43.88793	-81.31145	CA	1
Murdo	South Dakota	43.88832	-100.71291	US	1
Hayfield	Minnesota	43.89052	-92.84769	US	1
Thornton	New Hampshire	43.89285	-71.67591	US	1
Bangor	Wisconsin	43.89302	-90.99041	US	1
New Richland	Minnesota	43.89385	-93.49383	US	1
Salisbury	Vermont	43.89645	-73.09984	US	1
West Salem	Wisconsin	43.89913	-91.08125	US	1
Madison	New Hampshire	43.89924	-71.1484	US	1
Oshawa	Ontario	43.90012	-78.84957	CA	1
Pickering	Ontario	43.90012	-79.13289	CA	1
Evart	Michigan	43.90058	-85.2581	US	1
Baldwin	Michigan	43.90112	-85.85173	US	1
Raymond	Maine	43.90146	-70.47033	US	1
Kennebec	South Dakota	43.9036	-99.86178	US	1
Orford	New Hampshire	43.90535	-72.14009	US	1
Bath	Maine	43.91064	-69.8206	US	1
Harriston	Ontario	43.91199	-80.87199	CA	1
Kiel	Wisconsin	43.91249	-88.03565	US	1
Brunswick	Maine	43.91452	-69.96533	US	1
Cleveland	Wisconsin	43.91499	-87.74731	US	1
Orangeville	Ontario	43.9168	-80.09967	CA	1
Bowmanville	Ontario	43.91682	-78.68286	CA	1
Creswell	Oregon	43.9179	-123.02453	US	1
Lowell	Oregon	43.91846	-122.78368	US	1
Woolwich	Maine	43.91869	-69.80116	US	1
Meeme	Wisconsin	43.92055	-87.83148	US	1
Randolph	Vermont	43.92507	-72.66594	US	1
Topsham	Maine	43.92758	-69.97588	US	1
King City	Ontario	43.92856	-79.52694	CA	1
Mapleton	Minnesota	43.92885	-93.95606	US	1
North Bath	Maine	43.9348	-69.81588	US	1
Brownfield	Maine	43.93813	-70.90868	US	1
Brice Prairie	Wisconsin	43.93857	-91.29986	US	1
Mountain Lake	Minnesota	43.93885	-94.92971	US	1
Sparta	Wisconsin	43.94413	-90.81291	US	1
Sackets Harbor	New York	43.94617	-76.11909	US	1
New Holstein	Wisconsin	43.94999	-88.08426	US	1
Crown Point	New York	43.95034	-73.43707	US	1
Scottville	Michigan	43.95473	-86.28008	US	1
Ludington	Michigan	43.95528	-86.45258	US	1
Adams	Wisconsin	43.95608	-89.81818	US	1
Bristol	Maine	43.95758	-69.50921	US	1
Brooklin	Ontario	43.95833	-78.95972	CA	1
Edgecomb	Maine	43.95841	-69.6306	US	1
Cobourg	Ontario	43.95977	-78.16515	CA	1
New Gloucester	Maine	43.96285	-70.28255	US	1
Holmen	Wisconsin	43.9633	-91.25625	US	1
King	Ontario	43.96514	-79.59011	CA	1
Saint Anthony	Idaho	43.9663	-111.68218	US	1
Stouffville	Ontario	43.96682	-79.2496	CA	1
Berlin	Wisconsin	43.96804	-88.94345	US	1
Brothertown	Wisconsin	43.96805	-88.30899	US	1
Saint Charles	Minnesota	43.96941	-92.06433	US	1
New Plymouth	Idaho	43.96989	-116.81904	US	1
Denmark	Maine	43.97035	-70.8034	US	1
Friendship	Wisconsin	43.97053	-89.81679	US	1
West Carthage	New York	43.97423	-75.61519	US	1
Watertown	New York	43.97478	-75.91076	US	1
Woodstock	New Hampshire	43.97757	-71.68508	US	1
Carthage	New York	43.97812	-75.60936	US	1
Tomah	Wisconsin	43.97858	-90.50402	US	1
Conway	New Hampshire	43.97924	-71.12035	US	1
Gladwin	Michigan	43.98085	-84.4864	US	1
Vale	Oregon	43.98211	-117.23823	US	1
Saint James	Minnesota	43.98246	-94.62692	US	1
Florence	Oregon	43.98262	-124.09984	US	1
Standish	Michigan	43.98308	-83.95888	US	1
Friendship	Maine	43.98369	-69.33394	US	1
Lewiston	Minnesota	43.98441	-91.86932	US	1
Bridport	Vermont	43.98506	-73.31262	US	1
Slayton	Minnesota	43.98774	-95.75585	US	1
Eyota	Minnesota	43.9883	-92.2285	US	1
Chelsea	Vermont	43.98979	-72.4476	US	1
Dakota	Wisconsin	43.99025	-89.35651	US	1
Deschutes River Woods	Oregon	43.99151	-121.35836	US	1
Lisbon Falls	Maine	43.99619	-70.06061	US	1
Aurora	Ontario	44.00011	-79.46632	CA	1
Prince Edward	Ontario	44.00012	-77.24946	CA	1
Whitchurch-Stouffville	Ontario	44.00012	-79.3163	CA	1
Pipestone	Minnesota	44.00053	-96.31753	US	1
Picton	Ontario	44.00176	-77.14637	CA	1
Wiscasset	Maine	44.00286	-69.6656	US	1
Trempealeau	Wisconsin	44.00552	-91.44209	US	1
Madison	South Dakota	44.00608	-97.11395	US	1
Brownville	New York	44.007	-75.98409	US	1
Fruitland	Idaho	44.00766	-116.91655	US	1
Colonial Pine Hills	South Dakota	44.00777	-103.31546	US	1
Dexter	New York	44.00784	-76.04437	US	1
Howard	South Dakota	44.01081	-97.52674	US	1
Black River	New York	44.01256	-75.79437	US	1
Middlebury (village)	Vermont	44.01553	-73.16937	US	1
Fryeburg	Maine	44.01646	-70.98062	US	1
Saint George	Maine	44.01647	-69.19893	US	1
Port Hope	Ontario	44.01682	-78.39953	CA	1
Worland	Wyoming	44.0169	-107.95537	US	1
Harrison	Michigan	44.01919	-84.79947	US	1
Cushing	Maine	44.01925	-69.23977	US	1
Rochester	Minnesota	44.02163	-92.4699	US	1
Calcium	New York	44.02173	-75.84604	US	1
Tottenham	Ontario	44.02437	-79.80553	CA	1
Oshkosh	Wisconsin	44.02471	-88.54261	US	1
Ontario	Oregon	44.02655	-116.96294	US	1
Dodge Center	Minnesota	44.02802	-92.85464	US	1
Chilton	Wisconsin	44.02888	-88.16288	US	1
Kasson	Minnesota	44.02996	-92.75074	US	1
Lisbon	Maine	44.03146	-70.1045	US	1
Byron	Minnesota	44.03274	-92.64546	US	1
Damariscotta	Maine	44.03286	-69.51866	US	1
Ballantrae	Ontario	44.03342	-79.2996	CA	1
Haverhill	New Hampshire	44.03451	-72.06398	US	1
Liverpool	Nova Scotia	44.03639	-64.72044	CA	1
Omro	Wisconsin	44.03943	-88.74428	US	1
Philip	South Dakota	44.03943	-101.66514	US	1
Redgranite	Wisconsin	44.04192	-89.09845	US	1
Mildmay	Ontario	44.043	-81.11889	CA	1
Springfield	Oregon	44.04624	-123.02203	US	1
Vinalhaven	Maine	44.04814	-68.8317	US	1
Port Henry	New York	44.04839	-73.45985	US	1
Veneta	Oregon	44.04873	-123.35093	US	1
Flandreau	South Dakota	44.04942	-96.59532	US	1
Winona	Minnesota	44.04996	-91.63932	US	1
Newmarket	Ontario	44.05011	-79.46631	CA	1
Madelia	Minnesota	44.05079	-94.4183	US	1
South Thomaston	Maine	44.05147	-69.12782	US	1
Eugene	Oregon	44.05207	-123.08675	US	1
Woonsocket	South Dakota	44.0536	-98.27564	US	1
North Conway	New Hampshire	44.05368	-71.1284	US	1
Bridgton	Maine	44.05479	-70.71284	US	1
Bend	Oregon	44.05817	-121.31531	US	1
Fort Drum	New York	44.05843	-75.76189	US	1
Poland	Maine	44.06063	-70.39367	US	1
Goodview	Minnesota	44.06246	-91.69571	US	1
Rapid Valley	South Dakota	44.06249	-103.14629	US	1
Fort Thompson	South Dakota	44.0686	-99.43788	US	1
Mantorville	Minnesota	44.06913	-92.75575	US	1
Ashton	Idaho	44.07158	-111.44829	US	1
Wautoma	Wisconsin	44.0747	-89.2879	US	1
Waseca	Minnesota	44.07774	-93.50744	US	1
Payette	Idaho	44.07822	-116.93377	US	1
Shelburne	Ontario	44.0787	-80.20408	CA	1
Thomaston	Maine	44.07897	-69.18171	US	1
Wessington Springs	South Dakota	44.07916	-98.56954	US	1
Nobleboro	Maine	44.07952	-69.48505	US	1
Beeton	Ontario	44.07988	-79.7816	CA	1
Rapid City	South Dakota	44.08054	-103.23101	US	1
Galesville	Wisconsin	44.08163	-91.34904	US	1
Owls Head	Maine	44.0823	-69.05726	US	1
Owatonna	Minnesota	44.08385	-93.22604	US	1
Minot	Maine	44.08563	-70.32006	US	1
Richmond	Maine	44.0873	-69.79893	US	1
Manitowoc	Wisconsin	44.08861	-87.65758	US	1
Addison	Vermont	44.08867	-73.30262	US	1
North Haverhill	New Hampshire	44.09034	-72.02648	US	1
Mineville	New York	44.09283	-73.51818	US	1
Waldoboro	Maine	44.09536	-69.3756	US	1
Auburn	Maine	44.09785	-70.23117	US	1
Upton	Wyoming	44.0997	-104.62802	US	1
Uxbridge	Ontario	44.10012	-79.11628	CA	1
Lewiston	Maine	44.10035	-70.21478	US	1
East Gwillimbury	Ontario	44.10087	-79.43785	CA	1
Rockland	Maine	44.10369	-69.10893	US	1
Washington	Vermont	44.10562	-72.4326	US	1
Lake Crystal	Minnesota	44.1058	-94.21885	US	1
Lincoln	Vermont	44.10589	-72.99706	US	1
Port Perry	Ontario	44.10676	-78.94441	CA	1
Harrison	Maine	44.11035	-70.67923	US	1
Winneconne	Wisconsin	44.11082	-88.71261	US	1
Mechanic Falls	Maine	44.11174	-70.39172	US	1
Box Elder	South Dakota	44.11249	-103.06823	US	1
Mount Morris	Wisconsin	44.11442	-89.19067	US	1
Janesville	Minnesota	44.11608	-93.708	US	1
Sabattus	Maine	44.1198	-70.10755	US	1
Warren	Maine	44.12036	-69.24005	US	1
Williamstown	Vermont	44.12173	-72.54149	US	1
Lovell	Maine	44.12674	-70.89173	US	1
Walkerton	Ontario	44.13023	-81.15309	CA	1
Elgin	Minnesota	44.13024	-92.25156	US	1
Oxford	Maine	44.13174	-70.49311	US	1
Bristol	Vermont	44.13339	-73.07901	US	1
Mount Albert	Ontario	44.13341	-79.3163	CA	1
Coburg	Oregon	44.13707	-123.06648	US	1
Hilbert	Wisconsin	44.14027	-88.16399	US	1
Cato	Wisconsin	44.14277	-87.8612	US	1
Ellsworth Air Force Base	South Dakota	44.14395	-103.07507	US	1
Hanover	Ontario	44.15009	-81.03303	CA	1
Alliston	Ontario	44.15011	-79.86635	CA	1
Millbrook	Ontario	44.15012	-78.44954	CA	1
Blackhawk	South Dakota	44.1511	-103.30796	US	1
Northfield	Vermont	44.15117	-72.6565	US	1
Woodsville	New Hampshire	44.15229	-72.03731	US	1
Reedsville	Wisconsin	44.1536	-87.95676	US	1
Two Rivers	Wisconsin	44.15388	-87.56925	US	1
Philadelphia	New York	44.1545	-75.70882	US	1
Stonington	Maine	44.15619	-68.66669	US	1
Mankato	Minnesota	44.15906	-94.00915	US	1
Eagle Lake	Minnesota	44.16497	-93.88134	US	1
Plainview	Minnesota	44.16497	-92.17156	US	1
Oronoco	Minnesota	44.16608	-92.53491	US	1
Belleville	Ontario	44.16682	-77.38277	CA	1
Vergennes	Vermont	44.16728	-73.25401	US	1
Whitefield	Maine	44.17007	-69.62532	US	1
North Mankato	Minnesota	44.1733	-94.03385	US	1
Sherwood	Wisconsin	44.1736	-88.25983	US	1
Medford	Minnesota	44.17413	-93.24632	US	1
Dubois	Idaho	44.1763	-112.23082	US	1
South Barre	Vermont	44.17701	-72.50566	US	1
Brillion	Wisconsin	44.17721	-88.06427	US	1
Skidway Lake	Michigan	44.18335	-84.03527	US	1
Kincardine	Ontario	44.18339	-81.63307	CA	1
Cookstown	Ontario	44.18341	-79.69964	CA	1
Bath	Ontario	44.18342	-76.78273	CA	1
Quinte West	Ontario	44.18342	-77.56618	CA	1
Rockport	Maine	44.18452	-69.07615	US	1
Neenah	Wisconsin	44.18582	-88.46261	US	1
Greene Village	Maine	44.18979	-70.14033	US	1
Summerset	South Dakota	44.18998	-103.34384	US	1
Barre	Vermont	44.19701	-72.50205	US	1
Hebron	Maine	44.19813	-70.40645	US	1
Deseronto	Ontario	44.20012	-77.04944	CA	1
Pine Island	Minnesota	44.20135	-92.6463	US	1
Menasha	Wisconsin	44.20221	-88.4465	US	1
Madison Lake	Minnesota	44.20441	-93.81551	US	1
Ferrisburgh	Vermont	44.20561	-73.24623	US	1
Jefferson	Maine	44.20674	-69.45254	US	1
Camden	Maine	44.2098	-69.06476	US	1
Union	Maine	44.21147	-69.27421	US	1
Norway	Maine	44.21396	-70.54478	US	1
Elizabethtown	New York	44.21616	-73.59097	US	1
Waterville	Minnesota	44.21885	-93.568	US	1
Junction City	Oregon	44.21929	-123.20565	US	1
Rome	Wisconsin	44.2206	-89.80843	US	1
Pittston	Maine	44.22174	-69.7556	US	1
South Paris	Maine	44.22368	-70.51339	US	1
Tupper Lake	New York	44.22395	-74.46406	US	1
Deer Isle	Maine	44.22397	-68.67753	US	1
Antelope Valley-Crestview	Wyoming	44.22488	-105.47409	US	1
Starksboro	Vermont	44.22728	-73.05734	US	1
Harrison	Wisconsin	44.22776	-88.33591	US	1
Kingston	Ontario	44.22976	-76.48098	CA	1
Gardiner	Maine	44.23007	-69.77532	US	1
Randolph	Maine	44.23035	-69.76671	US	1
Deerfield	New Hampshire	44.23062	-71.61703	US	1
Sleepy Hollow	Wyoming	44.233	-105.427	US	1
Tracy	Minnesota	44.23329	-95.61918	US	1
Monmouth	Maine	44.23868	-70.03561	US	1
Springfield	Minnesota	44.23885	-94.97582	US	1
Mishicot	Wisconsin	44.23916	-87.64119	US	1
Clayton	New York	44.23949	-76.08578	US	1
North Elba	New York	44.24338	-73.95431	US	1
Manistee	Michigan	44.24445	-86.32425	US	1
Farmingdale	Maine	44.24451	-69.77143	US	1
Napanee Downtown	Ontario	44.24832	-76.95069	CA	0
Keswick	Ontario	44.25011	-79.46632	CA	0
Greater Napanee	Ontario	44.25012	-76.94944	CA	1
Napanee	Ontario	44.25012	-76.94944	CA	1
Chelsea	Maine	44.25035	-69.71727	US	1
Moretown	Vermont	44.25089	-72.76095	US	1
Weiser	Idaho	44.251	-116.96933	US	1
Skatepark	Ontario	44.25122	-76.94424	CA	0
Cadillac	Michigan	44.25195	-85.40116	US	1
Arcadia	Wisconsin	44.25274	-91.50154	US	1
Tremont	Maine	44.25369	-68.35141	US	1
Turner	Maine	44.25646	-70.25617	US	1
Paris	Maine	44.25979	-70.50062	US	1
Montpelier	Vermont	44.26006	-72.57539	US	1
Appleton	Wisconsin	44.26193	-88.41538	US	1
Moorcroft	Wyoming	44.26331	-104.95025	US	1
Hope	Maine	44.26508	-69.15893	US	1
Combined Locks	Wisconsin	44.26582	-88.31427	US	1
Stoney Point	Ontario	44.26681	-79.53292	CA	1
Tawas City	Michigan	44.26946	-83.5147	US	1
Kenyon	Minnesota	44.27219	-92.98548	US	1
Kimberly	Wisconsin	44.27221	-88.339	US	1
Redmond	Oregon	44.27262	-121.17392	US	1
Washington	Maine	44.27369	-69.36727	US	1
Harrisburg	Oregon	44.27401	-123.17065	US	1
Nicollet	Minnesota	44.27608	-94.18746	US	1
West Branch	Michigan	44.27641	-84.23861	US	1
Kaukauna	Wisconsin	44.27804	-88.27205	US	1
Tyler	Minnesota	44.2783	-96.13475	US	1
East Tawas	Michigan	44.27946	-83.49025	US	1
Lake Placid	New York	44.27962	-73.98198	US	1
Little Chute	Wisconsin	44.27999	-88.31844	US	1
Lincolnville	Maine	44.28119	-69.00865	US	1
Hallowell	Maine	44.2859	-69.79088	US	1
Appleton	Maine	44.28924	-69.25088	US	1
Buckfield	Maine	44.28951	-70.36534	US	1
Sisters	Oregon	44.29095	-121.54921	US	1
Gillette	Wyoming	44.29109	-105.50222	US	1
Middlesex	Vermont	44.29284	-72.67928	US	1
Zumbrota	Minnesota	44.29413	-92.66908	US	1
Blair	Wisconsin	44.2944	-91.23516	US	1
Black River Falls	Wisconsin	44.29468	-90.85153	US	1
Faribault	Minnesota	44.29496	-93.26883	US	1
Sleepy Eye	Minnesota	44.29718	-94.72415	US	1
Prudenville	Michigan	44.29835	-84.65197	US	1
Omemee	Ontario	44.29897	-78.55989	CA	1
Prineville	Oregon	44.29985	-120.83447	US	1
Innisfil	Ontario	44.30011	-79.64964	CA	1
Peterborough	Ontario	44.30012	-78.31623	CA	1
Stirling	Ontario	44.30012	-77.54948	CA	1
Leeds	Maine	44.3034	-70.1195	US	1
Sedgwick	Maine	44.30369	-68.61614	US	1
Wanamingo	Minnesota	44.30441	-92.79047	US	1
Winthrop	Maine	44.30507	-69.977	US	1
Littleton	New Hampshire	44.30617	-71.77009	US	1
Paisley	Ontario	44.30641	-81.27265	CA	1
Campbellford	Ontario	44.30842	-77.79949	CA	1
Charlotte	Vermont	44.30977	-73.26096	US	1
Augusta	Maine	44.31062	-69.77949	US	1
Windsor	Maine	44.31063	-69.5806	US	1
Brookings	South Dakota	44.31136	-96.79839	US	1
New Ulm	Minnesota	44.31246	-94.46053	US	1
Nekoosa	Wisconsin	44.31246	-89.90429	US	1
Cooperstown	Wisconsin	44.31277	-87.77453	US	1
Houghton Lake	Michigan	44.31474	-84.76475	US	1
Markdale	Ontario	44.3168	-80.64971	CA	1
Angus	Ontario	44.31681	-79.88295	CA	1
Sand Lake	Michigan	44.31918	-83.6847	US	1
Alma	Wisconsin	44.31997	-91.91488	US	1
Weyauwega	Wisconsin	44.32137	-88.93372	US	1
Saint Peter	Minnesota	44.32358	-93.95801	US	1
Volga	South Dakota	44.32358	-96.92645	US	1
West Paris	Maine	44.32423	-70.57395	US	1
Manchester	Maine	44.32451	-69.86033	US	1
Wrightstown	Wisconsin	44.32582	-88.16288	US	1
Hinesburg	Vermont	44.32922	-73.11068	US	1
Saranac Lake	New York	44.3295	-74.13127	US	1
Gananoque	Ontario	44.33342	-76.16607	CA	1
Hortonville	Wisconsin	44.3347	-88.63816	US	1
Lake City	Michigan	44.33529	-85.21505	US	1
Alexandria Bay	New York	44.33588	-75.91773	US	1
Gouverneur	New York	44.33673	-75.46299	US	1
King	Wisconsin	44.33748	-89.14178	US	1
Waterbury	Vermont	44.33783	-72.75623	US	1
Northport	Maine	44.33786	-68.96142	US	1
Denmark	Wisconsin	44.34777	-87.82732	US	1
Buffalo	Wyoming	44.34831	-106.69894	US	1
Wayne	Maine	44.34868	-70.06616	US	1
Lindsay	Ontario	44.35012	-78.73286	CA	1
Port Edwards	Wisconsin	44.3508	-89.8654	US	1
Lead	South Dakota	44.35221	-103.7652	US	1
Terrebonne	Oregon	44.3529	-121.17781	US	1
Fort Pierre	South Dakota	44.35359	-100.37374	US	1
Independence	Wisconsin	44.35691	-91.42043	US	1
Waupaca	Wisconsin	44.35803	-89.08595	US	1
Searsmont	Maine	44.36174	-69.19504	US	1
Huron	South Dakota	44.36332	-98.21426	US	1
Saint Helen	Michigan	44.36363	-84.41029	US	1
Whitehall	Wisconsin	44.36746	-91.31655	US	1
Pierre	South Dakota	44.36832	-100.35097	US	1
Lake Wazeecha	Wisconsin	44.37108	-89.75651	US	1
Hartford	Maine	44.37284	-70.34673	US	1
Whitefield	New Hampshire	44.37312	-71.61008	US	1
Woodstock	Maine	44.37494	-70.60849	US	1
Deadwood	South Dakota	44.37665	-103.72964	US	1
Lunenburg	Nova Scotia	44.37847	-64.31658	CA	1
Bridgewater	Nova Scotia	44.37856	-64.51882	CA	1
Basin	Wyoming	44.37996	-108.03899	US	1
Norwood	Ontario	44.38342	-77.98281	CA	1
Wisconsin Rapids	Wisconsin	44.38358	-89.81735	US	1
Wabasha	Minnesota	44.38386	-92.03294	US	1
Livermore	Maine	44.38396	-70.24922	US	1
Glenmore	Wisconsin	44.38583	-87.92732	US	1
De Smet	South Dakota	44.38747	-97.55035	US	1
Bar Harbor	Maine	44.38758	-68.2039	US	1
Gorham	New Hampshire	44.38784	-71.17313	US	1
Castine	Maine	44.38785	-68.79975	US	1
Readfield	Maine	44.38785	-69.96672	US	1
Le Center	Minnesota	44.38941	-93.73023	US	1
Canyon City	Oregon	44.3896	-118.95023	US	1
New London	Wisconsin	44.39276	-88.73983	US	1
Brownsville	Oregon	44.39346	-122.98481	US	1
Sweet Home	Oregon	44.39762	-122.7362	US	1
Barrie	Ontario	44.40011	-79.66634	CA	1
Goodhue	Minnesota	44.40052	-92.6238	US	1
Bethel	Maine	44.40423	-70.79062	US	1
Sundance	Wyoming	44.40637	-104.37578	US	1
Palermo	Maine	44.40785	-69.47393	US	1
Fayette	Maine	44.40896	-70.03367	US	1
Sturgis	South Dakota	44.40971	-103.50908	US	1
Manton	Michigan	44.41084	-85.39894	US	1
Au Sable	Michigan	44.41085	-83.33219	US	1
Sidney	Maine	44.41312	-69.72893	US	1
John Day	Oregon	44.41599	-118.95301	US	1
Jefferson	New Hampshire	44.41895	-71.47453	US	1
Saint Johnsbury	Vermont	44.41922	-72.01509	US	1
St Johnsbury	Vermont	44.42526	-72.01512	US	1
Belfast	Maine	44.42591	-69.00642	US	1
Waldport	Oregon	44.42679	-124.06873	US	1
Dundas	Minnesota	44.42941	-93.20188	US	1
Lakefield	Ontario	44.43342	-78.26623	CA	1
Port Elgin	Ontario	44.43605	-81.38981	CA	1
Williston	Vermont	44.43755	-73.06818	US	1
Montgomery	Minnesota	44.43885	-93.58134	US	1
Trenton	Maine	44.43897	-68.37002	US	1
Canton	Maine	44.4408	-70.31649	US	1
Bellevue	Wisconsin	44.44416	-87.9201	US	1
Marshall	Minnesota	44.4469	-95.78835	US	1
Belgrade	Maine	44.44729	-69.83255	US	1
Mahone Bay	Nova Scotia	44.44882	-64.38158	CA	1
De Pere	Wisconsin	44.44888	-88.06038	US	1
Lake City	Minnesota	44.44968	-92.2682	US	1
Amherst	Wisconsin	44.45081	-89.28484	US	1
Plover	Wisconsin	44.45636	-89.54401	US	1
Northfield	Minnesota	44.4583	-93.1616	US	1
Kewaunee	Wisconsin	44.45833	-87.50314	US	1
Vassalboro	Maine	44.45923	-69.67755	US	1
Le Sueur	Minnesota	44.46135	-93.91524	US	1
Lunenburg	Vermont	44.46311	-71.68203	US	1
Ivanhoe	Minnesota	44.4633	-96.24726	US	1
Manawa	Wisconsin	44.46443	-88.91983	US	1
Penobscot	Maine	44.46452	-68.71114	US	1
Stowe	Vermont	44.46533	-72.68456	US	1
South Burlington	Vermont	44.46699	-73.17096	US	1
Berlin	New Hampshire	44.46867	-71.18508	US	1
Tweed	Ontario	44.47512	-77.31616	CA	1
Livermore Falls	Maine	44.47534	-70.18811	US	1
Burlington	Vermont	44.47588	-73.21207	US	1
Allouez	Wisconsin	44.47749	-88.01621	US	1
Black Creek	Wisconsin	44.47749	-88.45066	US	1
Gouldsboro	Maine	44.47841	-68.03834	US	1
China	Maine	44.47868	-69.51726	US	1
Lonsdale	Minnesota	44.48024	-93.42856	US	1
Chisholm	Maine	44.48145	-70.1995	US	1
Ashwaubenon	Wisconsin	44.48221	-88.0701	US	1
Collingwood	Ontario	44.4834	-80.21638	CA	1
Marmora	Ontario	44.48342	-77.68279	CA	1
Lancaster	New Hampshire	44.48895	-71.56925	US	1
Greybull	Wyoming	44.48912	-108.05621	US	1
Stockton Springs	Maine	44.48952	-68.85698	US	1
Essex Junction	Vermont	44.49061	-73.11096	US	1
Spearfish	South Dakota	44.49082	-103.85937	US	1
Winooski	Vermont	44.49144	-73.18568	US	1
Whiting	Wisconsin	44.49358	-89.55873	US	1
Surry	Maine	44.49591	-68.50169	US	1
Roscommon	Michigan	44.49835	-84.59197	US	1
Oneida	Wisconsin	44.4986	-88.18288	US	1
Hobart	Wisconsin	44.49925	-88.14986	US	1
Mount Vernon	Maine	44.50118	-69.98756	US	1
Jericho	Vermont	44.50394	-72.99763	US	1
Jay	Maine	44.50395	-70.21617	US	1
Challis	Idaho	44.50464	-114.23173	US	1
Hardwick	Vermont	44.50478	-72.36816	US	1
Keeseville	New York	44.50505	-73.48013	US	1
South Lebanon	Oregon	44.50623	-122.90314	US	1
North Spearfish	South Dakota	44.50665	-103.89215	US	1
Peru	Maine	44.50673	-70.40534	US	1
Cannon Falls	Minnesota	44.50691	-92.90548	US	1
Iola	Wisconsin	44.50803	-89.13067	US	1
Madoc	Ontario	44.50842	-77.47448	CA	1
Steuben	Maine	44.51098	-67.96662	US	1
Lyndon	Vermont	44.51422	-72.01093	US	1
Cascade	Idaho	44.51628	-116.0418	US	1
Wasaga Beach	Ontario	44.5168	-80.01637	CA	1
Miller	South Dakota	44.51831	-98.98843	US	1
Green Bay	Wisconsin	44.51916	-88.01983	US	1
Sullivan	Maine	44.52036	-68.19668	US	1
Swanville	Maine	44.52119	-68.99781	US	1
Highmore	South Dakota	44.52137	-99.4415	US	1
Shad Bay	Nova Scotia	44.52293	-63.78745	CA	1
Stevens Point	Wisconsin	44.52358	-89.57456	US	1
Culver	Oregon	44.52568	-121.2131	US	1
Cody	Wyoming	44.52634	-109.05653	US	1
Fairfax	Minnesota	44.52913	-94.72082	US	1
Hancock	Maine	44.52924	-68.25363	US	1
Albion	Maine	44.53229	-69.44254	US	1
Jonesport	Maine	44.53286	-67.59833	US	1
Fenelon Falls	Ontario	44.53342	-78.74957	CA	1
Lyndonville	Vermont	44.53367	-72.00315	US	1
Dixfield	Maine	44.53395	-70.4559	US	1
Milbridge	Maine	44.53536	-67.88083	US	1
Lebanon	Oregon	44.53651	-122.90703	US	1
Luxemburg	Wisconsin	44.53861	-87.70398	US	1
Redwood Falls	Minnesota	44.5394	-95.11694	US	1
Philomath	Oregon	44.54012	-123.3676	US	1
Oakland	Maine	44.54034	-69.72199	US	1
Tangent	Oregon	44.54123	-123.10815	US	1
Chester	Nova Scotia	44.54225	-64.23891	CA	1
Winthrop	Minnesota	44.54302	-94.36637	US	1
New Prague	Minnesota	44.5433	-93.57607	US	1
Ellsworth	Maine	44.54341	-68.41946	US	1
Howard	Wisconsin	44.5436	-88.08816	US	1
Colchester	Vermont	44.54394	-73.14791	US	1
Bobcaygeon	Ontario	44.5462	-78.54203	CA	1
Winslow	Maine	44.54701	-69.62116	US	1
Strum	Wisconsin	44.54969	-91.39266	US	1
Brooks	Maine	44.55035	-69.12087	US	1
Chesterville	Maine	44.55117	-70.08617	US	1
Waterville	Maine	44.55201	-69.63171	US	1
Gaylord	Minnesota	44.55302	-94.22053	US	1
Rumford	Maine	44.55367	-70.5509	US	1
Brookside	Nova Scotia	44.554	-63.72388	CA	1
Morristown	Vermont	44.55727	-72.62373	US	1
Minneota	Minnesota	44.55885	-95.98559	US	1
Neillsville	Wisconsin	44.55996	-90.59625	US	1
Mexico	Maine	44.5609	-70.54534	US	1
Morrisville	Vermont	44.56172	-72.59845	US	1
Red Wing	Minnesota	44.56247	-92.5338	US	1
Northumberland	New Hampshire	44.56339	-71.5587	US	1
Corvallis	Oregon	44.56457	-123.26204	US	1
Elko New Market	Minnesota	44.56472	-93.32694	US	1
Guildhall	Vermont	44.56506	-71.55981	US	1
Sydenham	Ontario	44.56679	-80.79972	CA	1
Owen Sound	Ontario	44.56717	-80.94349	CA	1
Mondovi	Wisconsin	44.56774	-91.67099	US	1
Herring Cove	Nova Scotia	44.5703	-63.56822	CA	1
Orland	Maine	44.57035	-68.73586	US	1
Osseo	Wisconsin	44.57218	-91.22738	US	1
Milan	New Hampshire	44.57339	-71.18508	US	1
Bucksport	Maine	44.57369	-68.79559	US	1
Peru	New York	44.57838	-73.5268	US	1
Elmvale	Ontario	44.5834	-79.86636	CA	1
Kingsley	Michigan	44.58473	-85.5359	US	1
Rome	Maine	44.58506	-69.86922	US	1
Benton	Maine	44.58618	-69.55088	US	1
Franklin	Maine	44.58702	-68.23224	US	1
Fairfield	Maine	44.5884	-69.59866	US	1
Brockville	Ontario	44.59132	-75.68705	CA	1
Wilton	Maine	44.59284	-70.22812	US	1
Hyde Park	Vermont	44.59394	-72.61651	US	1
Green Acres	Nova Scotia	44.59496	-63.59942	CA	1
Canton	New York	44.59562	-75.16909	US	1
Groveton	New Hampshire	44.59867	-71.5112	US	1
Pittsfield	Wisconsin	44.59944	-88.2451	US	1
Thornhill	Nova Scotia	44.60347	-63.61147	CA	1
Meaford	Ontario	44.60725	-80.61081	CA	1
Cherryfield	Maine	44.6073	-67.92584	US	1
Arlington	Minnesota	44.6083	-94.08053	US	1
Orillia	Ontario	44.60868	-79.42068	CA	1
Cottonwood	Minnesota	44.60885	-95.67419	US	1
Algoma	Wisconsin	44.60889	-87.43259	US	1
Frankfort	Maine	44.6098	-68.8767	US	1
Spryfield	Nova Scotia	44.61163	-63.61771	CA	1
Hannawa Falls	New York	44.61228	-74.97103	US	1
Eastern Passage	Nova Scotia	44.61685	-63.48199	CA	1
Williams Lake	Nova Scotia	44.61776	-63.60896	CA	1
Addison	Maine	44.61841	-67.74416	US	1
Clintonville	Wisconsin	44.62053	-88.76232	US	1
Toledo	Oregon	44.62151	-123.93845	US	1
Digby	Nova Scotia	44.62188	-65.7586	CA	1
Belle Plaine	Minnesota	44.62274	-93.76857	US	1
Boulderwood	Nova Scotia	44.62362	-63.59524	CA	1
Durand	Wisconsin	44.62635	-91.96573	US	1
Shearwater	Nova Scotia	44.62676	-63.51369	CA	1
Halifax South End	Nova Scotia	44.62927	-63.57651	CA	1
Cow Bay	Nova Scotia	44.63141	-63.43218	CA	1
Beulah	Michigan	44.63194	-86.09092	US	1
Suamico	Wisconsin	44.63194	-88.03927	US	1
Cowie Hill	Nova Scotia	44.63209	-63.62021	CA	1
Madras	Oregon	44.63345	-121.12949	US	1
Frankfort	Michigan	44.63361	-86.23454	US	1
Melville Cove	Nova Scotia	44.6338	-63.61421	CA	1
Stoneridge	Nova Scotia	44.63441	-63.6329	CA	1
Johnson	Vermont	44.63561	-72.6804	US	1
Armdale	Nova Scotia	44.63593	-63.62636	CA	1
Imperoyal	Nova Scotia	44.63618	-63.5273	CA	1
Beechville	Nova Scotia	44.63619	-63.68205	CA	1
Albany	Oregon	44.63651	-123.10593	US	1
Newport	Oregon	44.63678	-124.05345	US	1
Clinton	Maine	44.63784	-69.5031	US	1
Winterport	Maine	44.63785	-68.84504	US	1
New Sharon	Maine	44.63895	-70.01561	US	1
Milton	Vermont	44.63977	-73.11041	US	1
Schmidtville	Nova Scotia	44.63988	-63.57822	CA	1
Farmington	Minnesota	44.64024	-93.14355	US	1
Spring Garden	Nova Scotia	44.64155	-63.58249	CA	1
Halifax	Nova Scotia	44.64269	-63.57688	CA	1
Quinpool District	Nova Scotia	44.64335	-63.59847	CA	1
Fairmount	Nova Scotia	44.64428	-63.63475	CA	1
Downtown Halifax	Nova Scotia	44.64826	-63.57762	CA	1
Halifax West End	Nova Scotia	44.6486	-63.61946	CA	1
Lakeville	Minnesota	44.64969	-93.24272	US	1
Woodside	Nova Scotia	44.65015	-63.54869	CA	1
Willowdale	Nova Scotia	44.65075	-63.47783	CA	1
Mio	Michigan	44.65224	-84.12973	US	1
Fairview	Nova Scotia	44.65277	-63.64112	CA	1
Stratford	New Hampshire	44.65505	-71.55564	US	1
Harrisville	Michigan	44.6564	-83.29469	US	1
Hayti	South Dakota	44.65719	-97.20507	US	1
Clayton Park West	Nova Scotia	44.65759	-63.66887	CA	1
Lawrencetown	Nova Scotia	44.6596	-63.36732	CA	1
Clayton Park	Nova Scotia	44.66029	-63.64731	CA	1
Grayling	Michigan	44.6614	-84.71475	US	1
West Yellowstone	Montana	44.66215	-111.10411	US	1
Timberlea	Nova Scotia	44.66239	-63.74625	CA	1
Russell Lake	Nova Scotia	44.6633	-63.52761	CA	1
Portland Hills	Nova Scotia	44.66402	-63.50475	CA	1
Portland Estates	Nova Scotia	44.66426	-63.51774	CA	1
Southdale	Nova Scotia	44.66467	-63.54877	CA	1
Troy	Maine	44.66479	-69.24088	US	1
Colby Village	Nova Scotia	44.66509	-63.48483	CA	1
Halifax North End	Nova Scotia	44.66556	-63.60898	CA	1
Downtown Dartmouth	Nova Scotia	44.66684	-63.56595	CA	1
Jordan	Minnesota	44.66691	-93.6269	US	1
Convoy Place	Nova Scotia	44.66785	-63.61431	CA	1
Marshfield	Wisconsin	44.66885	-90.1718	US	1
Potsdam	New York	44.66978	-74.98131	US	1
Farmington	Maine	44.67062	-70.15117	US	1
Marion	Wisconsin	44.67081	-88.88927	US	1
Bridgeview	Nova Scotia	44.67125	-63.65586	CA	1
Dartmouth	Nova Scotia	44.67134	-63.57719	CA	1
Belle Fourche	South Dakota	44.67137	-103.85215	US	1
Manor Park	Nova Scotia	44.67164	-63.54898	CA	1
Pulaski	Wisconsin	44.67222	-88.2426	US	1
Cole Harbour	Nova Scotia	44.67244	-63.47506	CA	0
Rockingham	Nova Scotia	44.67336	-63.64488	CA	1
Hubley	Nova Scotia	44.67343	-63.82215	CA	1
Nantucket	Nova Scotia	44.67472	-63.51431	CA	1
Bel Ayr Park	Nova Scotia	44.6751	-63.5057	CA	1
Harbourview	Nova Scotia	44.67717	-63.58543	CA	1
Agate Beach	Oregon	44.67734	-124.06178	US	1
Ellenvale	Nova Scotia	44.67742	-63.52022	CA	1
Woodlawn	Nova Scotia	44.67747	-63.52733	CA	1
Forest Hills	Nova Scotia	44.68009	-63.48823	CA	1
Augusta	Wisconsin	44.68024	-91.11988	US	1
Dixmont	Maine	44.68035	-69.16282	US	1
Commodore Park	Nova Scotia	44.68037	-63.53094	CA	1
Crichton Park	Nova Scotia	44.68093	-63.56658	CA	1
Millersburg	Oregon	44.68095	-123.06148	US	1
Tufts Cove	Nova Scotia	44.68219	-63.59689	CA	1
Plattsburgh West	New York	44.68315	-73.50295	US	1
Micmac Village	Nova Scotia	44.68375	-63.55793	CA	1
Albro Lake	Nova Scotia	44.68414	-63.58129	CA	1
Westphal	Nova Scotia	44.6855	-63.54143	CA	1
Highfield Park	Nova Scotia	44.68639	-63.58893	CA	1
Wildwood Lake	Nova Scotia	44.68679	-63.50373	CA	1
Kearney Lake	Nova Scotia	44.68695	-63.68498	CA	1
Greenough	Nova Scotia	44.68761	-63.50958	CA	1
Wallace Heights	Nova Scotia	44.68784	-63.61003	CA	1
Tam O'Shanter Ridge	Nova Scotia	44.68904	-63.52681	CA	1
Lancaster Ridge	Nova Scotia	44.6892	-63.56888	CA	1
Mineville	Nova Scotia	44.69163	-63.37466	CA	1
Dedham	Maine	44.69174	-68.66198	US	1
Amigo Beach	Ontario	44.6919	-79.39317	CA	1
Burnham	Maine	44.69284	-69.42755	US	1
Morrisonville	New York	44.6931	-73.56208	US	1
Sunset Acres	Nova Scotia	44.69384	-63.48712	CA	1
Ogdensburg	New York	44.69423	-75.48634	US	1
Grand Manan	New Brunswick	44.69824	-66.82109	CA	1
Machiasport	Maine	44.69869	-67.39471	US	1
Port Wallace	Nova Scotia	44.69882	-63.54767	CA	1
Stillwater Lake	Nova Scotia	44.69895	-63.83524	CA	1
Plattsburgh	New York	44.69949	-73.45291	US	1
Montebello	Nova Scotia	44.70133	-63.54253	CA	1
Burnside	Nova Scotia	44.70175	-63.60051	CA	1
Keystone Village	Nova Scotia	44.70504	-63.53696	CA	1
Onida	South Dakota	44.70804	-100.05984	US	1
Canby	Minnesota	44.70885	-96.27643	US	1
Millview	Nova Scotia	44.70934	-63.67035	CA	1
Paper Mill Lake	Nova Scotia	44.7097	-63.67966	CA	1
Norridgewock	Maine	44.71312	-69.79061	US	1
Prior Lake	Minnesota	44.7133	-93.42273	US	1
Machias	Maine	44.71508	-67.46138	US	1
Belle Plaine	Wisconsin	44.71526	-88.66621	US	1
Preston	Nova Scotia	44.71569	-63.43423	CA	1
Cumberland Head	New York	44.71643	-73.40263	US	1
Prescott	Ontario	44.71681	-75.51604	CA	1
Glen Moir	Nova Scotia	44.71867	-63.68074	CA	1
Jefferson	Oregon	44.71957	-123.01037	US	1
Dannemora	New York	44.72143	-73.72375	US	1
Siletz	Oregon	44.72178	-123.92011	US	1
Bedford	Nova Scotia	44.72552	-63.66732	CA	1
Council	Idaho	44.72989	-116.4382	US	1
Orrington	Maine	44.73118	-68.82643	US	1
Apple Valley	Minnesota	44.73191	-93.21772	US	1
Ellsworth	Wisconsin	44.73219	-92.48741	US	1
English Corner	Nova Scotia	44.73345	-63.78201	CA	1
Lake Echo	Nova Scotia	44.73345	-63.38198	CA	1
Hammonds Plains	Nova Scotia	44.73386	-63.77551	CA	1
Kalkaska	Michigan	44.73417	-85.17589	US	1
Brussels	Wisconsin	44.73611	-87.62093	US	1
Loyal	Wisconsin	44.73691	-90.49597	US	1
Porters Lake	Nova Scotia	44.73768	-63.31307	CA	1
Oakmount	Nova Scotia	44.73913	-63.65212	CA	1
East Machias	Maine	44.73924	-67.38999	US	1
Rosemount	Minnesota	44.73941	-93.12577	US	1
Bonduel	Wisconsin	44.74027	-88.44482	US	1
Fundy Bay	New Brunswick	44.741	-66.76041	CA	1
Hastings	Minnesota	44.7433	-92.85243	US	1
Hector	Minnesota	44.74385	-94.71555	US	1
Hampden	Maine	44.74478	-68.83769	US	1
Clear Lake	South Dakota	44.7458	-96.68256	US	1
Prescott	Wisconsin	44.74886	-92.80215	US	1
Midland	Ontario	44.7501	-79.88296	CA	1
Norwood	New York	44.75145	-74.99436	US	1
Holden	Maine	44.75285	-68.67892	US	1
Powell	Wyoming	44.75384	-108.75735	US	1
Mill City	Oregon	44.75401	-122.47814	US	1
Upper Hammonds Plains	Nova Scotia	44.75448	-63.84165	CA	1
Spencer	Wisconsin	44.75774	-90.2968	US	1
Hubbard Lake	Michigan	44.75973	-83.54442	US	1
Canaan	Maine	44.76173	-69.56144	US	1
Traverse City	Michigan	44.76306	-85.62063	US	1
Warm Springs	Oregon	44.76345	-121.26616	US	1
Carver	Minnesota	44.76357	-93.62579	US	1
Fall Creek	Wisconsin	44.76357	-91.2771	US	1
Skowhegan	Maine	44.76506	-69.71922	US	1
Plymouth	Maine	44.76729	-69.21033	US	1
Burnsville	Minnesota	44.76774	-93.27772	US	1
Norwood (historical)	Minnesota	44.76802	-93.92747	US	1
Glencoe	Minnesota	44.76913	-94.15164	US	1
Greenwood	Wisconsin	44.77024	-90.59931	US	1
Bevent	Wisconsin	44.77053	-89.38956	US	1
Cologne	Minnesota	44.77163	-93.78135	US	1
Norwood Young America	Minnesota	44.77357	-93.92163	US	1
Sharbot Lake	Ontario	44.77389	-76.68722	CA	1
Lyons	Oregon	44.77457	-122.61509	US	1
Baker City	Oregon	44.77487	-117.83438	US	1
Lower Sackville	Nova Scotia	44.77599	-63.67865	CA	1
Olivia	Minnesota	44.77635	-94.98972	US	1
Middle Sackville	Nova Scotia	44.77644	-63.69605	CA	1
Savage	Minnesota	44.77913	-93.33634	US	1
Shawano	Wisconsin	44.78221	-88.60899	US	1
Pittsfield	Maine	44.78256	-69.38338	US	1
Young America (historical)	Minnesota	44.78274	-93.91358	US	1
Greilickville	Michigan	44.78306	-85.63869	US	1
Penetanguishene	Ontario	44.7834	-79.91637	CA	1
Musquodoboit Harbour	Nova Scotia	44.78345	-63.14867	CA	1
Waverley	Nova Scotia	44.78345	-63.5987	CA	1
Renville	Minnesota	44.78913	-95.21167	US	1
Windsor Junction	Nova Scotia	44.78938	-63.64228	CA	1
Chaska	Minnesota	44.78941	-93.60218	US	1
Mosinee	Wisconsin	44.79302	-89.70318	US	1
Brewer	Maine	44.79674	-68.76142	US	1
Sheridan	Wyoming	44.79719	-106.95618	US	1
Madison	Maine	44.79756	-69.87978	US	1
Carmel	Maine	44.79757	-69.05115	US	1
Shakopee	Minnesota	44.79802	-93.5269	US	1
Bangor	Maine	44.79884	-68.77265	US	1
Stayton	Oregon	44.80068	-122.79453	US	1
Norfolk	New York	44.80089	-74.99103	US	1
Stratford	Wisconsin	44.80108	-90.0793	US	1
Eagan	Minnesota	44.80413	-93.16689	US	1
Altoona	Wisconsin	44.80468	-91.44321	US	1
Strong	Maine	44.80756	-70.2209	US	1
Depoe Bay	Oregon	44.80845	-124.06317	US	1
Granite Falls	Minnesota	44.80996	-95.54558	US	1
Hermon	Maine	44.81007	-68.91337	US	1
Saint Albans	Vermont	44.81088	-73.08319	US	1
Eau Claire	Wisconsin	44.81135	-91.49849	US	1
Springfield Lake	Nova Scotia	44.81349	-63.74456	CA	1
Fall River	Nova Scotia	44.81685	-63.6154	CA	1
Upper Sackville	Nova Scotia	44.819	-63.76	CA	1
Etna	Maine	44.8209	-69.11115	US	1
Kronenwetter	Wisconsin	44.82219	-89.5904	US	1
Phillips	Maine	44.82311	-70.33951	US	1
Beaver Bank	Nova Scotia	44.82484	-63.68079	CA	1
Eddington	Maine	44.82618	-68.69337	US	1
Seymour	Wisconsin	44.82663	-91.43127	US	1
Wittenberg	Wisconsin	44.8272	-89.16956	US	1
Cottage Grove	Minnesota	44.82774	-92.94382	US	1
Sublimity	Oregon	44.82957	-122.79453	US	1
North Hero	Vermont	44.83125	-73.27323	US	1
Sturgeon Bay	Wisconsin	44.83416	-87.37704	US	1
Rapid City	Michigan	44.83445	-85.28256	US	1
Newport	Maine	44.83534	-69.27394	US	1
Cornville	Maine	44.83673	-69.67311	US	1
Lovell	Wyoming	44.83745	-108.38956	US	1
Veazie	Maine	44.83868	-68.70531	US	1
Bloomington	Minnesota	44.8408	-93.29828	US	1
Aumsville	Oregon	44.84095	-122.87092	US	1
Saint Paul Park	Minnesota	44.84219	-92.99132	US	1
Evergreen	Wisconsin	44.84247	-89.63762	US	1
Turner	Oregon	44.84318	-122.95287	US	1
Spring Valley	Wisconsin	44.84524	-92.2388	US	1
Palmyra	Maine	44.84645	-69.35866	US	1
Inver Grove Heights	Minnesota	44.84802	-93.04272	US	1
Monmouth	Oregon	44.84845	-123.23399	US	1
Malone	New York	44.84866	-74.2949	US	1
Lincoln Beach	Oregon	44.85039	-124.04678	US	1
Waconia	Minnesota	44.8508	-93.78691	US	1
Independence	Oregon	44.85123	-123.18677	US	1
Eden Prairie	Minnesota	44.85469	-93.47079	US	1
Victoria	Minnesota	44.85857	-93.66163	US	1
River Falls	Wisconsin	44.86136	-92.62381	US	1
Chanhassen	Minnesota	44.86219	-93.53079	US	1
Newport	Minnesota	44.86636	-93.00049	US	1
Levant	Maine	44.86924	-68.93476	US	1
Oconto Falls	Wisconsin	44.87388	-88.14288	US	1
Menomonie	Wisconsin	44.87552	-91.91934	US	1
Lake Hallie	Wisconsin	44.87579	-91.44071	US	1
Redfield	South Dakota	44.87581	-98.51871	US	1
Clark	South Dakota	44.87774	-97.73314	US	1
Orono	Maine	44.88312	-68.67198	US	1
Richfield	Minnesota	44.8833	-93.283	US	1
Mendota Heights	Minnesota	44.88358	-93.13827	US	1
Lester Prairie	Minnesota	44.88385	-94.04164	US	1
Keshena	Wisconsin	44.88387	-88.63372	US	1
Lewiston	Michigan	44.8839	-84.30557	US	1
Mayer	Minnesota	44.88496	-93.88775	US	1
Rothschild	Wisconsin	44.88719	-89.62012	US	1
Oconto	Wisconsin	44.88721	-87.86455	US	1
Hutchinson	Minnesota	44.88774	-94.36971	US	1
Edina	Minnesota	44.88969	-93.34995	US	1
Gillett	Wisconsin	44.88999	-88.30732	US	1
Weston	Wisconsin	44.8908	-89.54762	US	1
Legend Lake	Wisconsin	44.89095	-88.54406	US	1
Stetson	Maine	44.89173	-69.14282	US	1
South Saint Paul	Minnesota	44.89274	-93.03494	US	1
Colebrook	New Hampshire	44.89449	-71.49592	US	1
Elk Rapids	Michigan	44.89556	-85.41646	US	1
Watertown	South Dakota	44.89941	-97.11507	US	1
Morrisburg	Ontario	44.9001	-75.18261	CA	1
Perth	Ontario	44.90011	-76.24939	CA	1
Mount Uniacke	Nova Scotia	44.90015	-63.83202	CA	1
Shorewood	Minnesota	44.9008	-93.58912	US	1
Mancelona	Michigan	44.90223	-85.06088	US	1
Montgomery	Vermont	44.90255	-72.63818	US	1
Afton	Minnesota	44.90275	-92.78354	US	1
Excelsior	Minnesota	44.9033	-93.56635	US	1
Eastport	Maine	44.90449	-66.98438	US	1
Smiths Falls	Ontario	44.90452	-76.02333	CA	1
Saint Bonifacius	Minnesota	44.90552	-93.74746	US	1
Enosburg Falls	Vermont	44.90699	-72.80652	US	1
Tonka Bay	Minnesota	44.90857	-93.59301	US	1
Schofield	Wisconsin	44.90969	-89.60457	US	1
Colby	Wisconsin	44.90997	-90.31569	US	1
Saint Albans	Maine	44.91006	-69.41005	US	1
McCall	Idaho	44.91101	-116.09874	US	1
Rib Mountain	Wisconsin	44.91275	-89.6754	US	1
Minnetonka	Minnesota	44.9133	-93.50329	US	1
West Saint Paul	Minnesota	44.91608	-93.10161	US	1
Gravenhurst	Ontario	44.91681	-79.36633	CA	1
Swanton	Vermont	44.9181	-73.1243	US	1
Dallas	Oregon	44.91928	-123.31705	US	1
Kenduskeag	Maine	44.91951	-68.9317	US	1
Lake Saint Croix Beach	Minnesota	44.9208	-92.76687	US	1
Bradley	Maine	44.9209	-68.62809	US	1
Corinna	Maine	44.92117	-69.26171	US	1
Woodbury	Minnesota	44.92386	-92.95938	US	1
Hopkins	Minnesota	44.92496	-93.46273	US	1
Lake Wissota	Wisconsin	44.92635	-91.30099	US	1
Edgar	Wisconsin	44.92719	-89.96346	US	1
Four Corners	Oregon	44.9279	-122.98371	US	1
Massena	New York	44.9281	-74.89186	US	1
Marathon	Wisconsin	44.92913	-89.8404	US	1
Deephaven	Minnesota	44.92969	-93.52246	US	1
Dawson	Minnesota	44.93274	-96.05448	US	1
Old Town	Maine	44.93423	-68.64531	US	1
Spring Park	Minnesota	44.93524	-93.63218	US	1
Newport	Vermont	44.93644	-72.2051	US	1
Mound	Minnesota	44.93663	-93.66607	US	1
Chippewa Falls	Wisconsin	44.93691	-91.39293	US	1
Minnetrista	Minnesota	44.9383	-93.71774	US	1
Minnetonka Mills	Minnesota	44.94107	-93.4419	US	1
Longfellow Community	Minnesota	44.94256	-93.22557	US	1
Middleton	Nova Scotia	44.94284	-65.07022	CA	1
Salem	Oregon	44.9429	-123.0351	US	1
Enfield	Nova Scotia	44.9434	-63.53613	CA	1
Saint Paul	Minnesota	44.94441	-93.09327	US	1
Milford	Maine	44.94618	-68.64392	US	1
Abbotsford	Wisconsin	44.94636	-90.31597	US	1
Cadott	Wisconsin	44.94802	-91.1507	US	1
Montevideo	Minnesota	44.94803	-95.71701	US	1
Saint Louis Park	Minnesota	44.9483	-93.34801	US	1
Maplewood	Minnesota	44.95302	-92.99522	US	1
Woodville	Wisconsin	44.95302	-92.2913	US	1
Clara City	Minnesota	44.95496	-95.3664	US	1
Lakeland	Minnesota	44.95636	-92.76576	US	1
Lincoln City	Oregon	44.95816	-124.01789	US	1
Wausau	Wisconsin	44.95914	-89.63012	US	1
Kingfield	Maine	44.95922	-70.15395	US	1
Stanley	Wisconsin	44.95997	-90.93708	US	1
Thorp	Wisconsin	44.96108	-90.79986	US	1
Oakdale	Minnesota	44.96302	-92.96494	US	1
Watertown	Minnesota	44.96357	-93.84719	US	1
Winsted	Minnesota	44.96385	-94.04747	US	1
Baldwin	Wisconsin	44.96663	-92.37436	US	1
Orono	Minnesota	44.97135	-93.6044	US	1
Fort Covington Hamlet	New York	44.97178	-74.50757	US	1
Greenwood	Nova Scotia	44.97413	-64.93169	CA	1
Wayzata	Minnesota	44.97413	-93.50662	US	1
Hudson	Wisconsin	44.97469	-92.75687	US	1
Hammond	Wisconsin	44.97886	-92.43575	US	1
Minneapolis	Minnesota	44.97997	-93.26384	US	1
Bellaire	Michigan	44.98028	-85.21117	US	1
Lantz	Nova Scotia	44.98345	-63.48199	CA	1
Windsor	Nova Scotia	44.98345	-64.13204	CA	1
Roberts	Wisconsin	44.98386	-92.55603	US	1
Hayesville	Oregon	44.98595	-122.98287	US	1
Champlain	New York	44.98643	-73.44653	US	1
Long Lake	Minnesota	44.98663	-93.57162	US	1
Tainter Lake	Wisconsin	44.98913	-91.84767	US	1
Keizer	Oregon	44.99012	-123.02621	US	1
Falcon Heights	Minnesota	44.99163	-93.16633	US	1
Kingston	Nova Scotia	44.99185	-64.94092	CA	1
North Hudson	Wisconsin	44.99302	-92.75687	US	1
Rouses Point	New York	44.99393	-73.36486	US	1
Lake Elmo	Minnesota	44.9958	-92.87938	US	1
Richford	Vermont	44.99699	-72.67124	US	1
Colfax	Wisconsin	44.99746	-91.72712	US	1
Fossil	Oregon	44.99819	-120.21614	US	1
Lauderdale	Minnesota	44.99858	-93.20578	US	1
Hudson	Maine	45.00118	-68.88059	US	1
Eagle Butte	South Dakota	45.00248	-101.23349	US	1
North Eagle Butte	South Dakota	45.00415	-101.23376	US	1
Atlanta	Michigan	45.00473	-84.14389	US	1
Silverton	Oregon	45.00512	-122.78315	US	1
Roseville	Minnesota	45.00608	-93.15661	US	1
Maple Plain	Minnesota	45.00719	-93.65579	US	1
Madison	Minnesota	45.00968	-96.19588	US	1
Golden Valley	Minnesota	45.00969	-93.34912	US	1
Rose Lodge	Oregon	45.01039	-123.88039	US	1
Plymouth	Minnesota	45.01052	-93.45551	US	1
Gettysburg	South Dakota	45.01165	-99.95567	US	1
North Saint Paul	Minnesota	45.01247	-92.99188	US	1
Stanstead	Quebec	45.01455	-72.09131	CA	1
Cornwall	Ontario	45.01809	-74.72815	CA	1
Saint Anthony	Minnesota	45.02052	-93.218	US	1
Bayport	Minnesota	45.02136	-92.78104	US	1
Leland	Michigan	45.02305	-85.75981	US	1
Dexter	Maine	45.02395	-69.28977	US	1
Independence	Minnesota	45.02524	-93.70746	US	1
Little Canada	Minnesota	45.02691	-93.08772	US	1
Maine	Wisconsin	45.02716	-89.69039	US	1
Gaylord	Michigan	45.02751	-84.67475	US	1
Oak Park Heights	Minnesota	45.03136	-92.79298	US	1
Robbinsdale	Minnesota	45.03219	-93.33856	US	1
Crystal	Minnesota	45.03274	-93.36023	US	1
Athens	Wisconsin	45.03302	-90.07402	US	1
Franklin	Quebec	45.03338	-73.91591	CA	1
Bracebridge	Ontario	45.03341	-79.31633	CA	1
Faulkton	South Dakota	45.03497	-99.124	US	1
Medina	Minnesota	45.03524	-93.58246	US	1
New Hope	Minnesota	45.03802	-93.38662	US	1
Garland	Maine	45.0384	-69.16032	US	1
Milford Station	Nova Scotia	45.0408	-63.43636	CA	1
Columbia Heights	Minnesota	45.0408	-93.263	US	1
Delano	Minnesota	45.04191	-93.78913	US	1
Boyceville	Wisconsin	45.04357	-92.04101	US	1
Dupree	South Dakota	45.04748	-101.60099	US	1
Haliburton Village	Ontario	45.04921	-78.50854	CA	1
Berwick	Nova Scotia	45.05015	-64.73208	CA	1
Arden Hills	Minnesota	45.05024	-93.15661	US	1
Peshtigo	Wisconsin	45.05443	-87.74927	US	1
Hayes Subdivision	Nova Scotia	45.05519	-64.58795	CA	1
Stillwater	Minnesota	45.05636	-92.80604	US	1
Vadnais Heights	Minnesota	45.05747	-93.07383	US	1
Bancroft	Ontario	45.05752	-77.85702	CA	1
Glenwood City	Wisconsin	45.05857	-92.17241	US	1
Grand Ronde	Oregon	45.06011	-123.60928	US	1
Howard Lake	Minnesota	45.0608	-94.07331	US	1
Birchwood	Minnesota	45.06108	-92.97605	US	1
Alpena	Michigan	45.06168	-83.43275	US	1
Montrose	Minnesota	45.06496	-93.91108	US	1
New Brighton	Minnesota	45.06552	-93.20189	US	1
Hantsport	Nova Scotia	45.06657	-64.17968	CA	1
Waverly	Minnesota	45.06663	-93.96636	US	1
Bradford	Maine	45.06673	-68.93781	US	1
Noyan	Quebec	45.06678	-73.29915	CA	1
Coldbrook	Nova Scotia	45.06685	-64.58207	CA	1
Mount Angel	Oregon	45.0679	-122.80009	US	1
New Minas	Nova Scotia	45.0691	-64.46958	CA	1
Mahtomedi	Minnesota	45.06969	-92.9516	US	1
Maple Grove	Minnesota	45.07246	-93.45579	US	1
Saint Andrews	New Brunswick	45.0737	-67.05312	CA	1
Cokato	Minnesota	45.0758	-94.18998	US	1
Brooklyn Center	Minnesota	45.07608	-93.33273	US	1
Kentville	Nova Scotia	45.0771	-64.49605	CA	1
Willamina	Oregon	45.07873	-123.48594	US	1
Shoreview	Minnesota	45.07913	-93.14717	US	1
Greenbush	Maine	45.08034	-68.65086	US	1
Dassel	Minnesota	45.08163	-94.30693	US	1
Lacolle	Quebec	45.08338	-73.36585	CA	1
Venise-en-Québec	Quebec	45.08338	-73.13245	CA	1
Huntingdon	Quebec	45.08339	-74.16593	CA	1
Winchester	Ontario	45.0834	-75.34933	CA	1
Wolfville	Nova Scotia	45.08345	-64.36546	CA	1
Grant	Minnesota	45.08441	-92.91049	US	1
White Bear Lake	Minnesota	45.08469	-93.00994	US	1
Charleston	Maine	45.08506	-69.04059	US	1
Fridley	Minnesota	45.08608	-93.26328	US	1
Rockford	Minnesota	45.0883	-93.73441	US	1
Dellwood	Minnesota	45.08997	-92.97244	US	1
Brooklyn Park	Minnesota	45.09413	-93.35634	US	1
Corcoran	Minnesota	45.09524	-93.54746	US	1
Sheridan	Oregon	45.09928	-123.39483	US	1
Marinette	Wisconsin	45.09998	-87.63066	US	1
Sutton	Quebec	45.10008	-72.61582	CA	1
Port Williams	Nova Scotia	45.10015	-64.41546	CA	1
Bloomer	Wisconsin	45.10024	-91.48877	US	1
Pennfield	New Brunswick	45.10157	-66.73896	CA	1
North Oaks	Minnesota	45.10274	-93.07911	US	1
Eastern Charlotte	New Brunswick	45.10301	-66.79484	CA	1
Greenfield	Minnesota	45.1033	-93.69135	US	1
Mounds View	Minnesota	45.10497	-93.20856	US	1
Spring Lake Park	Minnesota	45.10774	-93.238	US	1
Menominee	Michigan	45.10776	-87.61427	US	1
Gervais	Oregon	45.10818	-122.8976	US	1
Amity	Oregon	45.11567	-123.20733	US	1
Bedford	Quebec	45.11678	-72.98244	CA	1
Osseo	Minnesota	45.11941	-93.40245	US	1
Coon Rapids	Minnesota	45.11997	-93.28773	US	1
Willmar	Minnesota	45.12191	-95.04334	US	1
New Richmond	Wisconsin	45.12302	-92.53659	US	1
Somerset	Wisconsin	45.12441	-92.67354	US	1
St. George	New Brunswick	45.12654	-66.83138	CA	1
Litchfield	Minnesota	45.12718	-94.52805	US	1
Dunham	Quebec	45.13338	-72.79913	CA	1
Ormstown	Quebec	45.13338	-73.99922	CA	1
Coaticook	Quebec	45.13339	-71.79907	CA	1
Carleton Place	Ontario	45.13341	-76.14938	CA	1
Centreville	Nova Scotia	45.13345	-64.53207	CA	1
Stewiacke	Nova Scotia	45.13345	-63.34868	CA	1
Sainte-Croix	Quebec	45.13368	-72.80083	CA	1
Medford	Wisconsin	45.13858	-90.34014	US	1
Atwater	Minnesota	45.13885	-94.77806	US	1
Antigo	Wisconsin	45.14025	-89.15234	US	1
Lexington	Minnesota	45.14247	-93.16328	US	1
Woodburn	Oregon	45.14373	-122.85537	US	1
Molalla	Oregon	45.14734	-122.57703	US	1
Circle Pines	Minnesota	45.14858	-93.15161	US	1
Osgoode	Ontario	45.14887	-75.59778	CA	1
Hanover	Minnesota	45.1558	-93.66635	US	1
East Jordan	Michigan	45.15806	-85.12423	US	1
West Coon Rapids	Minnesota	45.15969	-93.34967	US	1
Hugo	Minnesota	45.15997	-92.99327	US	1
Lino Lakes	Minnesota	45.16024	-93.08883	US	1
Blaine	Minnesota	45.1608	-93.23495	US	1
Centerville	Minnesota	45.16302	-93.05578	US	1
Munster	Ontario	45.16476	-75.9396	CA	1
Sangerville	Maine	45.16478	-69.35644	US	1
Fundy Shores	New Brunswick	45.16663	-66.39178	CA	1
Cornell	Wisconsin	45.16719	-91.14931	US	1
Ayer's Cliff	Quebec	45.16773	-72.04001	CA	1
Buffalo	Minnesota	45.17191	-93.87469	US	1
Salmon	Idaho	45.17575	-113.8959	US	1
St. Stephen	New Brunswick	45.18044	-67.29529	CA	1
Merrill	Wisconsin	45.18052	-89.68346	US	1
Hubbard	Oregon	45.18234	-122.80787	US	1
Dover-Foxcroft	Maine	45.18339	-69.22699	US	1
Richmond	Ontario	45.1834	-75.83266	CA	1
Calais	Maine	45.18376	-67.27662	US	1
Red Lodge	Montana	45.18578	-109.24682	US	1
Napierville	Quebec	45.18648	-73.40468	CA	1
Champlin	Minnesota	45.18885	-93.39745	US	1
Rogers	Minnesota	45.18885	-93.55301	US	1
Appleton	Minnesota	45.19691	-96.01977	US	1
Anoka	Minnesota	45.19774	-93.38718	US	1
Cowansville	Quebec	45.20008	-72.74913	CA	1
Pacific City	Oregon	45.20233	-123.96289	US	1
Union	Oregon	45.20847	-117.86521	US	1
Saint Michael	Minnesota	45.20996	-93.66496	US	1
McMinnville	Oregon	45.21012	-123.19872	US	1
Dillon	Montana	45.21631	-112.63752	US	1
Boyne City	Michigan	45.21668	-85.01394	US	1
Lac-Brome	Quebec	45.21678	-72.51581	CA	1
Milbank	South Dakota	45.21913	-96.63562	US	1
Dayton	Oregon	45.22067	-123.07621	US	1
Mulino	Oregon	45.22151	-122.58203	US	1
Donald	Oregon	45.22234	-122.83926	US	1
Maple Lake	Minnesota	45.22913	-94.00192	US	1
Almonte	Ontario	45.22993	-76.19585	CA	1
Spicer	Minnesota	45.23302	-94.94001	US	1
Andover	Minnesota	45.2333	-93.29134	US	1
Saint-Édouard	Quebec	45.23338	-73.51588	CA	1
Metcalfe	Ontario	45.2334	-75.46603	CA	1
Mississippi Mills	Ontario	45.23341	-76.19939	CA	1
Island View Heights	New Brunswick	45.23366	-66.12661	CA	1
Condon	Oregon	45.2343	-120.18503	US	1
Albertville	Minnesota	45.23774	-93.65441	US	1
Howland	Maine	45.23867	-68.66364	US	1
Lancaster	New Brunswick	45.24311	-66.14009	CA	1
Dayton	Minnesota	45.24385	-93.51496	US	1
Lafayette	Oregon	45.24428	-123.11483	US	1
Fairville Plateau	New Brunswick	45.24846	-66.09927	CA	1
Enfield	Maine	45.24894	-68.56836	US	1
Red Head	New Brunswick	45.24936	-66.00041	CA	1
Tobermory	Ontario	45.25007	-81.66647	CA	1
Sainte-Martine	Quebec	45.25008	-73.79919	CA	1
Salaberry-de-Valleyfield	Quebec	45.25008	-74.13253	CA	1
Saint-Zotique	Quebec	45.25009	-74.24924	CA	1
Russell	Ontario	45.2501	-75.36602	CA	1
Stittsville	Ontario	45.2501	-75.91606	CA	1
Ham Lake	Minnesota	45.25024	-93.24995	US	1
Fundy Heights	New Brunswick	45.25171	-66.07227	CA	1
Clear Lake	Wisconsin	45.25191	-92.2713	US	1
Quinton Heights	New Brunswick	45.25214	-66.12015	CA	1
Greendale	New Brunswick	45.2532	-66.10327	CA	1
Scandia	Minnesota	45.25358	-92.80577	US	1
Milo	Maine	45.25366	-68.98587	US	1
Saint John West	New Brunswick	45.25937	-66.07776	CA	1
Ramsey	Minnesota	45.2611	-93.45	US	1
Greely	Ontario	45.26139	-75.56111	CA	1
Annandale	Minnesota	45.26274	-94.12443	US	1
Canby	Oregon	45.2629	-122.69259	US	1
Columbus	Minnesota	45.26522	-93.05015	US	1
Milford	New Brunswick	45.26587	-66.10978	CA	1
Magog	Quebec	45.26678	-72.14909	CA	1
Saint-Rémi	Quebec	45.26678	-73.61588	CA	1
South End	New Brunswick	45.26715	-66.05461	CA	1
North End	New Brunswick	45.27017	-66.08137	CA	1
Saint John	New Brunswick	45.27076	-66.05616	CA	1
Uptown Saint John	New Brunswick	45.2728	-66.05945	CA	1
Otsego	Minnesota	45.27413	-93.59135	US	1
Indiantown	New Brunswick	45.27515	-66.07847	CA	1
Embrun	Ontario	45.27573	-75.27266	CA	1
Dundee	Oregon	45.27817	-123.01094	US	1
Forest Lake	Minnesota	45.27886	-92.98522	US	1
Farnham	Quebec	45.28338	-72.98244	CA	1
Les Coteaux	Quebec	45.28338	-74.23254	CA	1
Saint-Jacques-le-Mineur	Quebec	45.28338	-73.41587	CA	1
Big Sky	Montana	45.28465	-111.36829	US	1
Saint John East	New Brunswick	45.2878	-66.04066	CA	1
Beavercreek	Oregon	45.2879	-122.53564	US	1
Estacada	Oregon	45.28957	-122.3337	US	1
Westmorland Heights	New Brunswick	45.29198	-66.04228	CA	1
Parc-Boutin	Quebec	45.29209	-73.26154	CA	1
Virginia City	Montana	45.29381	-111.94609	US	1
Carlton	Oregon	45.29428	-123.17649	US	1
Wilsonville	Oregon	45.29984	-122.77371	US	1
Silver Falls	New Brunswick	45.3	-66.01667	CA	1
Coteau-du-Lac	Quebec	45.30008	-74.18253	CA	1
Saint-Isidore-de-Laprairie	Quebec	45.30008	-73.67998	CA	1
Saint-Polycarpe	Quebec	45.30009	-74.29924	CA	1
Kanata	Ontario	45.3001	-75.91606	CA	1
Newberg	Oregon	45.30012	-122.97316	US	1
New London	Minnesota	45.30108	-94.94418	US	1
Millidgeville	New Brunswick	45.3017	-66.10319	CA	1
Elk River	Minnesota	45.30385	-93.56718	US	1
Ortonville	Minnesota	45.30469	-96.44478	US	1
Monticello	Minnesota	45.30552	-93.79414	US	1
Amery	Wisconsin	45.30691	-92.36214	US	1
Brownville	Maine	45.307	-69.03337	US	1
Saint-Jean-sur-Richelieu	Quebec	45.30713	-73.26259	CA	1
Eastmount	New Brunswick	45.30803	-66.03071	CA	1
McAllister	New Brunswick	45.30997	-66.01974	CA	1
Les Cèdres	Quebec	45.31009	-74.05926	CA	1
Mercier	Quebec	45.3105	-73.73976	CA	1
Forest Hills	New Brunswick	45.31242	-66.0122	CA	1
Alexandria	Ontario	45.31317	-74.63665	CA	1
Beauharnois	Quebec	45.31341	-73.8725	CA	1
Chetek	Wisconsin	45.31413	-91.651	US	1
Benson	Minnesota	45.315	-95.6025	US	1
Bells Corners	Ontario	45.31588	-75.83012	CA	1
Bromont	Quebec	45.31678	-72.64912	CA	1
Saint-Mathieu	Quebec	45.31678	-73.51587	CA	1
Casselman	Ontario	45.3168	-75.0826	CA	1
Melocheville	Quebec	45.31726	-73.9371	CA	0
Charlevoix	Michigan	45.31806	-85.2584	US	1
East Bethel	Minnesota	45.31941	-93.20245	US	1
Osceola	Wisconsin	45.32052	-92.70493	US	1
La Grande	Oregon	45.32458	-118.08772	US	1
Eden Valley	Minnesota	45.32607	-94.54611	US	1
Nowthen	Minnesota	45.32802	-93.47023	US	1
Webster	South Dakota	45.33218	-97.52009	US	1
Big Lake	Minnesota	45.33246	-93.74608	US	1
Mont-Saint-Grégoire	Quebec	45.33338	-73.16585	CA	1
Limoges	Ontario	45.3334	-75.24931	CA	1
Huntsville	Ontario	45.33341	-79.21632	CA	1
Nepean	Ontario	45.33619	-75.7225	CA	1
Wyoming	Minnesota	45.33636	-92.99716	US	1
Grand Bay-Westfield	New Brunswick	45.34075	-66.25275	CA	1
Oak Grove	Minnesota	45.3408	-93.3269	US	1
Island City	Oregon	45.34097	-118.04466	US	1
Yamhill	Oregon	45.3415	-123.18733	US	1
Parry Sound	Ontario	45.34732	-80.03527	CA	1
Blossom Park	Ontario	45.34889	-75.62667	CA	1
Gloucester	Ontario	45.35	-75.63333	CA	1
Ange-Gardien	Quebec	45.35008	-72.93244	CA	1
Waterloo	Quebec	45.35008	-72.51582	CA	1
Carp	Ontario	45.3501	-76.03267	CA	1
Heppner	Oregon	45.35318	-119.5578	US	1
Joseph	Oregon	45.35432	-117.22961	US	1
Mount Hood Village	Oregon	45.3554	-121.98064	US	1
Sherwood	Oregon	45.35651	-122.8401	US	1
Rock Forest	Quebec	45.35699	-71.99676	CA	0
Saint-Philippe-de-La Prairie	Quebec	45.35723	-73.47706	CA	1
Oregon City	Oregon	45.35734	-122.60676	US	1
Lincoln	Maine	45.36228	-68.50502	US	1
Bay Harbor	Michigan	45.36413	-85.08208	US	1
West Linn	Oregon	45.36568	-122.61231	US	1
Delson	Quebec	45.36678	-73.54917	CA	1
Notre-Dame-de-l'Île-Perrot	Quebec	45.36678	-73.9325	CA	1
Saint-Constant	Quebec	45.36678	-73.56588	CA	1
Truro	Nova Scotia	45.36685	-63.26538	CA	1
Petoskey	Michigan	45.37334	-84.95533	US	1
Chisago City	Minnesota	45.37358	-92.88994	US	1
Bible Hill	Nova Scotia	45.375	-63.238	CA	1
Saint-Philippe	Quebec	45.37597	-73.48111	CA	1
Rothesay	New Brunswick	45.38046	-65.96744	CA	1
Paynesville	Minnesota	45.38052	-94.71195	US	1
Saint-Jean-Baptiste	Quebec	45.3806	-74.0121	CA	1
Gladstone	Oregon	45.38068	-122.59481	US	1
Stafford	Oregon	45.381	-122.704	US	1
Candiac	Quebec	45.38338	-73.51587	CA	1
Châteauguay	Quebec	45.38338	-73.74919	CA	1
L'Île-Perrot	Quebec	45.38338	-73.9492	CA	1
Pincourt	Quebec	45.38338	-73.9825	CA	1
Tualatin	Oregon	45.38401	-122.76399	US	1
Wells	New Brunswick	45.38508	-65.929	CA	0
Alta Vista	Ontario	45.38639	-75.65806	CA	1
Saint Francis	Minnesota	45.38691	-93.3594	US	1
Shafer	Minnesota	45.38691	-92.74771	US	1
Lindstrom	Minnesota	45.38941	-92.84799	US	1
King City	Oregon	45.391	-122.81578	US	1
Jennings Lodge	Oregon	45.39123	-122.61259	US	1
Ottawa South	Ontario	45.3921	-75.68725	CA	1
Becker	Minnesota	45.3933	-93.87692	US	1
Center City	Minnesota	45.39385	-92.8166	US	1
Turtle Lake	Wisconsin	45.3944	-92.14241	US	1
Sandy	Oregon	45.39734	-122.26148	US	1
Stacy	Minnesota	45.39802	-92.98744	US	1
Granby	Quebec	45.40008	-72.73243	CA	1
Sainte-Catherine	Quebec	45.40008	-73.58248	CA	1
Saint-Lazare	Quebec	45.40008	-74.13256	CA	1
Sherbrooke	Quebec	45.40008	-71.89908	CA	1
Vaudreuil-Dorion	Quebec	45.40008	-74.03251	CA	1
Aylmer	Quebec	45.4002	-75.80644	CA	1
Fairvale	New Brunswick	45.40083	-65.97167	CA	1
Lower Economy	Nova Scotia	45.40129	-63.98589	CA	1
Barron	Wisconsin	45.40135	-91.84906	US	1
Taylors Falls	Minnesota	45.40191	-92.65243	US	1
Durham	Oregon	45.40206	-122.75287	US	1
Hintonburg	Ontario	45.40379	-75.7283	CA	1
The Glebe	Ontario	45.40393	-75.69005	CA	1
Parrsboro	Nova Scotia	45.40567	-64.32585	CA	1
Sainte-Anne-de-Bellevue	Quebec	45.40618	-73.9456	CA	1
Clackamas	Oregon	45.40762	-122.57037	US	1
Fundy-St. Martins	New Brunswick	45.40777	-65.43908	CA	1
Cameron	Wisconsin	45.40857	-91.74406	US	1
Saint Croix Falls	Wisconsin	45.40996	-92.63965	US	1
Kahnawake	Quebec	45.41076	-73.68139	CA	1
Ottawa	Ontario	45.41117	-75.69812	CA	1
Indian River	Michigan	45.41251	-84.61254	US	1
Baie-D'Urfé	Quebec	45.41397	-73.91586	CA	1
Oatfield	Oregon	45.41418	-122.60007	US	1
Centretown	Ontario	45.41534	-75.69639	CA	1
Cookshire	Quebec	45.41536	-71.62962	CA	1
Cookshire-Eaton	Quebec	45.41675	-71.6324	CA	1
La Prairie	Quebec	45.41678	-73.49917	CA	1
Saint-Césaire	Quebec	45.41678	-72.99914	CA	1
Oak Grove	Oregon	45.41679	-122.64009	US	1
Damascus	Oregon	45.41762	-122.45898	US	1
Clearwater	Minnesota	45.41941	-94.04887	US	1
Lake Oswego	Oregon	45.42067	-122.67065	US	1
Quispamsis	New Brunswick	45.42135	-65.95127	CA	1
Rogers City	Michigan	45.4214	-83.81833	US	1
Enterprise	Oregon	45.42626	-117.27878	US	1
ByWard Market	Ontario	45.4271	-75.69234	CA	1
Hull	Quebec	45.42761	-75.71056	CA	1
Timber Lake	South Dakota	45.42915	-101.07403	US	1
Tigard	Oregon	45.43123	-122.77149	US	1
Harbor Springs	Michigan	45.43168	-84.992	US	1
Lowertown	Ontario	45.43193	-75.69319	CA	1
Marieville	Quebec	45.43338	-73.16585	CA	1
Rougemont	Quebec	45.43338	-73.04914	CA	1
Arnprior	Ontario	45.43341	-76.34939	CA	1
Beaconsfield	Quebec	45.43341	-73.86586	CA	1
Debert	Nova Scotia	45.43345	-63.46539	CA	1
Bourget	Ontario	45.43475	-75.16028	CA	1
Le Plateau	Quebec	45.43514	-75.7803	CA	1
Blackburn Hamlet	Ontario	45.43671	-75.56462	CA	1
Vanier	Ontario	45.4399	-75.66498	CA	1
New Edinburgh	Ontario	45.44139	-75.68778	CA	1
Zimmerman	Minnesota	45.4433	-93.58996	US	1
Richelieu	Quebec	45.44336	-73.24602	CA	1
Broadus	Montana	45.44387	-105.41133	US	1
Ipswich	South Dakota	45.44442	-99.02928	US	1
Desmarchais-Crawford	Quebec	45.44554	-73.58163	CA	1
Milwaukie	Oregon	45.44623	-122.63926	US	1
Metzger	Oregon	45.44651	-122.75899	US	1
Happy Valley	Oregon	45.44679	-122.53037	US	1
Dorval	Quebec	45.4473	-73.75335	CA	1
Groton	South Dakota	45.44746	-98.09871	US	1
Pointe-Claire	Quebec	45.44868	-73.81669	CA	1
Ville-Émard	Quebec	45.44979	-73.6015	CA	1
Brossard	Quebec	45.45008	-73.46583	CA	1
Carignan	Quebec	45.45008	-73.29916	CA	1
Chambly	Quebec	45.45008	-73.28246	CA	1
Hudson	Quebec	45.45008	-74.14922	CA	1
Kirkland	Quebec	45.45008	-73.86586	CA	1
Rockcliffe Park	Ontario	45.4501	-75.68264	CA	1
Balsam Lake	Wisconsin	45.45218	-92.45464	US	1
Montréal-Ouest	Quebec	45.45286	-73.64918	CA	1
Richmond	Minnesota	45.45413	-94.51833	US	1
Cold Spring	Minnesota	45.4558	-94.42888	US	1
Tillamook	Oregon	45.4564	-123.84553	US	1
Orléans	Ontario	45.45732	-75.50433	CA	1
Greenville	Maine	45.45949	-69.59061	US	1
Pierrefonds	Quebec	45.45989	-73.89284	CA	1
Verdun	Quebec	45.46005	-73.57058	CA	1
Ile-des-Soeurs	Quebec	45.46033	-73.54817	CA	1
Ladysmith	Wisconsin	45.46302	-91.10404	US	1
Garden Home-Whitford	Oregon	45.464	-122.75891	US	1
Aberdeen	South Dakota	45.4647	-98.48648	US	1
Oka	Quebec	45.46489	-74.08892	CA	1
Côte-Saint-Luc	Quebec	45.46536	-73.66585	CA	1
Renfrew	Ontario	45.46681	-76.68272	CA	1
Nauwigewauk	New Brunswick	45.46686	-65.89884	CA	1
Saint-Raymond	Quebec	45.46698	-73.60948	CA	1
Queenswood Heights	Ontario	45.47083	-75.50556	CA	1
Tomahawk	Wisconsin	45.47108	-89.72986	US	1
Le Sud-Ouest	Quebec	45.47187	-73.58986	CA	1
Rockville	Minnesota	45.47191	-94.34083	US	1
Fallingbrook	Ontario	45.47558	-75.48401	CA	1
Notre-Dame-de-Grâce	Quebec	45.47675	-73.61432	CA	0
Gatineau	Quebec	45.47723	-75.70164	CA	1
Saint Augusta	Minnesota	45.47858	-94.15415	US	1
Rigaud	Quebec	45.47927	-74.30238	CA	1
Lents	Oregon	45.47984	-122.56731	US	0
Raleigh Hills	Oregon	45.48067	-122.76204	US	1
Pointe-Saint-Charles	Quebec	45.48072	-73.55485	CA	1
Hampstead	Quebec	45.48075	-73.6467	CA	1
Pilot Rock	Oregon	45.48318	-118.82998	US	1
East Angus	Quebec	45.48338	-71.66577	CA	1
Roxton Pond	Quebec	45.48338	-72.66582	CA	1
Westmount	Quebec	45.48341	-73.59918	CA	1
Moro	Oregon	45.48401	-120.73117	US	1
Branch	Minnesota	45.48524	-92.96188	US	0
Snowdon	Quebec	45.4859	-73.63103	CA	1
Greenfield Park	Quebec	45.48649	-73.46223	CA	1
Beaverton	Oregon	45.48706	-122.80371	US	1
Petite-Bourgogne	Quebec	45.48867	-73.56812	CA	1
Isanti	Minnesota	45.49024	-93.24773	US	1
Templeton-Est	Quebec	45.49389	-75.58833	CA	1
L'Île-Bizard–Sainte-Geneviève	Quebec	45.49391	-73.8956	CA	1
Aloha	Oregon	45.49428	-122.86705	US	1
Dollard-Des Ormeaux	Quebec	45.49452	-73.82419	CA	1
Gresham	Oregon	45.49818	-122.43148	US	1
West Slope	Oregon	45.49873	-122.76454	US	0
Laflèche	Quebec	45.50008	-73.46587	CA	1
LeMoyne	Quebec	45.50008	-73.49361	CA	1
Pointe-Calumet	Quebec	45.50008	-73.9659	CA	1
Saint-Hubert	Quebec	45.50008	-73.41583	CA	1
Saint-Laurent	Quebec	45.50008	-73.66585	CA	0
Valcourt	Quebec	45.50008	-72.31581	CA	1
Chelsea	Quebec	45.5001	-75.78265	CA	1
Constance Bay	Ontario	45.50011	-76.08267	CA	1
Pierrefonds-Roxboro	Quebec	45.5019	-73.8417	CA	1
Saint-Pie	Quebec	45.50277	-72.9089	CA	1
Cedar Hills	Oregon	45.50484	-122.79843	US	1
Rice Lake	Wisconsin	45.50607	-91.73823	US	1
Vieux-Montréal	Quebec	45.50621	-73.54164	CA	1
Selby	South Dakota	45.50638	-100.03207	US	1
Roxboro	Quebec	45.50841	-73.80752	CA	1
Montréal	Quebec	45.50884	-73.58781	CA	1
Milton-Parc	Quebec	45.51004	-73.57455	CA	1
North Branch	Minnesota	45.51135	-92.98022	US	1
Longueuil	Quebec	45.5152	-73.46818	CA	1
Outremont	Quebec	45.51564	-73.60865	CA	1
West Haven-Sylvan	Oregon	45.51613	-122.76809	US	1
Mont-Royal	Quebec	45.51675	-73.64918	CA	1
West Haven	Oregon	45.51762	-122.76954	US	0
Cornelius	Oregon	45.51984	-123.05983	US	1
Forest Grove	Oregon	45.51984	-123.11066	US	1
Bison	South Dakota	45.52026	-102.46127	US	1
Absarokee	Montana	45.5205	-109.44294	US	1
Bay City	Oregon	45.5226	-123.8893	US	1
Nashville	Wisconsin	45.52274	-89.02484	US	1
Hillsboro	Oregon	45.52289	-122.98983	US	1
Portland	Oregon	45.52345	-122.67621	US	1
Mile End	Quebec	45.5237	-73.59631	CA	1
Cedar Mill	Oregon	45.52484	-122.81093	US	1
Le Plateau-Mont-Royal	Quebec	45.52833	-73.58081	CA	1
Hampton	New Brunswick	45.52876	-65.85354	CA	1
Parc-Extension	Quebec	45.52951	-73.63176	CA	1
Cartierville	Quebec	45.53118	-73.70358	CA	1
Cumberland	Wisconsin	45.53218	-92.01935	US	1
Plantagenet	Ontario	45.5326	-74.99369	CA	1
Chomedey	Quebec	45.53333	-73.75	CA	1
Otterburn Park	Quebec	45.53338	-73.21585	CA	1
Saint-Basile-le-Grand	Quebec	45.53338	-73.28246	CA	1
Sainte-Marthe-sur-le-Lac	Quebec	45.53338	-73.9325	CA	1
Saint-Joseph-du-Lac	Quebec	45.53338	-73.9992	CA	1
Saint-Placide	Quebec	45.53338	-74.19923	CA	1
Eganville	Ontario	45.53341	-77.09945	CA	1
Saint-Bruno-de-Montarville	Quebec	45.53341	-73.34916	CA	1
Saint-Damase	Quebec	45.53341	-72.99914	CA	1
Wood Village	Oregon	45.53429	-122.4187	US	1
Deux-Montagnes	Quebec	45.53455	-73.90168	CA	1
Rosemont–La Petite-Patrie	Quebec	45.53661	-73.60686	CA	1
Le Vieux-Longueuil	Quebec	45.53721	-73.50773	CA	1
Mobridge	South Dakota	45.53722	-100.42791	US	1
Fairview	Oregon	45.53845	-122.43398	US	1
Troutdale	Oregon	45.53929	-122.38731	US	1
Ct 0023	Quebec	45.53961	-73.54532	CA	1
Ct 0024	Quebec	45.54023	-73.54802	CA	1
Oak Hills	Oregon	45.54123	-122.84121	US	1
Ct 0022	Quebec	45.54234	-73.54246	CA	1
Ct 0025	Quebec	45.54274	-73.5465	CA	1
Ct 0028	Quebec	45.54469	-73.54788	CA	1
Ct 0021	Quebec	45.54565	-73.53883	CA	1
Ct 0027	Quebec	45.54608	-73.54731	CA	1
Ct 0029	Quebec	45.54719	-73.55127	CA	1
Ct 0026	Quebec	45.54791	-73.54621	CA	1
Ct 0030	Quebec	45.54852	-73.55302	CA	1
Ct 0019	Quebec	45.54932	-73.53772	CA	1
McMasterville	Quebec	45.55008	-73.26585	CA	1
Clarence-Rockland	Ontario	45.5501	-75.29101	CA	1
Rockcreek	Oregon	45.55012	-122.87705	US	1
Ct 0018	Quebec	45.5518	-73.53568	CA	1
Ct 0016	Quebec	45.55205	-73.53082	CA	1
Ct 0017	Quebec	45.55338	-73.534	CA	1
Ct 0015	Quebec	45.55381	-73.53732	CA	1
Laval-des-Rapides	Quebec	45.55642	-73.70007	CA	1
Waite Park	Minnesota	45.55719	-94.22416	US	1
Ct 0014	Quebec	45.55754	-73.54319	CA	1
Bethany	Oregon	45.55789	-122.8676	US	1
Stellarton	Nova Scotia	45.55854	-62.66069	CA	1
Villeray–Saint-Michel–Parc-Extension	Quebec	45.55869	-73.60535	CA	1
Saint Cloud	Minnesota	45.5608	-94.16249	US	1
Elgin	Oregon	45.56486	-117.91743	US	1
Saint Joseph	Minnesota	45.56496	-94.31833	US	1
Saint-Eustache	Quebec	45.565	-73.90554	CA	1
Mont-Saint-Hilaire	Quebec	45.56515	-73.1868	CA	1
Ahuntsic-Cartierville	Quebec	45.56667	-73.66667	CA	1
Windsor	Quebec	45.56678	-71.99909	CA	1
Cantley	Quebec	45.5668	-75.78265	CA	1
Westville	Nova Scotia	45.56685	-62.71534	CA	1
Saint-Michel	Quebec	45.56758	-73.62168	CA	1
Beloeil	Quebec	45.56839	-73.20568	CA	1
Ct 0013	Quebec	45.56922	-73.54416	CA	1
Laval	Quebec	45.56995	-73.692	CA	1
Princeton	Minnesota	45.56997	-93.58163	US	1
Crandon	Wisconsin	45.57191	-88.90289	US	1
Pont-Viau	Quebec	45.57194	-73.68583	CA	1
Mercier–Hochelaga-Maisonneuve	Quebec	45.57194	-73.54626	CA	1
Cambridge	Minnesota	45.57274	-93.22439	US	1
Wendover	Ontario	45.57275	-75.12757	CA	1
Luck	Wisconsin	45.57607	-92.4827	US	1
Ct 0012	Quebec	45.57861	-73.53771	CA	1
Ct 0009	Quebec	45.58018	-73.51637	CA	1
Kenton	Oregon	45.58178	-122.68149	US	0
Ct 0010	Quebec	45.58185	-73.52858	CA	1
Washougal	Washington	45.58262	-122.35342	US	1
Duvernay	Quebec	45.58333	-73.66667	CA	1
Lac-Mégantic	Quebec	45.58338	-70.88234	CA	1
Sainte-Julie	Quebec	45.58338	-73.33246	CA	1
New Glasgow	Nova Scotia	45.58344	-62.64863	CA	1
Ct 0011	Quebec	45.58357	-73.53525	CA	1
Buffalo	South Dakota	45.58416	-103.54603	US	1
Buckingham	Quebec	45.58563	-75.4208	CA	1
Morris	Minnesota	45.58607	-95.91394	US	1
Harris	Minnesota	45.58635	-92.97466	US	1
Ct 0008	Quebec	45.58698	-73.51049	CA	1
Camas	Washington	45.58706	-122.39954	US	1
Saint-Léonard	Quebec	45.58773	-73.59501	CA	0
Boucherville	Quebec	45.59104	-73.43605	CA	1
Sauk Rapids	Minnesota	45.59191	-94.1661	US	1
McAdam	New Brunswick	45.59232	-67.307	CA	1
Collegeville	Minnesota	45.59441	-94.36305	US	1
The Dalles	Oregon	45.59456	-121.17868	US	1
Ct 0007	Quebec	45.59465	-73.52896	CA	1
North Plains	Oregon	45.59706	-122.99344	US	1
Ct 0001	Quebec	45.59833	-73.51006	CA	1
Val-des-Arbres	Quebec	45.59837	-73.67542	CA	1
Sainte-Madeleine	Quebec	45.60008	-73.09914	CA	1
Hawkesbury	Ontario	45.60009	-74.61595	CA	1
Thurso	Quebec	45.6001	-75.24931	CA	1
Shawville	Quebec	45.60011	-76.4827	CA	1
Ct 0006	Quebec	45.60083	-73.51189	CA	1
Montréal-Nord	Quebec	45.6016	-73.63063	CA	1
Crow Agency	Montana	45.60164	-107.46119	US	1
Saint-Elzéar	Quebec	45.60338	-73.72698	CA	1
Ct 0002	Quebec	45.60412	-73.51716	CA	1
Ct 0003	Quebec	45.60562	-73.52713	CA	1
Ct 0005	Quebec	45.60626	-73.51106	CA	1
Louisdale	Nova Scotia	45.60686	-61.06636	CA	1
Ct 0004	Quebec	45.60854	-73.51919	CA	1
Medway	Maine	45.60894	-68.53086	US	1
Avon	Minnesota	45.60913	-94.45167	US	1
North Portland	Oregon	45.61039	-122.70343	US	1
Saint-Victor	Quebec	45.61118	-73.51527	CA	1
Rockaway Beach	Oregon	45.61344	-123.94291	US	1
Starbuck	Minnesota	45.6144	-95.53115	US	1
Trenton	Nova Scotia	45.61548	-62.63743	CA	1
Port Hawkesbury	Nova Scotia	45.61652	-61.35636	CA	1
Boisbriand	Quebec	45.61678	-73.83249	CA	1
Saint-Vincent-de-Paul	Quebec	45.61678	-73.64918	CA	1
Papineauville	Quebec	45.6168	-75.01599	CA	1
Antigonish	Nova Scotia	45.61685	-61.99858	CA	1
Dallesport	Washington	45.61734	-121.17952	US	1
Banks	Oregon	45.61872	-123.11428	US	1
L'Orignal	Ontario	45.6198	-74.6915	CA	1
Sartell	Minnesota	45.62163	-94.20694	US	1
Lame Deer	Montana	45.62305	-106.6667	US	1
Odell	Oregon	45.62706	-121.54313	US	1
East Millinocket	Maine	45.62755	-68.57448	US	1
Chenoweth	Oregon	45.62762	-121.24341	US	1
Albany	Minnesota	45.62996	-94.57	US	1
Saint-Hyacinthe	Quebec	45.63076	-72.95699	CA	1
Montréal-Est	Quebec	45.63202	-73.5075	CA	1
Rosemère	Quebec	45.63338	-73.79919	CA	1
Cobden	Ontario	45.63341	-76.88273	CA	1
Fern Prairie	Washington	45.63651	-122.3987	US	1
Columbus	Montana	45.63661	-109.25211	US	1
Rhinelander	Wisconsin	45.63662	-89.41208	US	1
Vancouver	Washington	45.63873	-122.66149	US	1
Norton	New Brunswick	45.63884	-65.69843	CA	1
Sainte-Thérèse	Quebec	45.63922	-73.82757	CA	1
Rivière-des-Prairies–Pointe-aux-Trembles	Quebec	45.64064	-73.58463	CA	1
Mill Plain	Washington	45.6429	-122.49398	US	1
Cheboygan	Michigan	45.64696	-84.47448	US	1
Acton Vale	Quebec	45.65007	-72.56582	CA	1
Lachute	Quebec	45.65008	-74.33253	CA	1
Mirabel	Quebec	45.65008	-74.08251	CA	1
Saint-Amable	Quebec	45.65008	-73.29916	CA	1
Val-des-Monts	Quebec	45.6501	-75.66604	CA	1
Springhill	Nova Scotia	45.65015	-64.04873	CA	1
Glenwood	Minnesota	45.65024	-95.38976	US	1
Saint-Liboire	Quebec	45.65068	-72.76348	CA	1
Duvernay-Est	Quebec	45.65476	-73.60514	CA	1
St. Peter's	Nova Scotia	45.65659	-60.87421	CA	1
Millinocket	Maine	45.65727	-68.70976	US	1
Minnehaha	Washington	45.65901	-122.6271	US	1
Frederic	Wisconsin	45.65912	-92.46714	US	1
Four Corners	Montana	45.66	-111.185	US	1
Livingston	Montana	45.66244	-110.56104	US	1
Sisseton	South Dakota	45.66468	-97.0498	US	1
Foley	Minnesota	45.66469	-93.9097	US	1
Orchards	Washington	45.66651	-122.56093	US	1
Richmond	Quebec	45.66677	-72.1491	CA	1
Blainville	Quebec	45.66678	-73.88249	CA	1
Bois-des-Filion	Quebec	45.66678	-73.74918	CA	1
Wakefield	Quebec	45.6668	-75.83265	CA	1
Walnut Grove	Washington	45.66789	-122.59899	US	1
Laurel	Montana	45.66912	-108.77153	US	1
Cascade Locks	Oregon	45.66984	-121.89064	US	1
Mission	Oregon	45.67041	-118.68359	US	1
Hazel Dell	Washington	45.67151	-122.66288	US	1
Pendleton	Oregon	45.67207	-118.7886	US	1
Valley Waters	New Brunswick	45.67299	-65.83704	CA	1
Melrose	Minnesota	45.67469	-94.80752	US	1
Pictou	Nova Scotia	45.67875	-62.70936	CA	1
Bozeman	Montana	45.67965	-111.03856	US	1
Lorraine	Quebec	45.68338	-73.78249	CA	1
Varennes	Quebec	45.68338	-73.43246	CA	1
Brownsburg-Chatham	Quebec	45.68342	-74.4159	CA	1
Five Corners	Washington	45.68456	-122.5751	US	1
Rush City	Minnesota	45.68551	-92.96549	US	1
Manners Sutton	New Brunswick	45.68885	-67.03985	CA	1
Lake Shore	Washington	45.69067	-122.69093	US	1
Barberton	Washington	45.69317	-122.59899	US	1
Stevenson	Washington	45.69567	-121.88452	US	1
Phillips	Wisconsin	45.69663	-90.40043	US	1
Terrebonne	Quebec	45.70004	-73.64732	CA	1
Saint-Louis-de-Terrebonne	Quebec	45.70198	-73.78669	CA	1
Saint-Charles	Quebec	45.70288	-73.55417	CA	1
Hood River	Oregon	45.7054	-121.52146	US	1
Weedon Centre	Quebec	45.70802	-71.45986	CA	1
Felida	Washington	45.70956	-122.70732	US	1
Sussex Corner	New Brunswick	45.71024	-65.48334	CA	1
Salmon Creek	Washington	45.71067	-122.64899	US	1
Saint-Canut	Quebec	45.71502	-74.08376	CA	1
Charlemagne	Quebec	45.71678	-73.48247	CA	1
Saint-André-Avellin	Quebec	45.7168	-75.06599	CA	1
Sussex	New Brunswick	45.72266	-65.50663	CA	1
Braham	Minnesota	45.72274	-93.17078	US	1
Leola	South Dakota	45.72275	-98.94094	US	1
Mound City	South Dakota	45.72527	-100.06845	US	1
Carson	Washington	45.72539	-121.81924	US	1
White Salmon	Washington	45.72762	-121.48646	US	1
Saint-Barnabé-Sud	Quebec	45.72977	-72.92244	CA	1
Hardin	Montana	45.73248	-107.61203	US	1
Brush Prairie	Washington	45.73289	-122.54649	US	1
Saint-Colomban	Quebec	45.73338	-74.13251	CA	1
Oxford	Nova Scotia	45.73345	-63.86542	CA	1
Mount Vista	Washington	45.73428	-122.63288	US	1
Sauk Centre	Minnesota	45.73747	-94.95252	US	1
Hockinson	Washington	45.73789	-122.48704	US	1
Shell Lake	Wisconsin	45.73939	-91.92545	US	1
Repentigny	Quebec	45.74222	-73.45008	CA	1
Escanaba	Michigan	45.74525	-87.06458	US	1
Mascouche	Quebec	45.74965	-73.59956	CA	1
River John	Nova Scotia	45.75015	-63.04866	CA	1
Rice	Minnesota	45.75191	-94.22027	US	1
Scappoose	Oregon	45.75428	-122.8776	US	1
Milaca	Minnesota	45.7558	-93.65441	US	1
Rock Creek	Minnesota	45.75746	-92.96243	US	1
Meadow Glade	Washington	45.75845	-122.56038	US	1
Sainte-Anne-des-Plaines	Quebec	45.76468	-73.81156	CA	1
Val-des-Sources	Quebec	45.76678	-71.9324	CA	1
Princeville	Nova Scotia	45.76684	-61.29853	CA	1
Niagara	Wisconsin	45.77135	-87.99485	US	1
Venersborg	Washington	45.77373	-122.42454	US	1
Belgrade	Montana	45.77604	-111.1769	US	1
Penobsquis	New Brunswick	45.77626	-65.381	CA	1
Grantsburg	Wisconsin	45.77634	-92.6827	US	1
Dollar Corner	Washington	45.7803	-122.59994	US	1
Saint-Jérôme	Quebec	45.78036	-74.00365	CA	1
Stanfield	Oregon	45.78041	-119.21724	US	1
Battle Ground	Washington	45.78095	-122.53343	US	1
Billings	Montana	45.78329	-108.50069	US	1
Danville	Quebec	45.78337	-72.0158	CA	1
Saint-Denis-sur-Richelieu	Quebec	45.78338	-73.14915	CA	1
Verchères	Quebec	45.78338	-73.34916	CA	1
Ripon	Quebec	45.7834	-75.09929	CA	1
Siren	Wisconsin	45.78578	-92.38103	US	1
Norway	Michigan	45.7869	-87.90374	US	1
Britton	South Dakota	45.79162	-97.75094	US	1
Kingsford	Michigan	45.79496	-88.07207	US	1
Fundy Albert	New Brunswick	45.80271	-64.65977	CA	1
Rusagonis	New Brunswick	45.80276	-66.6204	CA	1
Wheaton	Minnesota	45.80441	-96.49923	US	1
Quinnesec	Michigan	45.80635	-87.98846	US	1
Arcadia	New Brunswick	45.8081	-66.06383	CA	1
Lewisville	Washington	45.80984	-122.52315	US	1
Athena	Oregon	45.8118	-118.49053	US	1
Ridgefield	Washington	45.81511	-122.7426	US	1
Sainte-Sophie	Quebec	45.81678	-73.89919	CA	1
Pembroke	Ontario	45.81681	-77.11616	CA	1
Lac-Alouette	Quebec	45.81698	-73.9592	CA	1
Warren	Oregon	45.819	-122.84899	US	1
Lockwood	Montana	45.81912	-108.41486	US	1
Iron Mountain	Michigan	45.82023	-88.06596	US	1
Goldendale	Washington	45.82068	-120.82173	US	1
Spooner	Wisconsin	45.82245	-91.88934	US	1
L'Assomption	Quebec	45.82318	-73.4294	CA	1
Pine City	Minnesota	45.82607	-92.96854	US	1
Royalton	Minnesota	45.82997	-94.29361	US	1
Butternut Valley	New Brunswick	45.83331	-65.5347	CA	1
Saint-Germain-de-Grantham	Quebec	45.83337	-72.56582	CA	1
South River	Ontario	45.8334	-79.38293	CA	1
Amherst	Nova Scotia	45.83345	-64.19874	CA	1
Big Timber	Montana	45.83494	-109.95546	US	1
Oromocto	New Brunswick	45.83512	-66.47917	CA	1
Sunbury-York South	New Brunswick	45.83776	-66.60984	CA	1
Boardman	Oregon	45.83986	-119.70058	US	1
Hermiston	Oregon	45.84041	-119.28946	US	1
Fort-Coulonge	Quebec	45.842	-76.739	CA	1
Kingsey Falls	Quebec	45.85007	-72.0658	CA	1
Contrecoeur	Quebec	45.85008	-73.23245	CA	1
L'Épiphanie	Quebec	45.85008	-73.48246	CA	1
Saint-Lin-Laurentides	Quebec	45.85008	-73.76588	CA	1
Gladstone	Michigan	45.85274	-87.0218	US	1
Manhattan	Montana	45.8566	-111.33246	US	1
Vernonia	Oregon	45.85872	-123.19289	US	1
Saint-Roch-de-l'Achigan	Quebec	45.85921	-73.58959	CA	1
La Center	Washington	45.86234	-122.67038	US	1
Saint Helens	Oregon	45.864	-122.80649	US	1
Terrasse-des-Pins	Quebec	45.86449	-74.06627	CA	1
Yacolt	Washington	45.86595	-122.40621	US	1
Saint Ignace	Michigan	45.86614	-84.72751	US	1
Saint-Rémi-de-Tingwick	Quebec	45.86677	-71.81581	CA	1
Prévost	Quebec	45.86678	-74.08251	CA	1
Osakis	Minnesota	45.86691	-95.15225	US	1
Whitehall	Montana	45.87076	-112.09749	US	1
Maugerville	New Brunswick	45.87165	-66.44528	CA	1
Mora	Minnesota	45.8769	-93.29384	US	1
Tingwick	Quebec	45.88007	-71.94221	CA	1
Hanwell	New Brunswick	45.88308	-66.76905	CA	1
Drummondville	Quebec	45.88336	-72.48241	CA	1
Lavaltrie	Quebec	45.88338	-73.28245	CA	1
Colstrip	Montana	45.88416	-106.62364	US	1
Kingsclear	New Brunswick	45.88437	-66.90853	CA	1
Alexandria	Minnesota	45.88524	-95.37754	US	1
Saint-Sauveur	Quebec	45.88686	-74.17943	CA	1
Ekalaka	Montana	45.88889	-104.55273	US	1
Columbia City	Oregon	45.89011	-122.80705	US	1
Cannon Beach	Oregon	45.89177	-123.96153	US	1
Three Forks	Montana	45.89243	-111.55219	US	1
Petawawa	Ontario	45.89452	-77.28007	CA	1
Irrigon	Oregon	45.89569	-119.49141	US	1
New Maryland	New Brunswick	45.89662	-66.68225	CA	1
Lac-Connelly	Quebec	45.89788	-73.9723	CA	1
Lac-Lapierre	Quebec	45.89837	-73.77308	CA	1
Sackville	New Brunswick	45.89868	-64.36836	CA	1
Disraeli	Quebec	45.90007	-71.34907	CA	1
Saint-Esprit	Quebec	45.90007	-73.66587	CA	1
Piedmont	Quebec	45.90008	-74.13251	CA	1
Saint-Sauveur-des-Monts	Quebec	45.90008	-74.16591	CA	1
Morin-Heights	Quebec	45.90009	-74.24922	CA	1
Lincoln	New Brunswick	45.90012	-66.58218	CA	1
Woodland	Washington	45.90456	-122.74399	US	1
Lincoln Heights	New Brunswick	45.90832	-66.59215	CA	1
Amboy	Washington	45.91011	-122.44649	US	1
Three Rivers	New Brunswick	45.91178	-65.15228	CA	1
Eagle River	Wisconsin	45.91718	-89.2443	US	1
Umatilla	Oregon	45.91735	-119.34252	US	1
Hillsborough	New Brunswick	45.91985	-64.65516	CA	1
Louisbourg	Nova Scotia	45.92046	-59.97099	CA	1
McIntosh	South Dakota	45.92139	-101.34958	US	1
Florence	Wisconsin	45.92218	-88.2518	US	1
Southwood Park	New Brunswick	45.92478	-66.62633	CA	1
Grangeville	Idaho	45.92655	-116.12237	US	1
Milton-Freewater	Oregon	45.93263	-118.38774	US	1
Saint-Cyrille-de-Wendover	Quebec	45.93336	-72.43241	CA	1
Saint-Hippolyte	Quebec	45.93338	-74.0159	CA	1
Tantramar	New Brunswick	45.93365	-64.39984	CA	1
Skyline Acres	New Brunswick	45.93414	-66.6375	CA	1
Park Falls	Wisconsin	45.9344	-90.44155	US	1
Petitcodiac	New Brunswick	45.93935	-65.1802	CA	1
Lemmon	South Dakota	45.94083	-102.15932	US	1
Uptown Fredericton	New Brunswick	45.94259	-66.67021	CA	1
Eskasoni 3	Nova Scotia	45.94522	-60.61617	CA	1
Fredericton	New Brunswick	45.94541	-66.66558	CA	1
College Hill	New Brunswick	45.94711	-66.64471	CA	1
Saint-Jacques	Quebec	45.94867	-73.57026	CA	1
Warwick	Quebec	45.95007	-71.9824	CA	1
Sainte-Adèle	Quebec	45.95008	-74.13251	CA	1
Barkers Point	New Brunswick	45.95165	-66.62339	CA	1
Rabbit Town	New Brunswick	45.95519	-66.65065	CA	1
Queen Square	New Brunswick	45.95566	-66.63922	CA	1
Manistique	Michigan	45.95775	-86.24625	US	1
Saint-Joseph	Quebec	45.95817	-73.22025	CA	1
North Hanwell	New Brunswick	45.95849	-66.68191	CA	1
La Guadeloupe	Quebec	45.96108	-70.93975	CA	1
Town Plat	New Brunswick	45.96122	-66.6499	CA	1
Downtown Fredericton	New Brunswick	45.96201	-66.64047	CA	1
Devon	New Brunswick	45.96378	-66.61696	CA	1
Garden Creek	New Brunswick	45.96397	-66.70717	CA	1
Little Round Lake	Wisconsin	45.96495	-91.36795	US	1
Crabtree	Quebec	45.96677	-73.46586	CA	1
Lanoraie	Quebec	45.96677	-73.21585	CA	1
Sainte-Julienne	Quebec	45.96677	-73.71587	CA	1
Saint-Joseph-de-Coleraine	Quebec	45.96677	-71.36577	CA	1
Saint-Adolphe-d'Howard	Quebec	45.96679	-74.33253	CA	1
Youngs Crossing	New Brunswick	45.96681	-66.59888	CA	1
Noonan	New Brunswick	45.96682	-66.53218	CA	1
Lac du Flambeau	Wisconsin	45.96967	-89.8921	US	1
North Devon	New Brunswick	45.97081	-66.63255	CA	1
Lakeland Ridges	New Brunswick	45.97149	-67.48985	CA	1
Long Prairie	Minnesota	45.97469	-94.86558	US	1
Fredericton Northside	New Brunswick	45.97594	-66.64117	CA	1
Little Falls	Minnesota	45.97635	-94.3625	US	1
Douglas	New Brunswick	45.97832	-66.73108	CA	1
Sunset Acres	New Brunswick	45.9785	-66.67939	CA	1
Little Current	Ontario	45.97927	-81.9248	CA	1
Nashwaaksis	New Brunswick	45.98011	-66.65793	CA	1
Marion Bridge	Nova Scotia	45.98088	-60.21232	CA	1
Pierz	Minnesota	45.98163	-94.10471	US	1
Sainte-Clotilde-de-Horton	Quebec	45.98336	-72.2324	CA	1
Marysville	New Brunswick	45.98341	-66.58218	CA	1
Seaside	Oregon	45.99316	-123.92264	US	1
Tidnish	Nova Scotia	45.99367	-64.00949	CA	1
Elbow Lake	Minnesota	45.99413	-95.97672	US	1
Patten	Maine	45.99644	-68.44614	US	1
Brookside West	New Brunswick	45.99957	-66.65096	CA	1
Linière	Quebec	46.00007	-70.41572	CA	1
Val-Morin	Quebec	46.00008	-74.18251	CA	1
Keswick Ridge	New Brunswick	46.00011	-66.88218	CA	1
Hettinger	North Dakota	46.00139	-102.63682	US	1
Ellendale	North Dakota	46.00275	-98.52705	US	1
Saint-Pie-V	Quebec	46.00351	-72.74689	CA	1
Butte	Montana	46.00382	-112.53474	US	1
Memramcook	New Brunswick	46.00435	-64.55156	CA	1
Central York	New Brunswick	46.0051	-66.90803	CA	1
Kalama	Washington	46.00767	-122.84436	US	1
Hinckley	Minnesota	46.01134	-92.94437	US	1
Hayward	Wisconsin	46.01301	-91.48462	US	1
Joliette	Quebec	46.0164	-73.4236	CA	1
Albert Bridge	Nova Scotia	46.01654	-60.05951	CA	1
Saint-Thomas	Quebec	46.01677	-73.34915	CA	1
Notre-Dame-du-Mont-Carmel	Quebec	46.0168	-75.08259	CA	1
Chalk River	Ontario	46.01682	-77.44948	CA	1
Port Hood	Nova Scotia	46.01684	-61.53185	CA	1
Gearhart	Oregon	46.02427	-123.91125	US	1
Saint-Joseph-de-Sorel	Quebec	46.03336	-73.11585	CA	1
Sainte-Marguerite-du-Lac-Masson	Quebec	46.03338	-74.0659	CA	1
Val-David	Quebec	46.03338	-74.21592	CA	1
Powassan	Ontario	46.0334	-79.34961	CA	1
Ashley	North Dakota	46.03414	-99.3715	US	1
Estey's Bridge	New Brunswick	46.035	-66.714	CA	1
Salisbury	New Brunswick	46.03905	-65.04628	CA	1
Sorel-Tracy	Quebec	46.04178	-73.11358	CA	1
College Place	Washington	46.0493	-118.3883	US	1
Adstock	Quebec	46.05007	-71.08235	CA	1
Notre-Dame-des-Prairies	Quebec	46.05007	-73.43245	CA	1
Rawdon	Quebec	46.05007	-73.71587	CA	1
Saint-Charles-Borromée	Quebec	46.05007	-73.46586	CA	1
Victoriaville	Quebec	46.05007	-71.96579	CA	1
Sainte-Agathe-des-Monts	Quebec	46.05009	-74.28252	CA	1
Walla Walla East	Washington	46.05184	-118.30403	US	1
Garrett	Washington	46.05208	-118.40275	US	1
Hodgdon	Maine	46.05394	-67.86668	US	1
Riverview	New Brunswick	46.05455	-64.81597	CA	1
Sydney Forks	Nova Scotia	46.0604	-60.30385	CA	1
Saint-Anselme	New Brunswick	46.06395	-64.71261	CA	1
Walla Walla	Washington	46.06458	-118.34302	US	1
Saint-Valère	Quebec	46.06676	-72.09909	CA	1
Saint-Côme--Linière	Quebec	46.06677	-70.51573	CA	1
Saint-Éphrem-de-Beauce	Quebec	46.06677	-70.94905	CA	1
Mabou	Nova Scotia	46.06684	-61.38183	CA	1
Pierreville	Quebec	46.07034	-72.81125	CA	1
Chertsey	Quebec	46.07109	-73.89095	CA	1
Gunningsville	New Brunswick	46.0739	-64.77304	CA	1
Howie Centre	Nova Scotia	46.07518	-60.26849	CA	1
Greater Lakeburn	New Brunswick	46.07651	-64.66818	CA	1
Nackawic-Millville	New Brunswick	46.07831	-67.23335	CA	1
Dieppe	New Brunswick	46.07844	-64.68735	CA	1
Stambaugh, Iron River	Michigan	46.08107	-88.62708	US	0
Centennial Place	New Brunswick	46.08333	-64.81667	CA	1
Berthierville	Quebec	46.08336	-73.18245	CA	1
Belfast	Prince Edward Island	46.08341	-62.88197	CA	1
Minto	New Brunswick	46.08483	-66.06217	CA	1
Chartersville	New Brunswick	46.08494	-64.73339	CA	1
Parkton	New Brunswick	46.08553	-64.79536	CA	1
Fort Yates	North Dakota	46.08694	-100.63013	US	1
Rainier	Oregon	46.089	-122.93594	US	1
Strait Shores	New Brunswick	46.08969	-64.07635	CA	1
Downtown Moncton	New Brunswick	46.09231	-64.78535	CA	1
Iron River	Michigan	46.09273	-88.64235	US	1
Thetford-Mines	Quebec	46.09371	-71.30539	CA	1
Moncton	New Brunswick	46.09454	-64.7965	CA	1
Sainte-Élisabeth	Quebec	46.09502	-73.35176	CA	1
Downtown Dieppe	New Brunswick	46.09521	-64.74371	CA	1
Central Moncton	New Brunswick	46.09696	-64.79623	CA	1
Crystal Falls	Michigan	46.09801	-88.33402	US	1
Berry Mills Heights	New Brunswick	46.1	-64.85	CA	1
Deep River	Ontario	46.10012	-77.49949	CA	1
Lakeburn	New Brunswick	46.10014	-64.68205	CA	1
Clatskanie	Oregon	46.10122	-123.20679	US	1
Sunny Brae	New Brunswick	46.10352	-64.7768	CA	1
Lewisville	New Brunswick	46.10437	-64.7532	CA	1
Saint-Léonard-d'Aston	Quebec	46.10723	-72.3735	CA	1
Forman	North Dakota	46.10774	-97.63649	US	1
Humphreys Mills	New Brunswick	46.11237	-64.7589	CA	1
Grand Lake	New Brunswick	46.11258	-65.95682	CA	1
Saint-Georges	Quebec	46.11353	-70.66526	CA	1
Membertou	Nova Scotia	46.11518	-60.18932	CA	1
Glen Cairn	New Brunswick	46.11667	-64.85	CA	1
Woodhaven Court	New Brunswick	46.11667	-64.86667	CA	1
Coxheath	Nova Scotia	46.11684	-60.23175	CA	1
Harrisville	New Brunswick	46.11771	-64.72209	CA	1
Humphrey	New Brunswick	46.11987	-64.77797	CA	1
Hildegarde	New Brunswick	46.12296	-64.85392	CA	1
Houlton	Maine	46.12616	-67.8403	US	1
Anaconda	Montana	46.12854	-112.94226	US	1
Sandstone	Minnesota	46.13106	-92.86742	US	1
Highland	Washington	46.13152	-119.11418	US	1
Magnetic Hill	New Brunswick	46.13466	-64.88852	CA	1
Sydney	Nova Scotia	46.1351	-60.1831	CA	1
Lutes Mountain	New Brunswick	46.13544	-64.90504	CA	1
Westmount	Nova Scotia	46.13548	-60.21924	CA	1
Longview	Washington	46.13817	-122.93817	US	1
Oakes	North Dakota	46.13858	-98.09038	US	1
McEwen	New Brunswick	46.1452	-64.78615	CA	1
Kelso	Washington	46.14678	-122.90844	US	1
La Conception	Quebec	46.15009	-74.69925	CA	1
Parkers Prairie	Minnesota	46.15302	-95.32892	US	1
Finley	Washington	46.15402	-119.0339	US	1
Lac-Simon	Quebec	46.15699	-74.74129	CA	1
Woodstock	New Brunswick	46.15796	-67.58377	CA	1
Whitney Pier	Nova Scotia	46.15931	-60.18662	CA	1
Vineland	Minnesota	46.16357	-93.75747	US	1
Warrenton	Oregon	46.1651	-123.92376	US	1
Montague	Prince Edward Island	46.16681	-62.64866	CA	1
West Longview	Washington	46.16789	-122.999	US	1
Chipman	New Brunswick	46.16934	-65.88386	CA	1
Saint-Norbert	Quebec	46.16949	-73.31494	CA	1
Saint-Félix-de-Valois	Quebec	46.16977	-73.42525	CA	1
Princeville	Quebec	46.17163	-71.87462	CA	1
Reserve Mines	Nova Scotia	46.18033	-60.01962	CA	1
Longview Heights	Washington	46.18039	-122.95706	US	1
Warm Springs	Montana	46.18131	-112.78476	US	1
Bowman	North Dakota	46.18306	-103.39491	US	1
Blind River	Ontario	46.18336	-82.95817	CA	1
West Side Highway	Washington	46.18399	-122.91715	US	1
Three Rivers	Prince Edward Island	46.1845	-62.5679	CA	1
Astoria	Oregon	46.18788	-123.83125	US	1
Glace Bay	Nova Scotia	46.19695	-59.95698	CA	1
Burbank	Washington	46.19986	-119.01306	US	1
Daveluyville	Quebec	46.20006	-72.13239	CA	1
Sainte-Béatrix	Quebec	46.20007	-73.61587	CA	1
Cap-Acadie	New Brunswick	46.20142	-64.32416	CA	1
Cathlamet	Washington	46.20317	-123.38318	US	1
Prosser	Washington	46.2068	-119.76892	US	1
North Sydney	Nova Scotia	46.20777	-60.25489	CA	1
Beaubassin East	New Brunswick	46.20917	-64.418	CA	1
Kennewick	Washington	46.21125	-119.13723	US	1
Mont-Tremblant	Quebec	46.21274	-74.58438	CA	1
Cap-Pele	New Brunswick	46.21294	-64.27844	CA	1
Maple Hills	New Brunswick	46.21332	-64.86945	CA	1
East Broughton	Quebec	46.21358	-71.07674	CA	1
Mabton	Washington	46.21485	-119.99671	US	1
Callander	Ontario	46.2168	-79.36632	CA	1
Dominion	Nova Scotia	46.21684	-60.01515	CA	1
Beauceville	Quebec	46.21785	-70.77873	CA	1
Stratford	Prince Edward Island	46.21792	-63.07948	CA	1
Plessisville	Quebec	46.21856	-71.76201	CA	1
Shediac	New Brunswick	46.21981	-64.54107	CA	1
Cornwall	Prince Edward Island	46.22652	-63.21809	CA	1
Southport	Prince Edward Island	46.22652	-63.10428	CA	1
Kamiah	Idaho	46.22712	-116.02931	US	1
Maskinongé	Quebec	46.2286	-73.01917	CA	1
Nicolet	Quebec	46.23085	-72.61292	CA	1
Saint-Jean-de-Matha	Quebec	46.23147	-73.53416	CA	1
Downtown Charlottetown	Prince Edward Island	46.23253	-63.12734	CA	1
Inverness	Nova Scotia	46.23344	-61.29852	CA	1
Charlottetown	Prince Edward Island	46.23459	-63.1256	CA	1
Nezperce	Idaho	46.23489	-116.2407	US	1
Brighton	Prince Edward Island	46.23544	-63.14399	CA	1
Boulder	Montana	46.23659	-112.12083	US	1
Sydney Mines	Nova Scotia	46.23669	-60.21767	CA	1
Scotchtown	Nova Scotia	46.23888	-60.09968	CA	1
Pasco	Washington	46.23958	-119.10057	US	1
Tri-Cities	Washington	46.2454	-119.19617	US	1
West Pasco	Washington	46.24541	-119.18279	US	1
Hamilton	Montana	46.24687	-114.16037	US	1
Spring Park	Prince Edward Island	46.24955	-63.14403	CA	1
Thessalon	Ontario	46.25006	-83.5666	CA	1
La Minerve	Quebec	46.25009	-74.93257	CA	1
Saint-Raphaël	Quebec	46.25011	-76.01605	CA	1
New Waterford	Nova Scotia	46.25014	-60.08175	CA	1
Grandview	Washington	46.25097	-119.9017	US	1
Lewis Point	Prince Edward Island	46.25202	-63.16059	CA	1
Parkdale	Prince Edward Island	46.25202	-63.11809	CA	1
New Victoria	Nova Scotia	46.25367	-60.12781	CA	1
Louiseville	Quebec	46.25594	-72.94145	CA	1
Espanola	Ontario	46.25837	-81.76649	CA	1
West Royalty	Prince Edward Island	46.25842	-63.16259	CA	1
Florence	Nova Scotia	46.25985	-60.26586	CA	1
Mt. Edward	Prince Edward Island	46.25987	-63.12752	CA	1
Benton City	Washington	46.26319	-119.4878	US	1
Breckenridge	Minnesota	46.26357	-96.58813	US	1
Wahpeton	North Dakota	46.26524	-96.60591	US	1
Forsyth	Montana	46.26638	-106.67781	US	1
Linton	North Dakota	46.26666	-100.23289	US	1
Hillsborough Park	Prince Edward Island	46.26695	-63.10648	CA	1
Sherwood	Prince Edward Island	46.26822	-63.12839	CA	1
Stonepark	Prince Edward Island	46.26856	-63.1206	CA	1
Shediac Bridge-Shediac River	New Brunswick	46.26886	-64.60047	CA	1
Waitsburg	Washington	46.27042	-118.15329	US	1
Castle Rock	Washington	46.27511	-122.90761	US	1
East Royalty	Prince Edward Island	46.27792	-63.10228	CA	1
Gwinn	Michigan	46.28106	-87.44097	US	1
Yamachiche	Quebec	46.28175	-72.82873	CA	1
Fergus Falls	Minnesota	46.28302	-96.07756	US	1
Labelle	Quebec	46.28339	-74.73255	CA	1
Richland	Washington	46.28569	-119.28446	US	1
Hysham	Montana	46.29277	-107.23423	US	1
Winsloe	Prince Edward Island	46.29342	-63.17759	CA	1
Ryegate	Montana	46.29718	-109.25879	US	1
Beausoleil	New Brunswick	46.29835	-64.60329	CA	1
Saint-Joseph-de-Beauce	Quebec	46.3	-70.86667	CA	1
Saint-Gabriel	Quebec	46.30007	-73.38245	CA	1
Grande-Digue	New Brunswick	46.30014	-64.56546	CA	1
West Richland	Washington	46.3043	-119.36141	US	1
North Bay	Ontario	46.3168	-79.46633	CA	1
Mattawa	Ontario	46.31681	-78.69957	CA	1
Saint-Donat-de-Montcalm	Quebec	46.31868	-74.22171	CA	1
Townsend	Montana	46.3191	-111.5208	US	1
Sunnyside	Washington	46.32374	-120.00865	US	1
Dayton	Washington	46.32375	-117.97244	US	1
K. I. Sawyer Air Force Base	Michigan	46.33207	-87.36566	US	1
Philipsburg	Montana	46.33215	-113.29423	US	1
Cocagne	New Brunswick	46.33494	-64.61504	CA	1
Asotin	Washington	46.33933	-117.04821	US	1
Bécancour	Quebec	46.34106	-72.43224	CA	1
Granger	Washington	46.34207	-120.18727	US	1
Baxter	Minnesota	46.3433	-94.28667	US	1
Trois-Rivières	Quebec	46.34515	-72.5477	CA	1
Souris	Prince Edward Island	46.3501	-62.24862	CA	1
Long Beach	Washington	46.35232	-124.05432	US	1
Newberry	Michigan	46.355	-85.50956	US	1
Staples	Minnesota	46.35552	-94.79224	US	1
Brainerd	Minnesota	46.35802	-94.20083	US	1
Saint-Antoine	New Brunswick	46.36294	-64.74985	CA	1
Mandeville	Quebec	46.36677	-73.34915	CA	1
Sturgeon Falls	Ontario	46.36679	-79.91636	CA	1
Baker	Montana	46.36695	-104.28466	US	1
West Nipissing	Ontario	46.37157	-79.92451	CA	1
Mott	North Dakota	46.3725	-102.32711	US	1
Vallée-Jonction	Quebec	46.37441	-70.91881	CA	1
Toppenish	Washington	46.37735	-120.30867	US	1
Lewiston Orchards	Idaho	46.38044	-116.97543	US	1
Elliot Lake	Ontario	46.38336	-82.63315	CA	1
Maniwaki	Quebec	46.38341	-75.96605	CA	1
Champdoré	New Brunswick	46.38601	-64.78239	CA	1
Clarkston Heights-Vineland	Washington	46.38742	-117.083	US	1
Summerside	Prince Edward Island	46.3912	-63.78869	CA	1
Deer Lodge	Montana	46.39576	-112.73004	US	1
Gentilly	Quebec	46.40005	-72.2741	CA	1
Zillah	Washington	46.40207	-120.262	US	1
West Clarkston-Highland	Washington	46.40287	-117.06395	US	1
Lapwai	Idaho	46.40489	-116.80487	US	1
East Gull Lake	Minnesota	46.40802	-94.35584	US	1
Miles City	Montana	46.40834	-105.84056	US	1
Munising	Michigan	46.4112	-86.64926	US	1
Clarkston	Washington	46.41629	-117.04557	US	1
Lewiston	Idaho	46.41655	-117.01766	US	1
Rivière-Rouge	Quebec	46.41679	-74.86596	CA	1
Carson	North Dakota	46.41778	-101.56487	US	1
Lively	Ontario	46.43338	-81.14975	CA	1
Kensington	Prince Edward Island	46.43343	-63.64871	CA	1
Sainte-Marie	Quebec	46.43401	-71.01168	CA	1
Harlowton	Montana	46.43551	-109.83435	US	1
Lisbon	North Dakota	46.44163	-97.68121	US	1
Wadena	Minnesota	46.44246	-95.13614	US	1
Florenceville-Bristol	New Brunswick	46.44353	-67.61536	CA	1
Roundup	Montana	46.44524	-108.5418	US	1
Wapato	Washington	46.44763	-120.42034	US	1
Hurley	Wisconsin	46.44967	-90.18656	US	1
Moose Lake	Minnesota	46.45411	-92.76187	US	1
Ironwood	Michigan	46.45467	-90.17101	US	1
Clancy	Montana	46.46521	-111.98638	US	1
Upper Miramichi	New Brunswick	46.46603	-66.41116	CA	1
Markstay-Warren	Ontario	46.46678	-80.483	CA	1
Bouctouche	New Brunswick	46.46844	-64.73905	CA	1
Pomeroy	Washington	46.47487	-117.60269	US	1
Wakefield	Michigan	46.47523	-89.93989	US	1
Orofino	Idaho	46.47935	-116.25514	US	1
Bessemer	Michigan	46.48134	-90.05295	US	1
Crosby	Minnesota	46.48218	-93.95776	US	1
Amidon	North Dakota	46.48223	-103.32185	US	1
Saint-Élie-de-Caxton	Quebec	46.48336	-72.96584	CA	1
West Ishpeming	Michigan	46.48355	-87.70097	US	1
Lake Shore	Minnesota	46.48552	-94.36056	US	1
Ishpeming	Michigan	46.48855	-87.66764	US	1
Grand-Bouctouche	New Brunswick	46.48888	-64.71034	CA	1
Greater Sudbury	Ontario	46.49	-80.99001	CA	1
Winlock	Washington	46.49122	-122.9379	US	1
Ocean Park	Washington	46.49177	-124.05208	US	1
Harvey	Michigan	46.49466	-87.35431	US	1
Sault Ste. Marie	Michigan	46.4953	-84.34532	US	1
Carleton North	New Brunswick	46.49895	-67.55754	CA	1
Negaunee	Michigan	46.4991	-87.6118	US	1
Saint-Pierre-les-Becquets	Quebec	46.50005	-72.1991	CA	1
Saint-Boniface	Quebec	46.50011	-75.98264	CA	1
Napoleon	North Dakota	46.50831	-99.77122	US	1
Stevensville	Montana	46.50992	-114.09316	US	1
Lake Nebagamon	Wisconsin	46.51494	-91.69991	US	1
Sault Ste. Marie	Ontario	46.51677	-84.33325	CA	1
New York Mills	Minnesota	46.51802	-95.37615	US	1
Nisswa	Minnesota	46.52052	-94.28861	US	1
Sainte-Geneviève-de-Batiscan	Quebec	46.53005	-72.33881	CA	1
Aitkin	Minnesota	46.53301	-93.71025	US	1
Montana City	Montana	46.53771	-111.93277	US	1
Marquette	Michigan	46.54354	-87.39542	US	1
White Sulphur Springs	Montana	46.54828	-110.90216	US	1
Azilda	Ontario	46.55008	-81.09975	CA	1
Mont-Laurier	Quebec	46.55011	-75.4993	CA	1
Trowbridge Park	Michigan	46.5566	-87.43736	US	1
Saint-Agapit	Quebec	46.55674	-71.44186	CA	1
Five Rivers	New Brunswick	46.55684	-64.90456	CA	1
Union Gap	Washington	46.55735	-120.47506	US	1
Morton	Washington	46.55844	-122.2751	US	1
Ahtanum	Washington	46.55957	-120.62201	US	1
Saint-Narcisse	Quebec	46.56395	-72.47051	CA	1
Shawinigan	Quebec	46.56675	-72.74913	CA	1
Pelican Rapids	Minnesota	46.57079	-96.08311	US	1
Napavine	Washington	46.57455	-122.90818	US	1
Sainte-Anne-de-la-Pérade	Quebec	46.58335	-72.1991	CA	1
Elsipogtog First Nation	New Brunswick	46.58544	-64.98583	CA	1
Sheldon	North Dakota	46.5858	-97.4912	US	1
Saint-Lambert-de-Lauzon	Quebec	46.58624	-71.20892	CA	1
East Helena	Montana	46.58966	-111.91555	US	1
Breezy Point	Minnesota	46.59001	-94.21982	US	1
Dowling	Ontario	46.59111	-81.33917	CA	1
West Valley	Washington	46.59207	-120.60507	US	1
Ashland	Wisconsin	46.59244	-90.8838	US	1
Helena	Montana	46.59271	-112.03611	US	1
Basin City	Washington	46.59403	-119.15223	US	1
Perham	Minnesota	46.5944	-95.57254	US	1
Cap-de-Richibucto	New Brunswick	46.59458	-64.77935	CA	1
Helena West Side	Montana	46.59672	-112.11304	US	1
Sainte-Claire	Quebec	46.60134	-70.86319	CA	1
Yakima	Washington	46.60207	-120.5059	US	1
Pequot Lakes	Minnesota	46.60302	-94.30944	US	1
Terrace Heights	Washington	46.60624	-120.43979	US	1
Rayside-Balfour	Ontario	46.60873	-81.20763	CA	1
Saint-Apollinaire	Quebec	46.61289	-71.51258	CA	1
Miramichi River Valley	New Brunswick	46.61496	-65.90167	CA	1
Helena Valley Southeast	Montana	46.61527	-111.92156	US	1
Saint-Anselme	Quebec	46.62922	-70.9734	CA	1
Easton	Maine	46.64115	-67.90947	US	1
Valley East	Ontario	46.64499	-80.9973	CA	1
Barnesville	Minnesota	46.65218	-96.41979	US	1
Saint-Lazare-de-Bellechasse	Quebec	46.65306	-70.80701	CA	1
Selah	Washington	46.65402	-120.53007	US	1
Gleed	Washington	46.65818	-120.6134	US	1
Crosslake	Minnesota	46.65941	-94.11387	US	1
Chehalis	Washington	46.66205	-122.96402	US	1
Helena Valley West Central	Montana	46.66291	-112.06044	US	1
South Bend	Washington	46.66315	-123.80461	US	1
Saint-Antoine-de-Tilly	Quebec	46.66346	-71.57335	CA	1
Connell	Washington	46.66347	-118.86111	US	1
Carlton	Minnesota	46.66383	-92.42491	US	1
Hérouxville	Quebec	46.66617	-72.62512	CA	1
Cap-Santé	Quebec	46.67159	-71.78812	CA	1
Washburn	Wisconsin	46.67327	-90.89491	US	1
Saint-Michel-des-Saints	Quebec	46.67702	-73.91881	CA	1
Desert Aire	Washington	46.6793	-119.91727	US	1
Breakeyville	Quebec	46.68037	-71.22327	CA	1
Donnacona	Quebec	46.68042	-71.7239	CA	1
Richibucto	New Brunswick	46.68073	-64.88044	CA	1
Presque Isle	Maine	46.68115	-68.01586	US	1
Beaurivage	New Brunswick	46.68206	-64.96023	CA	1
Saint-Marc-des-Carrières	Quebec	46.68335	-72.0491	CA	1
Raymond	Washington	46.68649	-123.73294	US	1
Portneuf	Quebec	46.69058	-71.89011	CA	1
Saint-Henri	Quebec	46.69314	-71.06927	CA	1
Nouvelle-Arcadie	New Brunswick	46.69807	-65.36133	CA	1
Neuville	Quebec	46.69823	-71.58275	CA	1
Helena Valley Northeast	Montana	46.69882	-111.95207	US	1
Ferme-Neuve	Quebec	46.70011	-75.44929	CA	1
Ingonish	Nova Scotia	46.70014	-60.36516	CA	1
Tieton	Washington	46.70207	-120.75535	US	1
Esko	Minnesota	46.70578	-92.36325	US	1
Capreol	Ontario	46.70626	-80.92109	CA	1
Centralia	Washington	46.71621	-122.9543	US	1
Superior	Wisconsin	46.72077	-92.10408	US	1
Témiscaming	Quebec	46.72122	-79.09712	CA	1
Cloquet	Minnesota	46.72161	-92.45936	US	1
Frazee	Minnesota	46.72801	-95.70088	US	1
Helena Valley Northwest	Montana	46.72894	-112.06275	US	1
Pullman	Washington	46.73127	-117.17962	US	1
Moscow	Idaho	46.73239	-117.00017	US	1
Saint-Tite	Quebec	46.73336	-72.56581	CA	1
Rogersville	New Brunswick	46.73452	-65.42705	CA	1
Fords Prairie	Washington	46.7351	-122.98902	US	1
Perth-Andover	New Brunswick	46.73551	-67.70393	CA	1
Mattawa	Washington	46.73791	-119.90282	US	1
Saint-Augustin-de-Desmaures	Quebec	46.74064	-71.45131	CA	1
Proctor	Minnesota	46.74716	-92.22547	US	1
Saint-Ubalde	Quebec	46.75006	-72.2658	CA	1
Notre-Dame-du-Lac	Quebec	46.75012	-79.04961	CA	1
Menahga	Minnesota	46.75385	-95.09808	US	1
Pont-Rouge	Quebec	46.75468	-71.69566	CA	1
L'Anse	Michigan	46.7566	-88.45291	US	1
Saint Romuald	Quebec	46.75818	-71.23921	CA	1
Lolo	Montana	46.75881	-114.08094	US	1
Horace	North Dakota	46.75886	-96.9037	US	1
Lincoln	North Dakota	46.76249	-100.7004	US	1
Clinton	Montana	46.76909	-113.7126	US	1
Fort Fairfield	Maine	46.77227	-67.83391	US	1
Southern Victoria	New Brunswick	46.77378	-67.72136	CA	1
Baraga	Michigan	46.77854	-88.48902	US	1
Sainte-Foy	Quebec	46.78139	-71.29217	CA	1
Duluth	Minnesota	46.78327	-92.10658	US	1
Grand Mound	Washington	46.78788	-123.01125	US	1
Terry	Montana	46.79306	-105.31221	US	1
L'Ancienne-Lorette	Quebec	46.79392	-71.35191	CA	1
Lévis	Quebec	46.80326	-71.17793	CA	1
Hermantown	Minnesota	46.80689	-92.23825	US	1
Bismarck	North Dakota	46.80833	-100.78374	US	1
Québec	Quebec	46.81228	-71.21454	CA	1
Sainte-Thècle	Quebec	46.81676	-72.49911	CA	1
Alberton	Prince Edward Island	46.81685	-64.06542	CA	1
Detroit Lakes	Minnesota	46.81718	-95.84533	US	1
Les Rivières	Quebec	46.81847	-71.272	CA	1
Rochester	Washington	46.82177	-123.09625	US	1
Othello	Washington	46.82597	-119.17529	US	1
Mandan	North Dakota	46.82666	-100.88958	US	1
La Cité-Limoilou	Quebec	46.82894	-71.22641	CA	1
Quarryville	New Brunswick	46.8334	-65.78205	CA	1
Sainte Catherine de la Jacques Cartier	Quebec	46.85244	-71.62056	CA	1
Neufchâtel-Est–Lebourgneuf	Quebec	46.85436	-71.34191	CA	1
Steele	North Dakota	46.85471	-99.91594	US	1
Tenino	Washington	46.85677	-122.85291	US	1
Beauport	Quebec	46.85884	-71.19201	CA	1
Caribou	Maine	46.8606	-68.01197	US	1
Wendake	Quebec	46.86136	-71.35727	CA	1
Orchard Homes	Montana	46.86326	-114.04844	US	1
Eatonville	Washington	46.86733	-122.2665	US	1
East Missoula	Montana	46.87076	-113.94455	US	1
Ontonagon	Michigan	46.87105	-89.31403	US	1
Missoula	Montana	46.87215	-113.994	US	1
Moorhead	Minnesota	46.87386	-96.76951	US	1
West Fargo	North Dakota	46.87497	-96.90036	US	1
Glyndon	Minnesota	46.87524	-96.57896	US	1
Fossambault-sur-le-Lac	Quebec	46.87662	-71.61541	CA	1
Dilworth	Minnesota	46.87663	-96.70341	US	1
Bonner-West Riverside	Montana	46.87669	-113.88678	US	1
Fargo	North Dakota	46.87719	-96.7898	US	1
Dickinson	North Dakota	46.87918	-102.78962	US	1
Colfax	Washington	46.88017	-117.36435	US	1
Arnold	Minnesota	46.88022	-92.09047	US	1
Shannon	Quebec	46.88026	-71.51464	CA	1
Hawley	Minnesota	46.88079	-96.31673	US	1
Belfield	North Dakota	46.88529	-103.19962	US	1
Rainier	Washington	46.88815	-122.68846	US	1
Westport	Washington	46.89009	-124.10406	US	1
La Haute-Saint-Charles	Quebec	46.89028	-71.37222	CA	0
Boischatel	Quebec	46.89434	-71.1448	CA	1
Charlesbourg	Quebec	46.899	-71.305	CA	1
Casselton	North Dakota	46.90053	-97.2112	US	1
Royal City	Washington	46.90097	-119.63059	US	1
Plaster Rock	New Brunswick	46.90654	-67.38997	CA	1
Limestone	Maine	46.90866	-67.82585	US	1
Palouse	Washington	46.91017	-117.07573	US	1
Jamestown	North Dakota	46.91054	-98.70844	US	1
Medora	North Dakota	46.9139	-103.52435	US	1
St. Lawrence	Newfoundland and Labrador	46.91664	-55.39832	CA	1
Beach	North Dakota	46.91807	-104.00437	US	1
L'Ange-Gardien	Quebec	46.91976	-71.08253	CA	1
Park Rapids	Minnesota	46.92218	-95.05863	US	1
Valley City	North Dakota	46.92331	-98.00315	US	1
Oakport	Minnesota	46.93191	-96.77897	US	1
Tobique Valley	New Brunswick	46.93494	-67.39112	CA	1
Yelm	Washington	46.94204	-122.60596	US	1
Lincoln	Montana	46.95494	-112.68171	US	1
Cosmopolis	Washington	46.95537	-123.77378	US	1
Saint-Pamphile	Quebec	46.9578	-69.7806	CA	1
Château-Richer	Quebec	46.96031	-71.03219	CA	1
North Yelm	Washington	46.96315	-122.6029	US	1
Eel Ground	New Brunswick	46.96537	-65.62883	CA	1
Warden	Washington	46.96764	-119.03973	US	1
Central Park	Washington	46.97343	-123.69239	US	1
Ocean Shores	Washington	46.9737	-124.15629	US	1
Aberdeen	Washington	46.97537	-123.81572	US	1
Nelson-Miramichi	New Brunswick	46.9786	-65.54061	CA	1
Montmagny	Quebec	46.98043	-70.55493	CA	1
Hoquiam	Washington	46.98092	-123.88933	US	1
Montesano	Washington	46.98121	-123.60266	US	1
Kittitas	Washington	46.98318	-120.41701	US	1
Wibaux	Montana	46.98501	-104.18827	US	1
Ellensburg	Washington	46.99651	-120.54785	US	1
Newcastle	New Brunswick	47.00011	-65.56544	CA	1
Winnett	Montana	47.00276	-108.35207	US	1
Elma	Washington	47.00343	-123.40877	US	1
Tumwater	Washington	47.00732	-122.90931	US	1
Frenchtown	Montana	47.01492	-114.22984	US	1
Black River-Hardwicke	New Brunswick	47.02116	-65.20756	CA	1
Two Harbors	Minnesota	47.02271	-91.67073	US	1
Miramichi	New Brunswick	47.02895	-65.50186	CA	1
Lacey	Washington	47.03426	-122.82319	US	1
Beaupré	Quebec	47.04428	-70.89529	CA	1
Olympia	Washington	47.04491	-122.90169	US	1
Grand Falls	New Brunswick	47.04609	-67.74179	CA	1
Tanglewilde-Thompson Place	Washington	47.05116	-122.78081	US	1
Tanglewilde	Washington	47.0515	-122.78241	US	1
Baie Ste. Anne	New Brunswick	47.05231	-64.95355	CA	1
Graham	Washington	47.05288	-122.29428	US	1
McCleary	Washington	47.05315	-123.26543	US	1
Elk Plain	Washington	47.05316	-122.39762	US	1
Lewistown	Montana	47.06247	-109.42824	US	1
Sainte-Perpétue	Quebec	47.06416	-69.92935	CA	1
Fortune	Newfoundland and Labrador	47.06665	-55.83164	CA	1
Crocker	Washington	47.08091	-122.10383	US	1
Burin	Newfoundland and Labrador	47.0829	-55.19071	CA	1
Frederickson	Washington	47.09621	-122.35873	US	1
DuPont	Washington	47.09676	-122.63124	US	1
Atlantic Mine	Michigan	47.09715	-88.62762	US	1
Orting	Washington	47.09788	-122.20428	US	1
Grand Bank	Newfoundland and Labrador	47.09995	-55.76504	CA	1
St-André	New Brunswick	47.10103	-67.7592	CA	1
Walker	Minnesota	47.10135	-94.58722	US	1
Spanaway	Washington	47.10399	-122.43457	US	1
Glendive	Montana	47.10529	-104.71246	US	1
Joint Base Lewis McChord	Washington	47.10787	-122.57694	US	1
West Glendive	Montana	47.11085	-104.74968	US	1
Center	North Dakota	47.11638	-101.29959	US	1
Dollar Bay	Michigan	47.11965	-88.51151	US	1
North Fort Lewis	Washington	47.12131	-122.59452	US	1
Houghton	Michigan	47.12187	-88.56901	US	1
Hancock	Michigan	47.12687	-88.58096	US	1
Ritzville	Washington	47.12755	-118.37999	US	1
L'Islet-sur-Mer	Quebec	47.12868	-70.3707	CA	1
Moses Lake	Washington	47.13014	-119.27808	US	1
Laurentides	Quebec	47.13336	-72.28239	CA	1
McChord Air Force Base	Washington	47.13397	-122.49157	US	1
Cascade Valley	Washington	47.13459	-119.32808	US	1
Summit View	Washington	47.13632	-122.35202	US	1
Prairie Ridge	Washington	47.1376	-122.14873	US	1
McMillin	Washington	47.13982	-122.23651	US	1
South Hill	Washington	47.14121	-122.27012	US	1
Prairie Heights	Washington	47.14933	-122.1053	US	1
Stanford	Montana	47.15358	-110.21826	US	1
Parkland	Washington	47.15538	-122.43401	US	1
Van Buren	Maine	47.15727	-67.9353	US	1
Summit	Washington	47.16177	-122.35707	US	1
Buckley	Washington	47.16316	-122.02678	US	1
Saint-Léonard	New Brunswick	47.16317	-67.9246	CA	1
Marystown	Newfoundland and Labrador	47.16663	-55.14829	CA	1
Midland	Washington	47.16704	-122.40484	US	1
Alderton	Washington	47.16955	-122.22928	US	1
Steilacoom	Washington	47.16982	-122.60263	US	1
Lakewood	Washington	47.17176	-122.51846	US	1
Bonney Lake	Washington	47.17705	-122.18651	US	1
Seeley Lake	Montana	47.17938	-113.48452	US	1
Puyallup	Washington	47.18538	-122.2929	US	1
Superior	Montana	47.19159	-114.8918	US	1
Moses Lake North	Washington	47.19433	-119.31719	US	1
Cle Elum	Washington	47.1954	-120.93925	US	1
Burnt Church	New Brunswick	47.19887	-65.13958	CA	1
Waller	Washington	47.20066	-122.36929	US	1
Sumner	Washington	47.20316	-122.2404	US	1
Enumclaw	Washington	47.20427	-121.9915	US	1
North Puyallup	Washington	47.20677	-122.28234	US	1
Longbranch	Washington	47.20898	-122.7568	US	1
St-Jean-Port-Joli	Quebec	47.21418	-70.26969	CA	1
Shelton	Washington	47.21509	-123.10071	US	1
Vallée-des-Rivières	New Brunswick	47.21512	-67.96074	CA	1
Alnwick	New Brunswick	47.21568	-65.18062	CA	1
Manawan	Quebec	47.22029	-74.38606	CA	1
Manning	North Dakota	47.23001	-102.77019	US	1
Placentia	Newfoundland and Labrador	47.2332	-53.96483	CA	1
Quincy	Washington	47.2343	-119.85255	US	1
University Place	Washington	47.23565	-122.5504	US	1
Grand Rapids	Minnesota	47.23717	-93.53021	US	1
Laurium	Michigan	47.23743	-88.44317	US	1
Fife	Washington	47.23927	-122.35707	US	1
Fircrest	Washington	47.23954	-122.51596	US	1
Milton	Washington	47.24816	-122.3129	US	1
Neguac	New Brunswick	47.24894	-65.07408	CA	1
Edgewood	Washington	47.2501	-122.29373	US	1
Fox Island	Washington	47.25149	-122.62902	US	1
Tacoma	Washington	47.25288	-122.44429	US	1
Fort Kent	Maine	47.25865	-68.58949	US	1
Fife Heights	Washington	47.25899	-122.34568	US	1
Haut-Madawaska	New Brunswick	47.26057	-68.63689	CA	1
Beulah	North Dakota	47.26334	-101.77795	US	1
Cohasset	Minnesota	47.26356	-93.62022	US	1
Pacific	Washington	47.26455	-122.25012	US	1
Wollochet	Washington	47.26871	-122.58402	US	1
Home	Washington	47.27482	-122.76375	US	1
Lakeland South	Washington	47.27843	-122.28326	US	1
Algona	Washington	47.27899	-122.25206	US	1
Frenchville	Maine	47.28087	-68.37976	US	1
Witless Bay	Newfoundland and Labrador	47.28319	-52.83135	CA	1
Coleraine	Minnesota	47.28883	-93.42771	US	1
Washburn	North Dakota	47.28916	-101.02903	US	1
Silver Bay	Minnesota	47.29436	-91.25739	US	1
Hazen	North Dakota	47.29445	-101.62266	US	1
Artondale	Washington	47.29954	-122.62069	US	1
Ada	Minnesota	47.29969	-96.51535	US	1
Browns Point	Washington	47.30038	-122.44124	US	1
Auburn	Washington	47.30732	-122.22845	US	1
Black Diamond	Washington	47.30871	-122.00317	US	1
Saint Maries	Idaho	47.31435	-116.56267	US	1
Mahnomen	Minnesota	47.31524	-95.96865	US	1
Bay Bulls	Newfoundland and Labrador	47.31659	-52.81475	CA	1
Ephrata	Washington	47.31764	-119.55365	US	1
Jordan	Montana	47.32083	-106.91007	US	1
Stanton	North Dakota	47.32111	-101.38155	US	1
Federal Way	Washington	47.32232	-122.31262	US	1
Lea Hill	Washington	47.32621	-122.18151	US	1
Gig Harbor	Washington	47.32926	-122.58013	US	1
Rosedale	Washington	47.33149	-122.65235	US	1
Lake Morton-Berrydale	Washington	47.33251	-122.10286	US	1
Lakeland North	Washington	47.33343	-122.27695	US	1
Ville-Marie	Quebec	47.33345	-79.43297	CA	1
Plummer	Idaho	47.33518	-116.88851	US	1
Key Center	Washington	47.34065	-122.74541	US	1
Ravensdale	Washington	47.35232	-121.98373	US	1
Madawaska	Maine	47.35532	-68.32171	US	1
Covington	Washington	47.35818	-122.12216	US	1
La Pocatière	Quebec	47.36733	-70.03484	CA	1
Killdeer	North Dakota	47.37196	-102.75408	US	1
Edmundston	New Brunswick	47.3737	-68.32512	CA	1
Canterwood	Washington	47.3751	-122.5893	US	1
Wauna	Washington	47.37899	-122.64263	US	1
Kent	Washington	47.38093	-122.23484	US	1
Cap-aux-Meules	Quebec	47.38208	-61.85968	CA	1
Holyrood	Newfoundland and Labrador	47.38319	-53.13137	CA	1
Allyn	Washington	47.38565	-122.82764	US	1
Purdy	Washington	47.38899	-122.62541	US	1
Soap Lake	Washington	47.38931	-119.49059	US	1
South Wenatchee	Washington	47.39012	-120.28958	US	1
Maple Valley	Washington	47.39272	-122.04641	US	1
Keewatin	Minnesota	47.39966	-93.07242	US	1
Maplewood	Washington	47.40176	-122.55707	US	1
Des Moines	Washington	47.40177	-122.32429	US	1
Hillsboro	North Dakota	47.40387	-97.06203	US	1
Saint-Pacôme	Quebec	47.40457	-69.95025	CA	1
East Hill-Meridian	Washington	47.41052	-122.17369	US	1
Eagle River	Michigan	47.41381	-88.29566	US	1
East Wenatchee	Washington	47.41568	-120.29313	US	1
Harbour Main-Chapel's Cove-Lakeview	Newfoundland and Labrador	47.41659	-53.16478	CA	1
Whitbourne	Newfoundland and Labrador	47.4166	-53.5314	CA	1
Circle	Montana	47.41667	-105.59222	US	1
Burley	Washington	47.41787	-122.63097	US	1
Hobart	Washington	47.42177	-121.97289	US	1
Wenatchee	Washington	47.42346	-120.31035	US	1
East Wenatchee Bench	Washington	47.42568	-120.28118	US	1
Hibbing	Minnesota	47.42715	-92.93769	US	1
La Tuque	Quebec	47.43337	-72.7824	CA	1
Saint-Isidore	Quebec	47.43345	-79.29965	CA	1
Riviere-Bleue	Quebec	47.43407	-69.04283	CA	1
Normandy Park	Washington	47.43621	-122.34068	US	1
Mont-Carmel	Quebec	47.44084	-69.85657	CA	1
Baie-Saint-Paul	Quebec	47.44109	-70.49858	CA	1
West Wenatchee	Washington	47.44374	-120.35341	US	1
Maple Heights-Lake Desire	Washington	47.44413	-122.09736	US	1
Cooperstown	North Dakota	47.44444	-98.12398	US	1
Wilderness Rim	Washington	47.44697	-121.76857	US	1
Vashon	Washington	47.44732	-122.45985	US	1
Fairwood	Washington	47.44843	-122.15734	US	1
SeaTac	Washington	47.44846	-122.29217	US	1
Haileybury	Ontario	47.44904	-79.63732	CA	1
Carrington	North Dakota	47.44972	-99.12622	US	1
Belfair	Washington	47.45065	-122.82737	US	1
Goulds	Newfoundland and Labrador	47.45532	-52.77552	CA	1
Plains	Montana	47.46021	-114.88291	US	1
Mirrormont	Washington	47.46232	-121.99567	US	1
Eveleth	Minnesota	47.46243	-92.53991	US	1
Pohénégamook	Quebec	47.46315	-69.22666	CA	1
Riverbend	Washington	47.46649	-121.75039	US	1
Saint-Bruno-de-Guigues	Quebec	47.46685	-79.43296	CA	1
Burien	Washington	47.47038	-122.34679	US	1
Sunnyslope	Washington	47.4729	-120.33674	US	1
Bemidji	Minnesota	47.47356	-94.88028	US	1
Tukwila	Washington	47.47399	-122.26096	US	1
Wallace	Idaho	47.47409	-115.92794	US	1
Tanner	Washington	47.47538	-121.74622	US	1
Renton	Washington	47.48288	-122.21707	US	1
Harbour Breton	Newfoundland and Labrador	47.48325	-55.79833	CA	1
Riverton	Washington	47.48427	-122.29457	US	1
East Renton Highlands	Washington	47.48482	-122.11234	US	1
McClusky	North Dakota	47.48583	-100.44318	US	1
Cheney	Washington	47.48739	-117.57576	US	1
Gilbert	Minnesota	47.48882	-92.46491	US	1
Chisholm	Minnesota	47.4891	-92.8838	US	1
Southlands	Newfoundland and Labrador	47.49313	-52.8238	CA	1
Temiskaming Shores	Ontario	47.49376	-79.71529	CA	1
Bethel	Washington	47.49398	-122.63125	US	1
Bryn Mawr-Skyway	Washington	47.4943	-122.24092	US	1
North Bend	Washington	47.49566	-121.78678	US	1
Mayville	North Dakota	47.49804	-97.32454	US	1
Conception Bay South	Newfoundland and Labrador	47.49989	-52.99806	CA	1
Great Falls	Montana	47.50024	-111.30081	US	1
Pearlgate	Newfoundland and Labrador	47.5019	-52.80324	CA	1
Malmstrom Air Force Base	Montana	47.50549	-111.18302	US	1
Osburn	Idaho	47.50604	-115.99933	US	1
Kilbride	Newfoundland and Labrador	47.50649	-52.75596	CA	1
Southworth	Washington	47.51204	-122.5018	US	1
Boulevard Park	Washington	47.513	-122.317	US	1
Saint-Quentin	New Brunswick	47.51326	-67.39288	CA	1
Finley	North Dakota	47.51416	-97.83593	US	1
Glendale	Newfoundland and Labrador	47.51438	-52.81712	CA	1
Tracadie-Sheila	New Brunswick	47.51444	-64.91806	CA	1
Mount Pearl	Newfoundland and Labrador	47.51659	-52.78135	CA	1
White Center	Washington	47.51732	-122.35485	US	1
Saint-Pascal	Quebec	47.51813	-69.80301	CA	1
Sesame Park	Newfoundland and Labrador	47.51872	-52.76236	CA	1
Hoyt Lakes	Minnesota	47.51965	-92.13851	US	1
Bagley	Minnesota	47.52162	-95.39835	US	1
Donovans	Newfoundland and Labrador	47.52184	-52.83635	CA	1
Cashmere	Washington	47.52235	-120.4698	US	1
Virginia	Minnesota	47.52326	-92.53657	US	1
East Port Orchard	Washington	47.52343	-122.6243	US	1
Snoqualmie	Washington	47.52871	-121.82539	US	1
Ronan	Montana	47.52882	-114.1015	US	1
Paradise	Newfoundland and Labrador	47.52909	-52.88136	CA	1
Aurora	Minnesota	47.52993	-92.23712	US	1
Issaquah	Washington	47.5301	-122.03262	US	1
Karwood Estates	Newfoundland and Labrador	47.53097	-52.85462	CA	1
Waterford Valley	Newfoundland and Labrador	47.53101	-52.74537	CA	1
Parkville	Minnesota	47.53104	-92.57907	US	1
Cowan Heights	Newfoundland and Labrador	47.53124	-52.77161	CA	1
Mountain Iron	Minnesota	47.53243	-92.62351	US	1
Parkwood	Washington	47.53315	-122.61014	US	1
Sun Prairie	Montana	47.5369	-111.48136	US	1
Kellogg	Idaho	47.53826	-116.11933	US	1
Evergreen Village	Newfoundland and Labrador	47.53877	-52.83393	CA	1
Pinehurst	Idaho	47.53881	-116.23739	US	1
Newcastle	Washington	47.53899	-122.15568	US	1
Fairview Acres	Newfoundland and Labrador	47.53959	-52.74356	CA	1
Port Orchard	Washington	47.54037	-122.63625	US	1
Clarke's Beach	Newfoundland and Labrador	47.54246	-53.28395	CA	1
Mundy Pond	Newfoundland and Labrador	47.5491	-52.74648	CA	1
Shea Heights	Newfoundland and Labrador	47.54989	-52.71474	CA	1
Kenmount Terrace	Newfoundland and Labrador	47.55015	-52.79075	CA	1
Navy Yard City	Washington	47.55343	-122.66458	US	1
Manchester	Washington	47.55566	-122.54507	US	1
Downtown St. John's	Newfoundland and Labrador	47.56075	-52.711	CA	1
Wishingwell Park	Newfoundland and Labrador	47.56129	-52.73414	CA	1
Columbia City	Washington	47.56399	-122.2754	US	1
St. John's	Newfoundland and Labrador	47.56494	-52.70931	CA	1
Bremerton	Washington	47.56732	-122.63264	US	1
Fall City	Washington	47.56732	-121.88873	US	1
Rabbittown	Newfoundland and Labrador	47.56799	-52.72304	CA	1
Georgestown	Newfoundland and Labrador	47.569	-52.71864	CA	1
Mercer Island	Washington	47.57065	-122.22207	US	1
Klahanie	Washington	47.57097	-122.00839	US	1
Newport	Washington	47.57121	-122.18068	US	1
Fort William	Newfoundland and Labrador	47.57133	-52.70177	CA	1
Bannerman	Newfoundland and Labrador	47.57134	-52.70848	CA	1
Signal Hill	Newfoundland and Labrador	47.5716	-52.68661	CA	1
Eastgate	Washington	47.57266	-122.14578	US	1
Channel-Port aux Basques	Newfoundland and Labrador	47.57286	-59.13808	CA	1
Medical Lake	Washington	47.57294	-117.68216	US	1
Fosston	Minnesota	47.57635	-95.75141	US	1
Churchill Park	Newfoundland and Labrador	47.577	-52.721	CA	1
West Lake Sammamish	Washington	47.5776	-122.10123	US	1
Glenridge Crescent	Newfoundland and Labrador	47.57847	-52.7105	CA	1
Quidi Vidi	Newfoundland and Labrador	47.58039	-52.6825	CA	1
Enetai	Washington	47.58482	-122.59875	US	1
Bally Haly	Newfoundland and Labrador	47.58741	-52.70236	CA	1
Pleasantville	Newfoundland and Labrador	47.58799	-52.68295	CA	1
Mount Cashel	Newfoundland and Labrador	47.58882	-52.70962	CA	1
Rocky Point	Washington	47.59287	-122.66848	US	1
Bell's Turn	Newfoundland and Labrador	47.59307	-52.72956	CA	1
Thompson Falls	Montana	47.59489	-115.33834	US	1
Little Canada	Newfoundland and Labrador	47.59552	-52.71685	CA	1
Leavenworth	Washington	47.59623	-120.66148	US	1
Erlands Point-Kitsap Lake	Washington	47.59719	-122.70225	US	1
Virginia Park	Newfoundland and Labrador	47.59846	-52.6917	CA	1
Bay Roberts	Newfoundland and Labrador	47.59989	-53.26478	CA	1
East Meadows	Newfoundland and Labrador	47.59989	-52.69804	CA	1
Airport Heights	Newfoundland and Labrador	47.59989	-52.74805	CA	1
Pablo	Montana	47.60021	-114.119	US	1
Spruce Meadows	Newfoundland and Labrador	47.60266	-52.72408	CA	1
Wilburton	Washington	47.60315	-122.18096	US	0
City of Sammamish	Washington	47.60444	-122.03768	US	1
Seattle	Washington	47.60621	-122.33207	US	1
Tracyton	Washington	47.60898	-122.65514	US	1
Bellevue	Washington	47.61038	-122.20068	US	1
Chico	Washington	47.61148	-122.71042	US	1
King William Estates	Newfoundland and Labrador	47.6116	-52.69615	CA	1
Clovelly Trails	Newfoundland and Labrador	47.61604	-52.7103	CA	1
Spaniard's Bay	Newfoundland and Labrador	47.61659	-53.28138	CA	1
Burgeo	Newfoundland and Labrador	47.61668	-57.61516	CA	1
Bathurst	New Brunswick	47.61814	-65.65112	CA	1
Fairchild Air Force Base	Washington	47.61879	-117.64826	US	1
Medina	Washington	47.62093	-122.22762	US	1
Bainbridge Island	Washington	47.62621	-122.52124	US	1
Hautes-Terres	New Brunswick	47.62877	-65.09284	CA	1
Clyde Hill	Washington	47.63177	-122.2179	US	1
Ames Lake	Washington	47.63288	-121.96623	US	1
Logy Bay-Middle Cove-Outer Cove	Newfoundland and Labrador	47.63319	-52.68134	CA	1
Wabana	Newfoundland and Labrador	47.63319	-52.94806	CA	1
Seabeck	Washington	47.63954	-122.82849	US	1
Sammamish	Washington	47.64177	-122.0804	US	1
Silverdale	Washington	47.64454	-122.69487	US	1
Kedgwick	New Brunswick	47.64457	-67.34344	CA	1
Airway Heights	Washington	47.64461	-117.59327	US	1
Yarrow Point	Washington	47.64621	-122.21735	US	1
Waterville	Washington	47.64708	-120.07118	US	1
Carnation	Washington	47.64788	-121.91401	US	1
Fessenden	North Dakota	47.64917	-99.62929	US	1
Upper Island Cove	Newfoundland and Labrador	47.64989	-53.21478	CA	1
Opportunity	Washington	47.64995	-117.23991	US	0
Veradale	Washington	47.64995	-117.20738	US	0
Garrison	North Dakota	47.65222	-101.41572	US	1
La Malbaie	Quebec	47.654	-70.15268	CA	1
Davenport	Washington	47.65405	-118.14997	US	1
Spokane	Washington	47.65966	-117.42908	US	1
Dishman	Washington	47.66007	-117.27596	US	0
Saint-Louis-du-Ha Ha	Quebec	47.66602	-68.97638	CA	1
Torbay	Newfoundland and Labrador	47.66659	-52.73135	CA	1
Spokane Valley	Washington	47.67323	-117.23937	US	1
Redmond	Washington	47.67399	-122.12151	US	1
Liberty Lake	Washington	47.67591	-117.11821	US	1
Entiat	Washington	47.67596	-120.20841	US	1
Coeur d'Alene	Idaho	47.67768	-116.78047	US	1
Union Hill-Novelty Hill	Washington	47.67887	-122.02833	US	1
New Rockford	North Dakota	47.68	-99.1379	US	1
Cabano	Quebec	47.68065	-68.8781	CA	1
Millwood	Washington	47.68128	-117.28271	US	1
Kirkland	Washington	47.68149	-122.20874	US	1
Harbour Grace	Newfoundland and Labrador	47.68647	-53.23257	CA	1
Beresford	New Brunswick	47.69128	-65.69893	CA	1
Lake Marcel-Stillwater	Washington	47.69263	-121.91513	US	1
Polson	Montana	47.69355	-114.16317	US	1
Greenwood	Washington	47.69428	-122.35491	US	1
Trentwood	Washington	47.69656	-117.21076	US	0
Flatrock	Newfoundland and Labrador	47.69989	-52.71475	CA	1
Babbitt	Minnesota	47.70853	-91.9446	US	1
Otis Orchards-East Farms	Washington	47.70988	-117.07975	US	1
Sidney	Montana	47.71668	-104.15633	US	1
Post Falls	Idaho	47.71796	-116.95159	US	1
Inglewood-Finn Hill	Washington	47.72049	-122.23167	US	1
Bangor Trident Base	Washington	47.72274	-122.71446	US	1
Rivière-du-Nord	New Brunswick	47.72309	-65.1839	CA	1
Kingsgate	Washington	47.72704	-122.17957	US	1
Town and Country	Washington	47.72739	-117.42161	US	1
Dalton Gardens	Idaho	47.72963	-116.77019	US	1
Suquamish	Washington	47.73121	-122.55236	US	1
Poulsbo	Washington	47.73593	-122.64654	US	1
Carbonear	Newfoundland and Labrador	47.73919	-53.2272	CA	1
Duvall	Washington	47.74232	-121.98568	US	1
Shippagan	New Brunswick	47.74424	-64.70804	CA	1
Cottage Lake	Washington	47.74427	-122.07735	US	1
Indianola	Washington	47.74704	-122.52569	US	1
Country Homes	Washington	47.7485	-117.40439	US	1
Grand Marais	Minnesota	47.75045	-90.33427	US	1
Woodinville	Washington	47.75427	-122.16346	US	1
Shoreline	Washington	47.75565	-122.34152	US	1
Bertrand	New Brunswick	47.75675	-65.0655	CA	1
Lake Forest Park	Washington	47.75676	-122.28096	US	1
Kenmore	Washington	47.75732	-122.24401	US	1
Saint-Antonin	Quebec	47.7607	-69.47745	CA	1
Bothell	Washington	47.76232	-122.2054	US	1
Belle-Baie	New Brunswick	47.76532	-65.74496	CA	1
Hayden	Idaho	47.76602	-116.78658	US	1
Pouch Cove	Newfoundland and Labrador	47.76659	-52.76474	CA	1
Victoria	Newfoundland and Labrador	47.76659	-53.23138	CA	1
Mead	Washington	47.76739	-117.35494	US	1
Harvey	North Dakota	47.76972	-99.9354	US	1
Thompson	North Dakota	47.77359	-97.1098	US	1
Crookston	Minnesota	47.77414	-96.60812	US	1
Petit-Rocher	New Brunswick	47.78271	-65.71747	CA	1
Brier	Washington	47.78454	-122.27429	US	1
Mountlake Terrace	Washington	47.78815	-122.30874	US	1
Esperance	Washington	47.78899	-122.35541	US	1
Lamèque	New Brunswick	47.79361	-64.6475	CA	1
Caraquet	New Brunswick	47.79413	-64.9386	CA	1
Woodway	Washington	47.79621	-122.38291	US	1
Kingston	Washington	47.7985	-122.49806	US	1
Bas-Caraquet	New Brunswick	47.80059	-64.83195	CA	1
Watford City	North Dakota	47.80224	-103.28325	US	1
Maltby	Washington	47.8051	-122.11318	US	1
Bothell West	Washington	47.80527	-122.24064	US	1
Bothell East	Washington	47.80631	-122.18427	US	1
Alderwood Manor	Washington	47.808	-122.261	US	1
Edmonds	Washington	47.81065	-122.37736	US	1
Lofall	Washington	47.81192	-122.65841	US	1
Rathdrum	Idaho	47.8124	-116.89659	US	1
Choteau	Montana	47.81245	-112.18363	US	1
Fort Benton	Montana	47.8183	-110.66744	US	1
North Creek	Washington	47.81954	-122.17624	US	1
Lynnwood	Washington	47.82093	-122.31513	US	1
Englehart	Ontario	47.82397	-79.87386	CA	1
Rivière-du-Loup	Quebec	47.82699	-69.54243	CA	1
Clearview	Washington	47.83371	-122.12596	US	1
Mill Creek East	Washington	47.83602	-122.18766	US	1
Chapleau	Ontario	47.84053	-83.4034	CA	1
Chelan	Washington	47.84097	-120.01646	US	1
Larch Way	Washington	47.8429	-122.25275	US	1
Saint-Siméon	Quebec	47.84431	-69.87837	CA	1
Île-de-Lamèque	New Brunswick	47.84661	-64.59607	CA	1
Cathcart	Washington	47.84788	-122.09929	US	1
Martha Lake	Washington	47.85093	-122.2393	US	1
Monroe	Washington	47.85538	-121.97096	US	1
Gold Bar	Washington	47.85677	-121.69706	US	1
Meadowdale	Washington	47.858	-122.313	US	1
Mill Creek	Washington	47.8601	-122.2043	US	1
Sultan	Washington	47.8626	-121.81651	US	1
Picnic Point-North Lynnwood	Washington	47.86278	-122.29497	US	1
Silver Firs	Washington	47.86602	-122.1551	US	1
St. Alban's	Newfoundland and Labrador	47.86665	-55.84832	CA	1
Little Rock	Minnesota	47.86801	-95.11055	US	1
Red Lake	Minnesota	47.87635	-95.01694	US	1
Lake Stickney	Washington	47.87655	-122.26214	US	1
Redby	Minnesota	47.87857	-94.91305	US	1
Woods Creek	Washington	47.87871	-121.89846	US	1
Picnic Point	Washington	47.88111	-122.3284	US	1
Red Lake Falls	Minnesota	47.88219	-96.27421	US	1
Monroe North	Washington	47.88225	-121.98729	US	1
Manson	Washington	47.88486	-120.15841	US	1
Belledune	New Brunswick	47.88581	-65.8113	CA	1
Granite Falls	Washington	47.89013	-120.21369	US	1
Eastmont	Washington	47.8974	-122.18154	US	1
Weymontachie	Quebec	47.8994	-73.7772	CA	1
Ely	Minnesota	47.90324	-91.86709	US	1
Larimore	North Dakota	47.90666	-97.62675	US	1
Snohomish	Washington	47.91288	-122.09818	US	1
Cacouna	Quebec	47.91657	-69.50054	CA	1
Hansville	Washington	47.9187	-122.55431	US	1
Grand Forks	North Dakota	47.92526	-97.03285	US	1
Port Ludlow	Washington	47.92537	-122.68349	US	1
East Grand Forks	Minnesota	47.92998	-97.02452	US	1
Electric City	Washington	47.93237	-119.03808	US	1
Grand Coulee	Washington	47.94154	-119.00335	US	1
Mukilteo	Washington	47.94454	-122.30458	US	1
Three Lakes	Washington	47.94482	-122.01152	US	1
Fobes Hill	Washington	47.94899	-122.11985	US	1
Forks	Washington	47.95036	-124.38549	US	1
Parshall	North Dakota	47.95335	-102.13489	US	1
Deer Park	Washington	47.95434	-117.47689	US	1
Grand Forks Air Force Base	North Dakota	47.95493	-97.38664	US	1
Bunk Foss	Washington	47.96171	-122.09441	US	1
Coulee Dam	Washington	47.96543	-118.97613	US	1
Spirit Lake	Idaho	47.96629	-116.86853	US	1
Balmoral	New Brunswick	47.97262	-66.4455	CA	1
Everett	Washington	47.97898	-122.20208	US	1
Fort Totten	North Dakota	47.98	-98.9929	US	1
New Town	North Dakota	47.98085	-102.49018	US	1
Machias	Washington	47.98149	-122.04596	US	1
Wawa	Ontario	47.98877	-84.77411	CA	1
Atholville	New Brunswick	47.9894	-66.7125	CA	1
Lac-des-Aigles	Quebec	47.99038	-68.67777	CA	1
Bois-Joli	New Brunswick	47.99101	-66.5116	CA	1
West Lake Stevens	Washington	47.99343	-122.1018	US	1
Charlo	New Brunswick	48.00072	-66.32875	CA	1
Campbellton	New Brunswick	48.00751	-66.67272	CA	1
Bridgeport	Washington	48.0082	-119.67116	US	1
Freeland	Washington	48.00954	-122.52598	US	1
New Carlisle	Quebec	48.00956	-65.33621	CA	1
Lake Stevens	Washington	48.0151	-122.06374	US	1
Eel River Crossing	New Brunswick	48.0159	-66.422	CA	1
Pointe-à-la-Croix	Quebec	48.01634	-66.68186	CA	1
Lakeside	Montana	48.01939	-114.22457	US	1
Heron Bay	New Brunswick	48.02185	-66.39597	CA	1
Port Hadlock-Irondale	Washington	48.03273	-122.78529	US	1
Tulalip Bay	Washington	48.03732	-122.31014	US	1
Langley	Washington	48.04009	-122.40626	US	1
Lakota	North Dakota	48.04278	-98.33621	US	1
Bonaventure	Quebec	48.04573	-65.49259	CA	1
Lochsloy	Washington	48.05149	-122.03208	US	1
Marysville	Washington	48.05176	-122.17708	US	1
Velva	North Dakota	48.05612	-100.92932	US	1
Bigfork	Montana	48.06329	-114.07261	US	1
Dalhousie	New Brunswick	48.06442	-66.37495	CA	1
Tulalip	Washington	48.06843	-122.29181	US	1
Minnewaukan	North Dakota	48.07139	-99.25236	US	1
Sequim	Washington	48.07963	-123.10234	US	1
Somers	Montana	48.08023	-114.22151	US	1
Wolf Point	Montana	48.09057	-105.64056	US	1
Brewster	Washington	48.09598	-119.78062	US	1
Val-d'Or	Quebec	48.0974	-77.79737	CA	1
Carleton	Quebec	48.10252	-66.11962	CA	1
Port Angeles East	Washington	48.10667	-123.37172	US	1
Carleton-sur-Mer	Quebec	48.10749	-66.128	CA	1
Devils Lake	North Dakota	48.11278	-98.86512	US	1
Sisco Heights	Washington	48.11538	-122.09708	US	1
Trois Pistoles	Quebec	48.11667	-69.16667	CA	1
Port Townsend	Washington	48.11742	-122.76071	US	1
Port Angeles	Washington	48.11815	-123.43074	US	1
Thief River Falls	Minnesota	48.11914	-96.18115	US	1
Malartic	Quebec	48.13633	-78.12533	CA	1
Kirkland Lake	Ontario	48.14461	-80.03767	CA	1
Williston	North Dakota	48.14697	-103.61797	US	1
Smokey Point	Washington	48.15232	-122.18264	US	1
New-Richmond	Quebec	48.16059	-65.85823	CA	1
Clarenville	Newfoundland and Labrador	48.1666	-53.96482	CA	1
Neebing	Ontario	48.1668	-89.41683	CA	1
Conrad	Montana	48.17025	-111.94613	US	1
Warm Beach	Washington	48.17065	-122.3646	US	1
Camano	Washington	48.17399	-122.52821	US	1
Maria	Quebec	48.1749	-65.98595	CA	1
Clarenville-Shoal Harbour	Newfoundland and Labrador	48.1805	-53.96982	CA	1
Priest River	Idaho	48.18097	-116.91157	US	1
Kalispell	Montana	48.19579	-114.31291	US	1
Warren	Minnesota	48.19664	-96.77284	US	1
Glasgow	Montana	48.19696	-106.63671	US	1
Arlington	Washington	48.19871	-122.12514	US	1
Arlington Heights	Washington	48.20205	-122.06208	US	1
Coupeville	Washington	48.21982	-122.68628	US	1
Evergreen	Montana	48.22579	-114.27624	US	1
Bay St. George South	Newfoundland and Labrador	48.22781	-58.84162	CA	1
Sacré-Coeur	Quebec	48.2297	-69.80061	CA	1
Minot	North Dakota	48.23251	-101.29627	US	1
Surrey	North Dakota	48.2364	-101.13349	US	1
Rouyn-Noranda	Quebec	48.23656	-79.02311	CA	1
Bryant	Washington	48.23899	-122.15792	US	1
Stanwood	Washington	48.24121	-122.37071	US	1
Darrington	Washington	48.25539	-121.60151	US	1
Leblanc	Quebec	48.26683	-74.34914	CA	1
Burlington	North Dakota	48.27529	-101.42878	US	1
Chewelah	Washington	48.27629	-117.71552	US	1
Sandpoint	Idaho	48.27659	-116.55325	US	1
Oak Harbor	Washington	48.29316	-122.64322	US	1
Ponderay	Idaho	48.30548	-116.5338	US	1
Stanley	North Dakota	48.31724	-102.39045	US	1
Ault Field	Washington	48.33812	-122.67441	US	1
Towner	North Dakota	48.34583	-100.40541	US	1
Chandler	Quebec	48.34935	-64.67926	CA	1
Les Escoumins	Quebec	48.35191	-69.40724	CA	1
Malta	Montana	48.35972	-107.87428	US	1
Okanogan	Washington	48.36126	-119.58339	US	1
Causapscal	Quebec	48.36401	-67.23255	CA	1
Westfort	Ontario	48.36509	-89.28902	CA	1
East Sooke	British Columbia	48.36639	-123.68361	CA	1
Métabetchouan	Quebec	48.36679	-72.01583	CA	1
Rugby	North Dakota	48.36889	-99.99625	US	1
Columbia Falls	Montana	48.37246	-114.18152	US	1
Sooke	British Columbia	48.37463	-123.72762	CA	1
Vickers Park	Ontario	48.37501	-89.26126	CA	1
Le Bic	Quebec	48.37549	-68.69415	CA	1
Thunder Bay	Ontario	48.38202	-89.25018	CA	1
Metchosin	British Columbia	48.38293	-123.53591	CA	1
Parkdale	Ontario	48.3859	-89.30696	CA	1
Libby	Montana	48.38829	-115.556	US	1
Northwood	Ontario	48.3891	-89.27522	CA	1
Senneterre	Quebec	48.39302	-77.23951	CA	1
College Park	Ontario	48.39442	-89.29047	CA	1
East End	Ontario	48.3956	-89.22692	CA	1
Tioga	North Dakota	48.39724	-102.93824	US	1
Park River	North Dakota	48.3986	-97.7412	US	1
Big Lake	Washington	48.40288	-122.24127	US	1
Intercity	Ontario	48.40893	-89.25479	CA	1
Metabetchouan-Lac-a-la-Croix	Quebec	48.41	-71.78	CA	1
Omak	Washington	48.41099	-119.52755	US	1
Whitefish	Montana	48.41108	-114.33763	US	1
Grafton	North Dakota	48.41221	-97.41063	US	1
Gonzales	British Columbia	48.41646	-123.32989	CA	1
Jonquière	Quebec	48.41648	-71.24884	CA	0
Fairfield	British Columbia	48.41667	-123.35	CA	1
James Bay	British Columbia	48.41667	-123.38333	CA	1
Saguenay	Quebec	48.41675	-71.06573	CA	1
Desbiens	Quebec	48.41792	-71.9477	CA	1
Chicoutimi	Quebec	48.41963	-71.06369	CA	1
Minot Air Force Base	North Dakota	48.42087	-101.33914	US	1
Lac-au-Saumon	Quebec	48.421	-67.34756	CA	1
Mount Vernon	Washington	48.42122	-122.33405	US	1
Academy Heights	Ontario	48.4221	-89.24445	CA	1
Rockland	British Columbia	48.42222	-123.33612	CA	1
Victoria-Downtown	British Columbia	48.4277	-123.36104	CA	1
St. George's	Newfoundland and Labrador	48.42852	-58.48151	CA	1
Fernwood	British Columbia	48.42979	-123.34424	CA	1
Jubilee	British Columbia	48.43034	-123.32833	CA	1
Victoria West	British Columbia	48.43188	-123.38214	CA	1
Colwood	British Columbia	48.43293	-123.48591	CA	1
Chambord	Quebec	48.43339	-72.06583	CA	1
Barraute	Quebec	48.43349	-77.63279	CA	1
North Park	British Columbia	48.43428	-123.35359	CA	1
Esquimalt	British Columbia	48.43569	-123.41174	CA	1
Victoria	British Columbia	48.4359	-123.35155	CA	1
West End	Ontario	48.43653	-89.24808	CA	1
College Heights	Ontario	48.44072	-89.23475	CA	1
Burnside-Gorge	British Columbia	48.44339	-123.37605	CA	1
Oaklands	British Columbia	48.4439	-123.34065	CA	1
Hillside-Quadra	British Columbia	48.44473	-123.35598	CA	1
Rimouski	Quebec	48.44879	-68.52396	CA	1
Langford	British Columbia	48.44963	-123.50261	CA	1
Oak Bay	British Columbia	48.44964	-123.3026	CA	1
Tillicum	British Columbia	48.45	-123.4	CA	1
Shelbourne	British Columbia	48.45299	-123.32903	CA	1
Saanich Core	British Columbia	48.45481	-123.37451	CA	1
Six Mile	British Columbia	48.45767	-123.46088	CA	1
View Royal	British Columbia	48.45793	-123.45261	CA	1
County Park	Ontario	48.45835	-89.24668	CA	1
Shuniah	Ontario	48.46318	-89.20744	CA	1
Amqui	Quebec	48.46382	-67.43134	CA	1
Clear Lake	Washington	48.46427	-122.23404	US	1
Cadboro Bay	British Columbia	48.46667	-123.3	CA	1
Saint-Bruno	Quebec	48.46679	-71.6491	CA	1
Timmins	Ontario	48.46686	-81.33312	CA	1
Current River	Ontario	48.46948	-89.18734	CA	1
Carey	British Columbia	48.47205	-123.39483	CA	1
Burlington	Washington	48.47566	-122.32544	US	1
Fort Belknap Agency	Montana	48.4825	-108.76544	US	1
Gordon Head	British Columbia	48.48333	-123.31667	CA	1
Royal Oak	British Columbia	48.48333	-123.38333	CA	1
Cando	North Dakota	48.48667	-99.20986	US	1
Perce	Quebec	48.48794	-64.29852	CA	1
Rural Saanich	British Columbia	48.49734	-123.42876	CA	1
Pointe-du-Lac	Quebec	48.50009	-71.78241	CA	1
Saint-Gédéon	Quebec	48.50009	-71.76581	CA	1
Stephenville Crossing	Newfoundland and Labrador	48.50366	-58.43749	CA	1
Sedro-Woolley	Washington	48.50389	-122.23611	US	1
Shelby	Montana	48.50526	-111.85697	US	1
Chester	Montana	48.51054	-110.96747	US	1
Anacortes	Washington	48.5126	-122.61267	US	1
Cordova Bay	British Columbia	48.51667	-123.36667	CA	1
Roberval	Quebec	48.5168	-72.23244	CA	1
Trinity Bay North	Newfoundland and Labrador	48.5221	-53.0713	CA	1
Shuniah Township	Ontario	48.5242	-89.1147	CA	1
Saint-Honoré	Quebec	48.53338	-71.08236	CA	1
Friday Harbor	Washington	48.53427	-123.01712	US	1
Amethyst Harbour	Ontario	48.54267	-88.87291	CA	1
Luceville	Quebec	48.54498	-68.39658	CA	1
South Browning	Montana	48.54608	-113.01425	US	1
Colville	Washington	48.54657	-117.90554	US	1
Saanich	British Columbia	48.54964	-123.36931	CA	1
Havre	Montana	48.55	-109.68409	US	1
Kippens	Newfoundland and Labrador	48.55001	-58.6318	CA	1
Stephenville	Newfoundland and Labrador	48.55001	-58.5818	CA	1
Alma	Quebec	48.55009	-71.6491	CA	1
Saint-Ambroise	Quebec	48.55447	-71.32148	CA	1
Browning	Montana	48.55692	-113.01342	US	1
Sayabec	Quebec	48.56161	-67.68745	CA	1
Central Saanich	British Columbia	48.56634	-123.41932	CA	1
Keating	British Columbia	48.56667	-123.4	CA	1
Lappe	Ontario	48.5668	-89.35013	CA	1
Amos	Quebec	48.56688	-78.11624	CA	1
North Browning	Montana	48.57025	-113.00953	US	1
Brentwood Bay	British Columbia	48.58294	-123.45262	CA	1
Mont-Joli	Quebec	48.58388	-68.19214	CA	1
Saint-Nazaire	Quebec	48.58944	-71.55247	CA	1
Chinook	Montana	48.59	-109.23128	US	1
Saint-Prime	Quebec	48.59242	-72.33555	CA	1
Saanichton	British Columbia	48.6	-123.41667	CA	1
International Falls	Minnesota	48.60105	-93.41098	US	1
Kettle Falls	Washington	48.61074	-118.05582	US	1
Fort Frances	Ontario	48.61667	-93.4003	CA	1
Cut Bank	Montana	48.63304	-112.32616	US	1
Emo	Ontario	48.63323	-93.83363	CA	1
Ardmore	British Columbia	48.63854	-123.46933	CA	1
Republic	Washington	48.64822	-118.73781	US	1
Sidney	British Columbia	48.64964	-123.40262	CA	1
Bonavista	Newfoundland and Labrador	48.64989	-53.11474	CA	1
Mill Bay	British Columbia	48.65	-123.55	CA	1
Saint-Félicien	Quebec	48.65007	-72.44906	CA	1
Shawnigan Lake	British Columbia	48.65055	-123.64494	CA	1
North Saanich	British Columbia	48.66634	-123.41933	CA	1
Labrecque	Quebec	48.66679	-71.53239	CA	1
Kenmare	North Dakota	48.67475	-102.08266	US	1
Glovertown	Newfoundland and Labrador	48.68321	-54.03141	CA	1
L'Ascension-de-Notre-Seigneur	Quebec	48.68339	-71.6658	CA	1
Bonners Ferry	Idaho	48.69133	-116.31631	US	1
Tonasket	Washington	48.70515	-119.4395	US	1
Baudette	Minnesota	48.71247	-94.59993	US	1
Sudden Valley	Washington	48.72289	-122.34655	US	1
Sainte-Monique	Quebec	48.73339	-71.84911	CA	1
Cowichan Bay	British Columbia	48.73366	-123.61739	CA	1
Forestville	Quebec	48.73808	-69.08478	CA	1
Geneva	Washington	48.74567	-122.40183	US	1
Macamic	Quebec	48.75018	-78.99962	CA	1
Atikokan	Ontario	48.75667	-91.62409	CA	1
Bellingham	Washington	48.75955	-122.48822	US	1
Langdon	North Dakota	48.76	-98.36817	US	1
Mohall	North Dakota	48.76336	-101.51322	US	1
Koksilah	British Columbia	48.76667	-123.68333	CA	1
Iroquois Falls	Ontario	48.76688	-80.68307	CA	1
Hallock	Minnesota	48.77443	-96.94645	US	1
Plentywood	Montana	48.77475	-104.56246	US	1
Duncan	British Columbia	48.78293	-123.70266	CA	1
Gambo	Newfoundland and Labrador	48.7832	-54.21482	CA	1
Terrace Bay	Ontario	48.78341	-87.09996	CA	1
Saint-Ulric	Quebec	48.78698	-67.70226	CA	1
Marietta	Washington	48.78705	-122.58045	US	1
Marietta-Alderwood	Washington	48.78965	-122.55369	US	1
Scobey	Montana	48.79252	-105.42083	US	1
Cavalier	North Dakota	48.79388	-97.62231	US	1
Shell Valley	North Dakota	48.79806	-99.86486	US	1
La Sarre	Quebec	48.80019	-79.19964	CA	1
Bowbells	North Dakota	48.80308	-102.246	US	1
Schreiber	Ontario	48.81252	-87.26458	CA	1
Maple Bay	British Columbia	48.81633	-123.61936	CA	1
Lake Cowichan	British Columbia	48.82495	-124.05461	CA	1
Bottineau	North Dakota	48.82723	-100.4457	US	1
Matane	Quebec	48.82857	-67.52197	CA	1
Normandin	Quebec	48.83328	-72.53209	CA	1
Gaspé	Quebec	48.83341	-64.48194	CA	1
Belcourt	North Dakota	48.83917	-99.74487	US	1
North Cowichan	British Columbia	48.84133	-123.68596	CA	1
Roseau	Minnesota	48.84609	-95.76277	US	1
Ferndale	Washington	48.8465	-122.59101	US	1
Ganges	British Columbia	48.85342	-123.50032	CA	1
Rolla	North Dakota	48.85778	-99.61792	US	1
Youbou	British Columbia	48.86632	-124.20271	CA	1
Crofton	British Columbia	48.86633	-123.65266	CA	1
Sainte-Jeanne-d'Arc	Quebec	48.86673	-72.08221	CA	1
Dolbeau-Mistassini	Quebec	48.8786	-72.23142	CA	1
Eureka	Montana	48.87996	-115.0535	US	1
Albanel	Quebec	48.88324	-72.44867	CA	1
Pont Rouge	Quebec	48.88332	-72.08247	CA	1
Warroad	Minnesota	48.90527	-95.3144	US	1
Crosby	North Dakota	48.9142	-103.29491	US	1
Chemainus	British Columbia	48.91633	-123.71937	CA	1
Birch Bay	Washington	48.91789	-122.74462	US	1
Everson	Washington	48.92012	-122.34266	US	1
Nooksack	Washington	48.92762	-122.32155	US	1
Grand Falls-Windsor	Newfoundland and Labrador	48.93324	-55.66492	CA	1
Massey Drive	Newfoundland and Labrador	48.93331	-57.8984	CA	1
Peaceful Valley	Washington	48.93815	-122.14733	US	1
Oroville	Washington	48.93905	-119.43562	US	1
Betsiamites	Quebec	48.94133	-68.64601	CA	1
Ucluelet	British Columbia	48.94153	-125.54635	CA	1
Lynden	Washington	48.9465	-122.45211	US	1
Saltair	British Columbia	48.94963	-123.76939	CA	1
Corner Brook	Newfoundland and Labrador	48.95001	-57.95202	CA	1
Gander	Newfoundland and Labrador	48.95624	-54.61647	CA	1
Irishtown-Summerside	Newfoundland and Labrador	48.98331	-57.9817	CA	1
Point Roberts	Washington	48.98538	-123.07797	US	1
Ladysmith	British Columbia	48.99016	-123.81699	CA	1
Blaine	Washington	48.99372	-122.74712	US	1
Sumas	Washington	49.00012	-122.26488	US	1
Douglas	British Columbia	49.00278	-122.73555	CA	1
Huntingdon	British Columbia	49.00753	-122.26487	CA	1
Humber Arm South	Newfoundland and Labrador	49.00912	-58.1348	CA	1
Centreville-Wareham-Trinity	Newfoundland and Labrador	49.011	-53.889	CA	1
Bishop's Falls	Newfoundland and Labrador	49.01664	-55.4815	CA	1
Tsawwassen	British Columbia	49.01667	-123.08333	CA	1
Pasadena	Newfoundland and Labrador	49.01671	-57.59837	CA	1
Nipigon	Ontario	49.01681	-88.26673	CA	1
White Rock	British Columbia	49.02049	-122.79507	CA	1
UDistrict	British Columbia	49.03142	-122.29425	CA	1
Osoyoos	British Columbia	49.03306	-119.45237	CA	1
Grand Forks	British Columbia	49.03309	-118.4356	CA	1
Highway 11	British Columbia	49.03576	-122.28365	CA	1
Marshall-McCallum	British Columbia	49.03723	-122.30168	CA	1
Christina Lake	British Columbia	49.03967	-118.20847	CA	1
South Clearbrook	British Columbia	49.04065	-122.32794	CA	1
Whatcom	British Columbia	49.04144	-122.23988	CA	1
McMillan	British Columbia	49.04494	-122.26665	CA	1
North Oyster/Yellow Point	British Columbia	49.04807	-123.83395	CA	1
Crescent Beach	British Columbia	49.05	-122.88333	CA	1
South Surrey	British Columbia	49.05	-122.79167	CA	1
Lebel-sur-Quévillon	Quebec	49.05018	-76.98273	CA	1
Historic Downtown	British Columbia	49.05141	-122.29335	CA	1
Aldergrove East	British Columbia	49.05614	-122.45457	CA	1
Abbotsford	British Columbia	49.05798	-122.25257	CA	1
Aldergrove	British Columbia	49.05801	-122.47087	CA	1
McKee	British Columbia	49.06146	-122.24154	CA	1
Townline	British Columbia	49.06206	-122.36008	CA	1
Brookswood	British Columbia	49.06667	-122.66667	CA	1
Cultus Lake	British Columbia	49.06667	-121.96667	CA	1
Cochrane	Ontario	49.06689	-81.03307	CA	1
Clayburn	British Columbia	49.0691	-122.26176	CA	1
Yarrow	British Columbia	49.08207	-122.05034	CA	1
Rossland	British Columbia	49.08313	-117.80224	CA	1
Murrayville	British Columbia	49.08333	-122.61667	CA	1
Ladner	British Columbia	49.08938	-123.08241	CA	1
Warfield	British Columbia	49.09563	-117.74533	CA	1
Cap-Chat	Quebec	49.09736	-66.68514	CA	1
Trail	British Columbia	49.09983	-117.70223	CA	1
Creston	British Columbia	49.09987	-116.50211	CA	1
Bradner	British Columbia	49.1	-122.41667	CA	1
Ryder Lake	British Columbia	49.1	-121.88333	CA	1
Vedder Crossing	British Columbia	49.1	-121.96667	CA	1
Langley	British Columbia	49.10107	-122.65883	CA	1
Promontory	British Columbia	49.10354	-121.9352	CA	1
Altona	Manitoba	49.10469	-97.55961	CA	1
Surrey	British Columbia	49.10635	-122.82509	CA	1
Cloverdale	British Columbia	49.10797	-122.7276	CA	1
Cedar	British Columbia	49.11633	-123.8527	CA	1
Fruitvale	British Columbia	49.11654	-117.55222	CA	1
Greendale	British Columbia	49.11667	-122.05	CA	1
Mount Lehman	British Columbia	49.11667	-122.38333	CA	1
Sunshine Hills	British Columbia	49.11667	-122.9	CA	1
Surrey Centre	British Columbia	49.11667	-122.75	CA	1
Chute-aux-Outardes	Quebec	49.11679	-68.39896	CA	1
Manitouwadge	Ontario	49.12152	-85.8403	CA	1
Sainte-Anne-des-Monts	Quebec	49.12402	-66.49243	CA	1
East Clayton	British Columbia	49.12487	-122.70172	CA	1
Ironwood	British Columbia	49.12609	-123.09512	CA	1
Willoughby	British Columbia	49.12624	-122.67995	CA	1
Steveston	British Columbia	49.12714	-123.18137	CA	1
West Clayton	British Columbia	49.12908	-122.71571	CA	1
East Newton South	British Columbia	49.12938	-122.80904	CA	1
Aloha Estates	British Columbia	49.13174	-122.68625	CA	1
Mission	British Columbia	49.13298	-122.30258	CA	1
Chase River	British Columbia	49.13333	-123.91667	CA	1
Newton	British Columbia	49.13333	-122.85	CA	1
Sardis	British Columbia	49.13333	-121.95	CA	1
Strawberry Hill	British Columbia	49.13333	-122.88333	CA	1
Estevan	Saskatchewan	49.13337	-102.98422	CA	1
Shellmont	British Columbia	49.13478	-123.09631	CA	1
South Arm	British Columbia	49.14032	-123.12483	CA	1
Eastern Hillsides	British Columbia	49.14269	-121.82859	CA	1
East Newton North	British Columbia	49.14347	-122.81388	CA	1
Delta	British Columbia	49.14399	-122.9068	CA	1
Woodwards	British Columbia	49.14675	-123.15489	CA	1
Harewood	British Columbia	49.1474	-123.94739	CA	1
New-Wes-Valley	Newfoundland and Labrador	49.14988	-53.56475	CA	1
Botwood	Newfoundland and Labrador	49.14994	-55.34819	CA	1
Broadmoor	British Columbia	49.15	-123.13333	CA	1
Hatzic	British Columbia	49.15	-122.25	CA	1
Seafair	British Columbia	49.15	-123.18333	CA	1
South End	British Columbia	49.15189	-123.93386	CA	1
Tofino	British Columbia	49.15314	-125.90744	CA	1
Blundell	British Columbia	49.15531	-123.15706	CA	1
East Richmond-Fraser Lands	British Columbia	49.15971	-123.02973	CA	1
Cedar Valley	British Columbia	49.16172	-122.31047	CA	1
Chilliwack Mountain	British Columbia	49.16208	-122.01313	CA	1
McLennan	British Columbia	49.16268	-123.09834	CA	1
Chilliwack-Downtown	British Columbia	49.1643	-121.95907	CA	1
Walnut Grove	British Columbia	49.16473	-122.64042	CA	1
Chilliwack	British Columbia	49.16638	-121.95257	CA	1
Nanaimo	British Columbia	49.16638	-123.94003	CA	1
Brighouse-City Centre	British Columbia	49.16667	-123.13333	CA	1
Fleetwood	British Columbia	49.16667	-122.8	CA	1
North Delta	British Columbia	49.16667	-122.91667	CA	1
Thompson	British Columbia	49.16667	-123.16667	CA	1
Deer Lake	Newfoundland and Labrador	49.16671	-57.43163	CA	1
Garden City	British Columbia	49.16711	-123.12178	CA	1
Fort Langley	British Columbia	49.16838	-122.58004	CA	1
Terra Nova	British Columbia	49.16972	-123.18905	CA	1
Richmond	British Columbia	49.17003	-123.13683	CA	1
Gabriola	British Columbia	49.17043	-123.8499	CA	1
East Wellington	British Columbia	49.17385	-124.01745	CA	1
Hamilton	British Columbia	49.17401	-122.97428	CA	1
Whalley	British Columbia	49.17917	-122.86667	CA	1
Little Mountain	British Columbia	49.18064	-121.92206	CA	1
Winkler	Manitoba	49.1817	-97.94104	CA	1
Cawston	British Columbia	49.18254	-119.75965	CA	1
West Cambie	British Columbia	49.18293	-123.11691	CA	1
Oliver	British Columbia	49.18306	-119.5524	CA	1
Killarney	Manitoba	49.18332	-99.66364	CA	1
Queensborough	British Columbia	49.18333	-122.93333	CA	1
Rosedale	British Columbia	49.18333	-121.8	CA	1
Whonnock	British Columbia	49.18333	-122.46667	CA	1
East Cambie	British Columbia	49.18434	-123.09267	CA	1
Surrey City Centre	British Columbia	49.18542	-122.84659	CA	1
Fairfield Island	British Columbia	49.18611	-121.94167	CA	1
Albion	British Columbia	49.18751	-122.55687	CA	1
Saint Helen's Park	British Columbia	49.1876	-122.87193	CA	1
Golden Village	British Columbia	49.1878	-123.12816	CA	1
Deloraine	Manitoba	49.19082	-100.49477	CA	1
Guildford	British Columbia	49.19167	-122.8	CA	1
Morden	Manitoba	49.1919	-98.10136	CA	1
Salmo	British Columbia	49.19554	-117.27704	CA	1
Hauterive	Quebec	49.19572	-68.25813	CA	1
Big Bend	British Columbia	49.19766	-122.97843	CA	1
Bridgeport	British Columbia	49.19887	-123.11357	CA	1
Keremeos	British Columbia	49.19975	-119.8357	CA	1
Cardston	Alberta	49.19998	-113.3019	CA	1
Connaught Heights	British Columbia	49.2	-122.95	CA	1
Fraser Heights	British Columbia	49.2	-122.78333	CA	1
Departure Bay	British Columbia	49.20207	-123.97618	CA	1
Brow of the Hill	British Columbia	49.20213	-122.92015	CA	1
Popkum	British Columbia	49.20366	-121.73813	CA	1
Moose Lake	Manitoba	49.20559	-95.30629	CA	1
Marpole South	British Columbia	49.20613	-123.13182	CA	1
New Westminster	British Columbia	49.20678	-122.91092	CA	1
Bridgeview	British Columbia	49.2081	-122.86028	CA	1
Champlain Heights	British Columbia	49.20919	-123.026	CA	1
Stride Hill	British Columbia	49.20957	-122.96379	CA	1
Uptown	British Columbia	49.2121	-122.91929	CA	1
Clinton-Glenwood	British Columbia	49.21213	-122.97957	CA	1
Port Haney	British Columbia	49.21227	-122.60474	CA	1
Marpole	British Columbia	49.21359	-123.12979	CA	1
Edmonds	British Columbia	49.21392	-122.93992	CA	1
Hornepayne	Ontario	49.21451	-84.77617	CA	1
Queens Park	British Columbia	49.21563	-122.90658	CA	1
Wellington	British Columbia	49.21648	-124.04183	CA	1
Glenbrooke North	British Columbia	49.21667	-122.91667	CA	1
Haney	British Columbia	49.21667	-122.6	CA	1
Kelvin	British Columbia	49.21667	-122.93333	CA	1
Middlegate	British Columbia	49.21667	-122.95	CA	1
South Slope	British Columbia	49.21667	-123.0	CA	1
Suncrest	British Columbia	49.21667	-123.01667	CA	1
Victoria-Fraserview	British Columbia	49.21667	-123.06667	CA	1
Baie-Comeau	Quebec	49.21679	-68.14894	CA	1
Hammond	British Columbia	49.21931	-122.65327	CA	1
Maple Ridge	British Columbia	49.21939	-122.60193	CA	1
Sunset	British Columbia	49.22104	-123.09546	CA	1
Pitt Meadows	British Columbia	49.22119	-122.68965	CA	1
Maywood	British Columbia	49.22219	-123.00588	CA	1
Second Street	British Columbia	49.22372	-122.92205	CA	1
Kingsway-Beresford	British Columbia	49.22482	-122.96403	CA	1
Metrotown	British Columbia	49.225	-123.0	CA	1
Killarney	British Columbia	49.22594	-123.04282	CA	1
Morley-Buckingham	British Columbia	49.22597	-122.9573	CA	1
Sapperton	British Columbia	49.22642	-122.89452	CA	1
Cape Horn	British Columbia	49.22684	-122.8369	CA	1
Musqueam	British Columbia	49.22825	-123.19277	CA	1
Marlborough	British Columbia	49.22946	-122.98986	CA	1
Essondale	British Columbia	49.22972	-122.81111	CA	1
Boissevain	Manitoba	49.23062	-100.05586	CA	1
Yennadon	British Columbia	49.23297	-122.5859	CA	1
Agassiz	British Columbia	49.23298	-121.76926	CA	1
Punjabi Market	British Columbia	49.23303	-123.10161	CA	1
Garden Village	British Columbia	49.23333	-123.0	CA	1
Mary Hill	British Columbia	49.23333	-122.78333	CA	1
Oakridge	British Columbia	49.23333	-123.11667	CA	1
Oxbow	Saskatchewan	49.23335	-102.1676	CA	1
Oakalla	British Columbia	49.23396	-122.97751	CA	1
Kerrisdale	British Columbia	49.23442	-123.15511	CA	1
Victory Heights	British Columbia	49.23549	-122.8998	CA	1
Maillardville	British Columbia	49.23839	-122.86676	CA	1
Port Alberni	British Columbia	49.24133	-124.8028	CA	1
Dunbar-Southlands	British Columbia	49.24217	-123.1884	CA	1
Riley Park	British Columbia	49.24303	-123.09319	CA	1
Quilchena	British Columbia	49.24341	-123.1508	CA	1
Lewisporte	Newfoundland and Labrador	49.24343	-55.06196	CA	1
Douglas-Gilpin	British Columbia	49.24438	-122.98215	CA	1
Renfrew-Collingwood	British Columbia	49.245	-123.03758	CA	1
Lantzville	British Columbia	49.2454	-124.07547	CA	1
Lougheed	British Columbia	49.2481	-122.89236	CA	1
Arbutus Ridge	British Columbia	49.24966	-123.16934	CA	1
Vancouver	British Columbia	49.24966	-123.11934	CA	1
Austin Heights	British Columbia	49.25	-122.86667	CA	1
Cariboo	British Columbia	49.25	-122.88333	CA	1
Cascade Heights	British Columbia	49.25	-123.01667	CA	1
Kensington-Cedar Cottage	British Columbia	49.25	-123.06667	CA	1
Shaughnessy	British Columbia	49.25	-123.13333	CA	1
South Cambie	British Columbia	49.25	-123.11667	CA	1
Government Road	British Columbia	49.25209	-122.94371	CA	1
Renfrew Heights	British Columbia	49.25448	-123.03159	CA	1
Riverwood	British Columbia	49.25579	-122.73579	CA	1
Cameron	British Columbia	49.25619	-122.90671	CA	1
Coquitlam West	British Columbia	49.25702	-122.87883	CA	1
South Granville	British Columbia	49.2602	-123.13946	CA	1
Central Coquitlam	British Columbia	49.26028	-122.83815	CA	1
Ranch Park	British Columbia	49.26047	-122.80906	CA	1
Mt Pleasant	British Columbia	49.26239	-123.10019	CA	1
Fairview	British Columbia	49.26305	-123.13212	CA	1
Greektown	British Columbia	49.26412	-123.1757	CA	1
University Endowment Lands	British Columbia	49.26418	-123.239	CA	1
Lyndhurst	British Columbia	49.26544	-122.89919	CA	1
Burnaby	British Columbia	49.26636	-122.95263	CA	1
Port Coquitlam	British Columbia	49.26637	-122.76932	CA	1
Burquitlam	British Columbia	49.26667	-122.88333	CA	1
Chineside	British Columbia	49.26667	-122.83333	CA	1
Harbour Chines	British Columbia	49.26667	-122.85	CA	1
Harbour Village	British Columbia	49.26667	-122.81667	CA	1
Kitsilano	British Columbia	49.26667	-123.16667	CA	1
Meadowbrook	British Columbia	49.26667	-122.78333	CA	1
Mount Pleasant	British Columbia	49.26667	-123.1	CA	1
West Point Grey	British Columbia	49.26667	-123.2	CA	1
Melita	Manitoba	49.26811	-100.99669	CA	1
Olympic Village	British Columbia	49.26997	-123.11185	CA	1
East Hastings	British Columbia	49.27169	-123.06186	CA	1
Nanoose Bay	British Columbia	49.27237	-124.19332	CA	1
Glenwood	British Columbia	49.27338	-122.78003	CA	1
Lochdale	British Columbia	49.27373	-122.96479	CA	1
Glenayre	British Columbia	49.27437	-122.8756	CA	1
Kits Point	British Columbia	49.27493	-123.14708	CA	1
Brentwood Park	British Columbia	49.275	-122.99167	CA	1
Willingdon Heights	British Columbia	49.275	-123.00833	CA	1
Fairwinds	British Columbia	49.27588	-124.12782	CA	1
Yaletown	British Columbia	49.27608	-123.11772	CA	1
Inlet Centre	British Columbia	49.27611	-122.84538	CA	1
Seaview	British Columbia	49.27651	-122.86904	CA	1
Strathcona	British Columbia	49.27655	-123.09117	CA	1
Coquitlam Town Centre	British Columbia	49.27697	-122.79669	CA	1
Grandview-Woodlands	British Columbia	49.27738	-123.07079	CA	1
Downtown Vancouver	British Columbia	49.27784	-123.12794	CA	1
Univercity	British Columbia	49.27849	-122.90503	CA	1
Coronation Park	British Columbia	49.27992	-122.81876	CA	1
Chinatown	British Columbia	49.27997	-123.10556	CA	1
Davie Village	British Columbia	49.28045	-123.13116	CA	1
Oxford Heights	British Columbia	49.28115	-122.76013	CA	1
Port Moody	British Columbia	49.28124	-122.82457	CA	1
New Horizons	British Columbia	49.28125	-122.77906	CA	1
Downtown Eastside	British Columbia	49.2818	-123.09351	CA	1
College Park	British Columbia	49.28199	-122.87865	CA	1
Burnaby Heights	British Columbia	49.28333	-123.0	CA	1
Capitol Hill	British Columbia	49.28333	-122.98333	CA	1
Hastings-Sunrise	British Columbia	49.28333	-123.03333	CA	1
Lincoln Park	British Columbia	49.28333	-122.75	CA	1
River Springs	British Columbia	49.28333	-122.76667	CA	1
West End	British Columbia	49.28333	-123.13333	CA	1
Westridge	British Columbia	49.28333	-122.95	CA	1
Smooth Rock Falls	Ontario	49.28349	-81.63307	CA	1
English Bay	British Columbia	49.28458	-123.14255	CA	1
Coquitlam	British Columbia	49.2846	-122.78217	CA	1
Gastown	British Columbia	49.28513	-123.11168	CA	1
Cedar Cove	British Columbia	49.28648	-123.06077	CA	1
Eagle Ridge	British Columbia	49.28778	-122.82167	CA	1
Mountain Meadows	British Columbia	49.28831	-122.81814	CA	1
Coal Harbour	British Columbia	49.28977	-123.1232	CA	1
Scott Creek	British Columbia	49.29042	-122.80722	CA	1
Heritage Mountain	British Columbia	49.29079	-122.83189	CA	1
Canyon Springs	British Columbia	49.29148	-122.79542	CA	1
Pleasantside	British Columbia	49.29167	-122.85	CA	1
Burke Mountain	British Columbia	49.29363	-122.75613	CA	1
Hockaday	British Columbia	49.29678	-122.77035	CA	1
Coombs	British Columbia	49.29963	-124.41946	CA	1
Harrison Hot Springs	British Columbia	49.29969	-121.78586	CA	1
Twin Creeks	British Columbia	49.30156	-122.83236	CA	1
Maplewood	British Columbia	49.3045	-123.01357	CA	1
Westwood Plateau	British Columbia	49.30461	-122.79338	CA	1
South Lynnmour	British Columbia	49.30682	-123.04255	CA	1
Tsleil-Waututh	British Columbia	49.30968	-122.98128	CA	1
Windsor Park	British Columbia	49.31186	-122.99417	CA	1
Lower Lonsdale	British Columbia	49.31406	-123.0725	CA	1
Parkway	British Columbia	49.31463	-122.97484	CA	1
North Vancouver	British Columbia	49.31636	-123.06934	CA	1
Anmore	British Columbia	49.31637	-122.85263	CA	1
Dollarton	British Columbia	49.31667	-122.95	CA	1
Keith-Lynn	British Columbia	49.31667	-123.06667	CA	1
Lynnmour	British Columbia	49.31667	-123.03333	CA	1
Norgate	British Columbia	49.31667	-123.11667	CA	1
Parksville	British Columbia	49.31947	-124.31575	CA	1
Lower West Lynn	British Columbia	49.32025	-123.04974	CA	1
Indian River	British Columbia	49.32262	-122.96117	CA	1
Cove Cliff	British Columbia	49.32282	-122.94888	CA	1
Castlegar	British Columbia	49.32317	-117.65831	CA	1
Seymour Heights	British Columbia	49.325	-123.0	CA	1
Central Lonsdale	British Columbia	49.32574	-123.07234	CA	1
Lions Gate	British Columbia	49.32643	-123.12201	CA	1
Kirkstone	British Columbia	49.3272	-123.04443	CA	1
Ambleside	British Columbia	49.32777	-123.14375	CA	1
West Vancouver	British Columbia	49.3286	-123.16019	CA	1
Blueridge	British Columbia	49.32917	-122.99167	CA	1
Upper West Lynn	British Columbia	49.32999	-123.03558	CA	1
Pemberton Heights	British Columbia	49.33056	-123.10833	CA	1
West Lynn Terrace	British Columbia	49.33221	-123.02613	CA	1
Deep Cove	British Columbia	49.33333	-122.95	CA	1
Boundary	British Columbia	49.33334	-123.04691	CA	1
Dundarave	British Columbia	49.3362	-123.18764	CA	1
Sentinel Hill	British Columbia	49.33732	-123.14597	CA	1
Edgemont Village	British Columbia	49.33807	-123.10138	CA	1
Central Lynn	British Columbia	49.33897	-123.03751	CA	1
Lynn Canyon	British Columbia	49.33998	-123.02219	CA	1
Altamont	British Columbia	49.34078	-123.20253	CA	1
Capilano	British Columbia	49.34094	-123.10702	CA	1
Norwood Queens	British Columbia	49.34098	-123.07799	CA	1
French Creek	British Columbia	49.34123	-124.35541	CA	1
Carisbrooke	British Columbia	49.34162	-123.06501	CA	1
Highlands	British Columbia	49.34266	-123.09517	CA	1
Westmount	British Columbia	49.34509	-123.21824	CA	1
Delbrook	British Columbia	49.34554	-123.08327	CA	1
Qualicum Beach	British Columbia	49.34783	-124.44231	CA	1
Chartwell	British Columbia	49.34898	-123.15311	CA	1
British Properties	British Columbia	49.35	-123.13333	CA	1
Caulfeild	British Columbia	49.35	-123.25	CA	1
Okanagan Falls	British Columbia	49.35	-119.56667	CA	1
Upper Lynn	British Columbia	49.35	-123.025	CA	1
Upper Delbrook	British Columbia	49.35258	-123.07666	CA	1
Handsworth	British Columbia	49.35453	-123.10434	CA	1
Canyon Heights	British Columbia	49.35493	-123.09743	CA	1
Morris	Manitoba	49.35499	-97.36567	CA	1
Cleveland	British Columbia	49.35691	-123.08749	CA	1
Glenmore	British Columbia	49.3625	-123.12222	CA	1
Grousewoods	British Columbia	49.36366	-123.09699	CA	1
Horseshoe Bay	British Columbia	49.37402	-123.27458	CA	1
Hope	British Columbia	49.38299	-121.44144	CA	1
Bowen Island	British Columbia	49.3847	-123.33622	CA	1
Gibsons	British Columbia	49.39539	-123.50555	CA	1
Kaleden	British Columbia	49.39835	-119.60421	CA	1
Grunthal	Manitoba	49.40668	-96.85873	CA	1
Ignace	Ontario	49.41633	-91.65902	CA	1
Magrath	Alberta	49.41668	-112.86856	CA	1
Kapuskasing	Ontario	49.41694	-82.43308	CA	1
Roberts Creek	British Columbia	49.42359	-123.64778	CA	1
Langdale	British Columbia	49.43386	-123.4798	CA	1
Lions Bay	British Columbia	49.45218	-123.2376	CA	1
Princeton	British Columbia	49.45802	-120.51076	CA	1
Raymond	Alberta	49.46382	-112.66024	CA	1
Sechelt	British Columbia	49.47512	-123.75903	CA	1
Welcome Beach	British Columbia	49.47959	-123.89239	CA	1
Penticton	British Columbia	49.48062	-119.58584	CA	1
Pincher Creek	Alberta	49.48328	-113.95195	CA	1
Carman	Manitoba	49.4992	-98.00156	CA	1
Nelson	British Columbia	49.49985	-117.28553	CA	1
Cranbrook	British Columbia	49.49991	-115.76879	CA	1
Springdale	Newfoundland and Labrador	49.49995	-56.06492	CA	1
Fernie	British Columbia	49.49996	-115.06871	CA	1
Halfmoon Bay	British Columbia	49.51289	-123.9087	CA	1
La Broquerie	Manitoba	49.51688	-96.50029	CA	1
Steinbach	Manitoba	49.52579	-96.68451	CA	1
Denman Island	British Columbia	49.53294	-124.8195	CA	1
Hornby Island	British Columbia	49.53448	-124.66923	CA	1
Denman Island Trust Area	British Columbia	49.55189	-124.79881	CA	1
Union Bay	British Columbia	49.58377	-124.88611	CA	1
Naramata	British Columbia	49.59513	-119.59442	CA	1
Summerland	British Columbia	49.59977	-119.66911	CA	1
Blairmore	Alberta	49.60002	-114.4353	CA	1
Niverville	Manitoba	49.60559	-97.04234	CA	1
Cumberland	British Columbia	49.61634	-125.03613	CA	1
Souris	Manitoba	49.6172	-100.2612	CA	1
Madeira Park	British Columbia	49.61967	-124.02319	CA	1
South Pender Harbour	British Columbia	49.62202	-124.02484	CA	1
Coleman	Alberta	49.63332	-114.502	CA	1
Carlyle	Saskatchewan	49.63334	-102.26765	CA	1
Assiniboia	Saskatchewan	49.63336	-105.98446	CA	1
Royston	British Columbia	49.64703	-124.9467	CA	1
Twillingate	Newfoundland and Labrador	49.64992	-54.76486	CA	1
Shaunavon	Saskatchewan	49.65005	-108.4181	CA	1
Weyburn	Saskatchewan	49.66675	-103.85109	CA	1
Ste. Anne	Manitoba	49.66969	-96.65	CA	1
Kimberley	British Columbia	49.67071	-115.9776	CA	1
Landmark	Manitoba	49.67169	-96.82232	CA	1
Puntledge	British Columbia	49.67322	-125.02907	CA	1
St. Adolphe	Manitoba	49.6744	-97.11124	CA	1
Comox	British Columbia	49.68294	-124.93613	CA	1
Hearst	Ontario	49.68351	-83.66654	CA	1
Courtenay	British Columbia	49.68657	-124.9936	CA	1
Squamish	British Columbia	49.69925	-123.15631	CA	1
Lethbridge	Alberta	49.69999	-112.81856	CA	1
Ile des Chênes	Manitoba	49.7106	-96.98893	CA	1
Fogo Island	Newfoundland and Labrador	49.71649	-54.16981	CA	1
Coaldale	Alberta	49.7167	-112.61854	CA	1
Fort Macleod	Alberta	49.71671	-113.41857	CA	1
Geraldton	Ontario	49.72667	-86.94842	CA	1
Sparwood	British Columbia	49.73332	-114.88532	CA	1
Greenstone	Ontario	49.73343	-87.16668	CA	1
Waswanipi	Quebec	49.73346	-76.16604	CA	1
Lorette	Manitoba	49.73919	-96.87232	CA	1
Coalhurst	Alberta	49.7464	-112.93246	CA	1
Matagami	Quebec	49.76326	-77.62735	CA	1
Kenora	Ontario	49.76741	-94.48985	CA	1
Peachland	British Columbia	49.76862	-119.74633	CA	1
Gold River	British Columbia	49.78091	-126.05013	CA	1
Longlac	Ontario	49.78169	-86.5348	CA	1
Dryden	Ontario	49.78334	-92.75032	CA	1
Chapais	Quebec	49.78344	-74.84919	CA	1
Taber	Alberta	49.78703	-112.14603	CA	1
Shilo	Manitoba	49.80551	-99.64634	CA	1
Gellatly	British Columbia	49.81667	-119.61667	CA	1
Okanagan Mission	British Columbia	49.81667	-119.48333	CA	1
Powell River	British Columbia	49.83278	-124.52368	CA	1
Brandon	Manitoba	49.84692	-99.95306	CA	1
Glenrosa	British Columbia	49.85	-119.66667	CA	1
Virden	Manitoba	49.8508	-100.93262	CA	1
Smith Creek	British Columbia	49.85299	-119.62004	CA	1
Vermilion Bay	Ontario	49.86045	-93.38782	CA	1
West Kelowna	British Columbia	49.8625	-119.58333	CA	1
Lakeview Heights	British Columbia	49.86667	-119.53333	CA	1
Oyster River	British Columbia	49.86667	-125.13333	CA	1
Bow Island	Alberta	49.86676	-111.36843	CA	1
Carberry	Manitoba	49.86893	-99.36021	CA	1
Headingley	Manitoba	49.8753	-97.40896	CA	1
Kelowna	British Columbia	49.88307	-119.48568	CA	1
Picture Butte	Alberta	49.8833	-112.78516	CA	1
Gravelbourg	Saskatchewan	49.88336	-106.55122	CA	1
Winnipeg	Manitoba	49.8844	-97.14704	CA	1
Rutland	British Columbia	49.89977	-119.38567	CA	1
Maple Creek	Saskatchewan	49.90628	-109.48094	CA	1
Kaslo	British Columbia	49.91658	-116.91887	CA	1
Chibougamau	Quebec	49.91684	-74.36586	CA	1
Ellison	British Columbia	49.93307	-119.36907	CA	1
Baie Verte	Newfoundland and Labrador	49.93325	-56.18152	CA	1
Dunmore	Alberta	49.96676	-110.60163	CA	1
Portage la Prairie	Manitoba	49.97282	-98.29263	CA	1
Lake Country	British Columbia	50.0088	-119.39672	CA	1
West St. Paul	Manitoba	50.01043	-97.14213	CA	1
Elkford	British Columbia	50.01529	-114.92348	CA	1
Campbell River	British Columbia	50.01634	-125.24459	CA	1
Saint-Alexandre	Quebec	50.02539	-66.86155	CA	1
Rivers	Manitoba	50.03081	-100.24029	CA	1
Claresholm	Alberta	50.03332	-113.58524	CA	1
Port-Cartier	Quebec	50.03339	-66.86545	CA	1
Medicine Hat	Alberta	50.03928	-110.67661	CA	1
Beausejour	Manitoba	50.0622	-96.51669	CA	1
Vauxhall	Alberta	50.06678	-112.11853	CA	1
Redcliff	Alberta	50.08336	-110.78495	CA	1
Sioux Lookout	Ontario	50.09906	-91.92158	CA	1
Merritt	British Columbia	50.11225	-120.7942	CA	1
Whistler	British Columbia	50.11817	-122.95396	CA	1
Stonewall	Manitoba	50.13441	-97.32676	CA	1
Moosomin	Saskatchewan	50.14261	-101.66666	CA	1
Selkirk	Manitoba	50.1436	-96.88452	CA	1
Sept-Îles	Quebec	50.20011	-66.38208	CA	1
Maliotenam	Quebec	50.21119	-66.18164	CA	1
Coldstream	British Columbia	50.21649	-119.20235	CA	1
Neepawa	Manitoba	50.22892	-99.46642	CA	1
Havre-Saint-Pierre	Quebec	50.24342	-63.60264	CA	1
Minnedosa	Manitoba	50.24532	-99.84364	CA	1
Lumby	British Columbia	50.24979	-118.96904	CA	1
Nakusp	British Columbia	50.24987	-117.80226	CA	1
Lac du Bonnet	Manitoba	50.2536	-96.06116	CA	1
Vernon	British Columbia	50.26729	-119.27337	CA	1
Swift Current	Saskatchewan	50.28337	-107.80135	CA	1
Pemberton	British Columbia	50.31641	-122.80273	CA	1
Mount Currie	British Columbia	50.31667	-122.71667	CA	1
Nanton	Alberta	50.35008	-113.76866	CA	1
Moose Jaw	Saskatchewan	50.40005	-105.53445	CA	1
Vulcan	Alberta	50.40008	-113.25189	CA	1
Spallumcheen	British Columbia	50.40146	-119.22039	CA	1
Whitmore Park	Saskatchewan	50.40421	-104.60666	CA	1
Albert Park	Saskatchewan	50.40726	-104.63111	CA	1
Harbour Landing	Saskatchewan	50.40742	-104.6523	CA	1
Mistissini	Quebec	50.41832	-73.86895	CA	1
Hillsdale	Saskatchewan	50.42004	-104.60888	CA	1
Lakeview	Saskatchewan	50.43143	-104.62333	CA	1
Arcola East	Saskatchewan	50.43308	-104.53601	CA	1
White City	Saskatchewan	50.43338	-104.36778	CA	1
Boothill	Saskatchewan	50.43434	-104.57163	CA	1
Gladmer Park	Saskatchewan	50.43621	-104.60158	CA	1
Al Ritchie	Saskatchewan	50.44248	-104.58496	CA	1
Centre Square	Saskatchewan	50.44264	-104.60814	CA	1
Cathedral	Saskatchewan	50.44512	-104.63124	CA	1
Heritage	Saskatchewan	50.44822	-104.60079	CA	1
Armstrong	British Columbia	50.44979	-119.20235	CA	1
Regina	Saskatchewan	50.45008	-104.6178	CA	1
McNab	Saskatchewan	50.45044	-104.66111	CA	1
Dewdney East	Saskatchewan	50.45428	-104.54671	CA	1
North Central	Saskatchewan	50.45715	-104.62776	CA	1
Dieppe-Westerra	Saskatchewan	50.45726	-104.67611	CA	1
Rosemont-Mount Royal	Saskatchewan	50.46288	-104.66477	CA	1
Eastview	Saskatchewan	50.46393	-104.58944	CA	1
Regent Park	Saskatchewan	50.47337	-104.64638	CA	1
Prairie View	Saskatchewan	50.47671	-104.68614	CA	1
Northeast Regina	Saskatchewan	50.47678	-104.60686	CA	1
Normanview West	Saskatchewan	50.47782	-104.67555	CA	1
Coronation Park	Saskatchewan	50.47837	-104.62555	CA	1
Pilot Butte	Saskatchewan	50.48011	-104.41911	CA	1
Normanview	Saskatchewan	50.4806	-104.66249	CA	1
Balgonie	Saskatchewan	50.48338	-104.26778	CA	1
Argyle Park	Saskatchewan	50.49032	-104.62833	CA	1
Sherwood-McCarthy	Saskatchewan	50.49171	-104.68055	CA	1
Logan Lake	British Columbia	50.49225	-120.8149	CA	1
Uplands	Saskatchewan	50.49337	-104.60583	CA	1
Walsh Acres-Lakeridge-Garden Ridge	Saskatchewan	50.49703	-104.65663	CA	1
Twin Lakes	Saskatchewan	50.50068	-104.67527	CA	1
Invermere	British Columbia	50.51666	-116.03538	CA	1
Indian Head	Saskatchewan	50.53336	-103.66775	CA	1
Enderby	British Columbia	50.5498	-119.15234	CA	1
Brooks	Alberta	50.58341	-111.88509	CA	1
High River	Alberta	50.58341	-113.86867	CA	1
Port McNeill	British Columbia	50.59	-127.08638	CA	1
Radium Hot Springs	British Columbia	50.61667	-116.06878	CA	1
Grindrod	British Columbia	50.6331	-119.11905	CA	1
Gimli	Manitoba	50.63362	-96.99066	CA	1
Aberdeen	British Columbia	50.65	-120.36667	CA	1
Sahali	British Columbia	50.65	-120.33333	CA	1
Esterhazy	Saskatchewan	50.65001	-102.08426	CA	1
Lumsden	Saskatchewan	50.65009	-104.86783	CA	1
Dallas	British Columbia	50.66648	-120.16919	CA	1
Kamloops	British Columbia	50.66648	-120.3192	CA	1
Dufferin	British Columbia	50.66667	-120.38333	CA	1
Juniper Ridge	British Columbia	50.66667	-120.25	CA	1
Turner Valley	Alberta	50.66681	-114.2853	CA	1
Pritchard	British Columbia	50.6831	-119.81911	CA	1
Lillooet	British Columbia	50.6856	-121.942	CA	1
Black Diamond	Alberta	50.68771	-114.23241	CA	1
North Kamloops	British Columbia	50.69978	-120.3692	CA	1
Salmon Arm	British Columbia	50.69981	-119.26907	CA	1
Brocklehurst	British Columbia	50.70825	-120.41337	CA	1
Batchelor Hills	British Columbia	50.71667	-120.36667	CA	1
Port Hardy	British Columbia	50.72086	-127.49231	CA	1
Ashcroft	British Columbia	50.72372	-121.28207	CA	1
Okotoks	Alberta	50.72885	-113.98281	CA	1
Canoe	British Columbia	50.75	-119.23333	CA	1
Westsyde	British Columbia	50.76667	-120.35	CA	1
Fort Qu'Appelle	Saskatchewan	50.76677	-103.80103	CA	1
Bassano	Alberta	50.78998	-112.46805	CA	1
Regina Beach	Saskatchewan	50.79146	-104.98006	CA	1
Cache Creek	British Columbia	50.81011	-121.3246	CA	1
Chase	British Columbia	50.8165	-119.68571	CA	1
Sicamous	British Columbia	50.83312	-118.98565	CA	1
Heritage Pointe	Alberta	50.84213	-114.00493	CA	1
Langenburg	Saskatchewan	50.84999	-101.71763	CA	1
Legacy	Alberta	50.85603	-114.00486	CA	1
Walden	Alberta	50.86973	-114.02584	CA	1
Seton	Alberta	50.87288	-113.94728	CA	1
Sun Peaks	British Columbia	50.8762	-119.91075	CA	1
Blind Bay	British Columbia	50.88311	-119.38569	CA	1
Silverado	Alberta	50.88479	-114.07174	CA	1
Chaparral	Alberta	50.88611	-114.03333	CA	1
Auburn Bay	Alberta	50.88787	-113.95929	CA	1
Cranston	Alberta	50.88852	-113.98144	CA	1
Somerset	Alberta	50.89583	-114.08611	CA	1
Mahogany	Alberta	50.89608	-113.92487	CA	1
Bridlewood	Alberta	50.89979	-114.10812	CA	1
Sundance	Alberta	50.9	-114.03889	CA	1
Shawnessy	Alberta	50.90694	-114.08194	CA	1
Arborg	Manitoba	50.90721	-97.21757	CA	1
McKenzie Lake	Alberta	50.90833	-113.98056	CA	1
McKenzie Towne	Alberta	50.91342	-113.96736	CA	1
Parkland	Alberta	50.9147	-114.01869	CA	1
Copperfield	Alberta	50.91517	-113.92703	CA	1
Midnapore	Alberta	50.91532	-114.05903	CA	1
Millrise	Alberta	50.91667	-114.08472	CA	1
Melville	Saskatchewan	50.91671	-102.80099	CA	1
Deer Run	Alberta	50.91754	-114.00976	CA	1
New Brighton	Alberta	50.92046	-113.94505	CA	1
Shawnee Slopes	Alberta	50.92639	-114.08333	CA	1
Deer Ridge	Alberta	50.92641	-114.01423	CA	1
Evergreen	Alberta	50.92917	-114.1	CA	1
Woodbine	Alberta	50.9375	-114.12917	CA	1
Douglasdale	Alberta	50.93889	-113.99306	CA	1
Queensland	Alberta	50.93889	-114.02222	CA	1
Woodlands	Alberta	50.94167	-114.10833	CA	1
Lake Bonavista	Alberta	50.94204	-114.05422	CA	1
Canyon Meadows	Alberta	50.94285	-114.08092	CA	1
Braeside	Alberta	50.95421	-114.10538	CA	1
Maple Ridge	Alberta	50.95551	-114.03688	CA	1
Willow Park	Alberta	50.95556	-114.05556	CA	1
Southwood	Alberta	50.9561	-114.08495	CA	1
Cedarbrae	Alberta	50.95648	-114.12975	CA	1
Palliser	Alberta	50.96351	-114.11053	CA	1
Haysboro	Alberta	50.96667	-114.08333	CA	1
Pump Hill	Alberta	50.96667	-114.1	CA	1
Oakridge	Alberta	50.96762	-114.12889	CA	1
Acadia	Alberta	50.97172	-114.05688	CA	1
Riverbend	Alberta	50.975	-114.01389	CA	1
Chinook Park	Alberta	50.98286	-114.08838	CA	1
Kelvin Grove	Alberta	50.98821	-114.08821	CA	1
Kingsland	Alberta	50.98988	-114.0786	CA	1
Ogden	Alberta	50.99306	-114.01389	CA	1
Lakeview	Alberta	50.99674	-114.11954	CA	1
Revelstoke	British Columbia	50.99712	-118.1953	CA	1
Big Eddy	British Columbia	51.0	-118.21667	CA	1
Garrison Green	Alberta	51.00304	-114.12421	CA	1
Lincoln Park	Alberta	51.00417	-114.12529	CA	1
North Glenmore	Alberta	51.0046	-114.1116	CA	1
Windsor Park	Alberta	51.00533	-114.07628	CA	1
Elboya	Alberta	51.0096	-114.07465	CA	1
Garrison Woods	Alberta	51.01332	-114.11353	CA	1
Discovery Ridge	Alberta	51.01591	-114.21284	CA	1
Altadore	Alberta	51.01651	-114.10323	CA	1
Red Lake	Ontario	51.01678	-93.82736	CA	1
Parkhill	Alberta	51.01737	-114.06993	CA	1
Glamorgan	Alberta	51.01775	-114.14675	CA	1
Currie Barracks	Alberta	51.01791	-114.12229	CA	1
Dover	Alberta	51.01991	-113.99294	CA	1
Rutland Park	Alberta	51.0204	-114.13628	CA	1
Elbow Park	Alberta	51.0205	-114.08426	CA	1
Erin Woods	Alberta	51.02061	-113.96985	CA	1
Signal Hill	Alberta	51.02361	-114.17361	CA	1
South Calgary	Alberta	51.02795	-114.10383	CA	1
Erlton	Alberta	51.02839	-114.06186	CA	1
Glenbrook	Alberta	51.02971	-114.14561	CA	1
Richmond	Alberta	51.03056	-114.11389	CA	1
Upper Mount Royal	Alberta	51.03056	-114.08472	CA	1
Springbank Hill	Alberta	51.03254	-114.19481	CA	1
Glendale	Alberta	51.03287	-114.14477	CA	1
Bankview	Alberta	51.03333	-114.1	CA	1
Southview	Alberta	51.03333	-113.98333	CA	1
Chestermere	Alberta	51.03341	-113.81867	CA	1
Cliff Bungalow	Alberta	51.03362	-114.07456	CA	1
Mission	Alberta	51.03368	-114.06959	CA	1
Ramsay	Alberta	51.03616	-114.04315	CA	1
Christie Park	Alberta	51.0375	-114.175	CA	1
Forest Lawn	Alberta	51.0375	-113.97222	CA	1
Lower Mount Royal	Alberta	51.0375	-114.08611	CA	1
Shaganappi	Alberta	51.03848	-114.12804	CA	1
Inglewood	Alberta	51.03924	-114.02195	CA	1
Scarboro	Alberta	51.03945	-114.10418	CA	1
Beltline	Alberta	51.03951	-114.07087	CA	1
Red Carpet	Alberta	51.04099	-113.94001	CA	1
Sunalta	Alberta	51.0415	-114.09885	CA	1
Rosscarrock	Alberta	51.04156	-114.14718	CA	1
Aspen Woods	Alberta	51.0428	-114.19275	CA	1
Albert Park/Radisson Heights	Alberta	51.04294	-113.99584	CA	1
Applewood Park	Alberta	51.04306	-113.925	CA	1
Westgate	Alberta	51.04496	-114.15825	CA	1
Downtown West End	Alberta	51.04696	-114.08832	CA	1
Downtown Commercial Core	Alberta	51.0472	-114.06996	CA	1
Strathcona Park	Alberta	51.04722	-114.175	CA	1
Penbrooke Meadows	Alberta	51.05	-113.93333	CA	1
Wildwood	Alberta	51.05	-114.15	CA	1
Calgary	Alberta	51.05011	-114.08529	CA	1
Strathmore	Alberta	51.05011	-113.38523	CA	1
Spruce Cliff	Alberta	51.05035	-114.14048	CA	1
Eau Claire	Alberta	51.05062	-114.08006	CA	1
Chinatown	Alberta	51.05183	-114.06363	CA	1
West Hillhurst	Alberta	51.05407	-114.12083	CA	1
Hillhurst	Alberta	51.05434	-114.09431	CA	1
Coach Hill	Alberta	51.05618	-114.18005	CA	1
Sunnyside	Alberta	51.05801	-114.07705	CA	1
Marlborough Park	Alberta	51.05833	-113.94444	CA	1
Point McKay	Alberta	51.05833	-114.14722	CA	1
Golden	Ontario	51.05917	-93.73568	CA	1
Marlborough	Alberta	51.05925	-113.96813	CA	1
Abbeydale	Alberta	51.0593	-113.92857	CA	1
Mayland Heights	Alberta	51.06084	-114.01114	CA	1
West Springs	Alberta	51.06114	-114.19807	CA	1
Patterson	Alberta	51.06179	-114.17473	CA	1
St. Andrews Heights	Alberta	51.0626	-114.12392	CA	1
Crescent Heights	Alberta	51.06276	-114.0683	CA	1
Renfrew	Alberta	51.06319	-114.03877	CA	1
Rosedale	Alberta	51.06356	-114.07908	CA	1
Hounsfield Heights/Briar Hill	Alberta	51.06362	-114.10542	CA	1
Capitol Hill	Alberta	51.07031	-114.09559	CA	1
University Heights	Alberta	51.07053	-114.13636	CA	1
Cougar Ridge	Alberta	51.07113	-114.20842	CA	1
Mount Pleasant	Alberta	51.07322	-114.07705	CA	1
Winston Heights-Mountview	Alberta	51.07383	-114.04247	CA	1
Vista Heights	Alberta	51.07398	-114.0144	CA	1
Rundle	Alberta	51.07419	-113.97079	CA	1
Banff Trail	Alberta	51.0743	-114.11242	CA	1
Pineridge	Alberta	51.07441	-113.94608	CA	1
Tuxedo Park	Alberta	51.07463	-114.06023	CA	1
Montgomery	Alberta	51.07511	-114.16449	CA	1
Rosemont	Alberta	51.07797	-114.09079	CA	1
Monterey Park	Alberta	51.08194	-113.92917	CA	1
Clinton	British Columbia	51.08309	-121.58597	CA	1
Highland Park	Alberta	51.08333	-114.06667	CA	1
Whitehorn	Alberta	51.08333	-113.96667	CA	1
Canmore	Alberta	51.08335	-115.35206	CA	1
Bowness	Alberta	51.08344	-114.16866	CA	1
Collingwood	Alberta	51.08402	-114.1015	CA	1
Crestmont	Alberta	51.08502	-114.2608	CA	1
Cambrian Heights	Alberta	51.08638	-114.09027	CA	1
Temple	Alberta	51.08811	-113.94711	CA	1
Charleswood	Alberta	51.08991	-114.11666	CA	1
Highwood	Alberta	51.0908	-114.08134	CA	1
Varsity	Alberta	51.09167	-114.15556	CA	1
North Haven	Alberta	51.09666	-114.08955	CA	1
Valley Ridge	Alberta	51.09722	-114.25694	CA	1
Brentwood	Alberta	51.09813	-114.13319	CA	1
Coral Springs	Alberta	51.10139	-113.93056	CA	1
Falconridge	Alberta	51.10278	-113.94167	CA	1
Thorncliffe	Alberta	51.10278	-114.06667	CA	1
Silver Springs	Alberta	51.10417	-114.19155	CA	1
Castleridge	Alberta	51.10556	-113.95556	CA	1
Dalhousie	Alberta	51.11161	-114.15876	CA	1
Huntington Hills	Alberta	51.11667	-114.06667	CA	1
Ranchlands	Alberta	51.11667	-114.18333	CA	1
Martindale	Alberta	51.11806	-113.95556	CA	1
Scenic Acres	Alberta	51.11806	-114.22222	CA	1
Taradale	Alberta	51.11829	-113.93681	CA	1
Tuscany	Alberta	51.12432	-114.24494	CA	1
Edgemont	Alberta	51.12561	-114.14881	CA	1
Beddington Heights	Alberta	51.12917	-114.07917	CA	1
Hawkwood	Alberta	51.13122	-114.17353	CA	1
Saddle Ridge	Alberta	51.13262	-113.94676	CA	1
Bearspaw	Alberta	51.13341	-114.302	CA	1
Arbour Lake	Alberta	51.13472	-114.20278	CA	1
MacEwan	Alberta	51.13585	-114.1143	CA	1
Sandstone Valley	Alberta	51.13811	-114.0937	CA	1
Royal Oak	Alberta	51.14349	-114.22245	CA	1
Hamptons	Alberta	51.1436	-114.14846	CA	1
Rocky Ridge	Alberta	51.14479	-114.24459	CA	1
Citadel	Alberta	51.14533	-114.18125	CA	1
Harvest Hills	Alberta	51.14791	-114.0513	CA	1
Hidden Valley	Alberta	51.14856	-114.1143	CA	1
Dauphin	Manitoba	51.14941	-100.05023	CA	1
Panorama Hills	Alberta	51.15286	-114.081	CA	1
Country Hills Village	Alberta	51.15833	-114.06528	CA	1
Skyview Ranch	Alberta	51.15849	-113.95714	CA	1
Kincora	Alberta	51.15943	-114.1337	CA	1
Country Hills	Alberta	51.16359	-114.05468	CA	1
Evanston	Alberta	51.16398	-114.12297	CA	1
Coventry Hills	Alberta	51.16869	-114.05903	CA	1
Redstone	Alberta	51.17048	-113.95777	CA	1
Nolan Hill	Alberta	51.17551	-114.16552	CA	1
Sage Hill	Alberta	51.17592	-114.14111	CA	1
Banff	Alberta	51.17622	-115.56982	CA	1
Barrière	British Columbia	51.18308	-120.1192	CA	1
Cochrane	Alberta	51.18341	-114.46871	CA	1
Carrington	Alberta	51.184	-114.08501	CA	1
Yorkton	Saskatchewan	51.2167	-102.46766	CA	1
Saint-Augustin	Quebec	51.22602	-58.65017	CA	1
Roblin	Manitoba	51.22999	-101.3565	CA	1
Moose Factory	Ontario	51.26689	-80.61624	CA	1
Moosonee	Ontario	51.27931	-80.6345	CA	1
Golden	British Columbia	51.29995	-116.9689	CA	1
Airdrie	Alberta	51.30011	-114.03528	CA	1
Irricana	Alberta	51.32372	-113.60475	CA	1
St. Anthony	Newfoundland and Labrador	51.37039	-55.59743	CA	1
Crossfield	Alberta	51.43341	-114.03528	CA	1
Drumheller	Alberta	51.46171	-112.71011	CA	1
Kindersley	Saskatchewan	51.46681	-109.16818	CA	1
Waskaganish	Quebec	51.48333	-78.75	CA	1
Outlook	Saskatchewan	51.48803	-107.05644	CA	1
Rosetown	Saskatchewan	51.5501	-108.00136	CA	1
Kamsack	Saskatchewan	51.56668	-101.90093	CA	1
Carstairs	Alberta	51.56681	-114.102	CA	1
Canora	Saskatchewan	51.63328	-102.43425	CA	1
Hanna	Alberta	51.63343	-111.90181	CA	1
Clearwater	British Columbia	51.64061	-120.02769	CA	1
100 Mile House	British Columbia	51.64982	-121.28594	CA	1
Foam Lake	Saskatchewan	51.65001	-103.53431	CA	1
Watrous	Saskatchewan	51.66677	-105.46788	CA	1
Didsbury	Alberta	51.66681	-114.13529	CA	1
Three Hills	Alberta	51.70012	-113.26863	CA	1
108 Mile Ranch	British Columbia	51.74891	-121.36895	CA	1
Godefroy	Quebec	51.75012	-68.08213	CA	1
Wynyard	Saskatchewan	51.76674	-104.18436	CA	1
Olds	Alberta	51.78341	-114.10199	CA	1
Sundre	Alberta	51.8001	-114.63532	CA	1
Lanigan	Saskatchewan	51.85006	-105.03443	CA	1
Kerrobert	Saskatchewan	51.91682	-109.13479	CA	1
Hanceville	British Columbia	51.91922	-123.04458	CA	1
Delisle	Saskatchewan	51.9236	-107.13518	CA	1
Bowden	Alberta	51.9288	-114.0349	CA	1
Preeceville	Saskatchewan	51.94998	-102.66766	CA	1
Wadena	Saskatchewan	51.94999	-103.80102	CA	1
Innisfail	Alberta	52.02688	-113.95071	CA	1
Biggar	Saskatchewan	52.05978	-107.98844	CA	1
Stonebridge	Saskatchewan	52.08454	-106.62266	CA	1
Rosewood	Saskatchewan	52.09269	-106.5542	CA	1
Nutana Park	Saskatchewan	52.09449	-106.63006	CA	1
Lakeridge	Saskatchewan	52.09476	-106.57561	CA	1
Avalon	Saskatchewan	52.09671	-106.65617	CA	1
Exhibition	Saskatchewan	52.09865	-106.67561	CA	1
Lakewood Urban Centre	Saskatchewan	52.09964	-106.56646	CA	1
Nutana Sector	Saskatchewan	52.09998	-106.63709	CA	1
Adelaide/Churchill	Saskatchewan	52.10004	-106.64506	CA	1
Nutana Urban Centre	Saskatchewan	52.10225	-106.60839	CA	1
Queen Elizabeth	Saskatchewan	52.10454	-106.65678	CA	1
Swan River	Manitoba	52.1058	-101.26759	CA	1
Holiday Park	Saskatchewan	52.10754	-106.6984	CA	1
Lakewood	Saskatchewan	52.1085	-106.59027	CA	1
Wildwood	Saskatchewan	52.10976	-106.5945	CA	1
Brevoort Park	Saskatchewan	52.11004	-106.61033	CA	1
Haultain	Saskatchewan	52.11004	-106.64644	CA	1
Holliston	Saskatchewan	52.11004	-106.63006	CA	1
Briarwood	Saskatchewan	52.1111	-106.55907	CA	1
Buena Vista	Saskatchewan	52.11115	-106.66589	CA	1
Montgomery Place	Saskatchewan	52.11116	-106.72895	CA	1
King George	Saskatchewan	52.11782	-106.68577	CA	1
Grosvenor Park	Saskatchewan	52.1181	-106.62839	CA	1
Greystone Heights	Saskatchewan	52.11865	-106.61172	CA	1
Meadowgreen	Saskatchewan	52.11893	-106.71145	CA	1
Nutana	Saskatchewan	52.11893	-106.65617	CA	1
College Park East	Saskatchewan	52.11949	-106.57561	CA	1
College Park	Saskatchewan	52.12143	-106.59478	CA	1
Fairhaven	Saskatchewan	52.12143	-106.72839	CA	1
Varsity View	Saskatchewan	52.12173	-106.64034	CA	1
Holmwood	Saskatchewan	52.1234	-106.53904	CA	1
Parkridge	Saskatchewan	52.12421	-106.75116	CA	1
Riversdale	Saskatchewan	52.12504	-106.67867	CA	1
Pleasant Hill	Saskatchewan	52.1256	-106.6995	CA	1
Downtown	Saskatchewan	52.12636	-106.66369	CA	1
U of S Lands South Management Area	Saskatchewan	52.12713	-106.62043	CA	1
Brighton	Saskatchewan	52.12736	-106.5605	CA	1
Blairmore Urban Centre	Saskatchewan	52.12812	-106.75894	CA	1
Central Business District	Saskatchewan	52.13032	-106.66228	CA	1
Core Neighbourhoods	Saskatchewan	52.13041	-106.67231	CA	1
Blairmore	Saskatchewan	52.13081	-106.74275	CA	1
Arbor Creek	Saskatchewan	52.13154	-106.57185	CA	1
Confederation Urban Centre	Saskatchewan	52.13213	-106.72291	CA	1
Saskatoon	Saskatchewan	52.13238	-106.66892	CA	1
Penhold	Alberta	52.13342	-113.8687	CA	1
Kensington	Saskatchewan	52.13352	-106.75963	CA	1
Westmount	Saskatchewan	52.13366	-106.68617	CA	1
Pacific Heights	Saskatchewan	52.13477	-106.742	CA	1
Mount Royal	Saskatchewan	52.13588	-106.70061	CA	1
City Park	Saskatchewan	52.13825	-106.65447	CA	1
Sutherland	Saskatchewan	52.13899	-106.60402	CA	1
Confederation	Saskatchewan	52.13912	-106.70356	CA	1
Caswell Hill	Saskatchewan	52.14032	-106.67561	CA	1
Confederation Park	Saskatchewan	52.14032	-106.73673	CA	1
Erindale	Saskatchewan	52.14118	-106.56997	CA	1
Massey Place	Saskatchewan	52.14143	-106.71923	CA	1
Williams Lake	British Columbia	52.14153	-122.14451	CA	1
Forest Grove	Saskatchewan	52.14199	-106.59089	CA	1
University Heights	Saskatchewan	52.14432	-106.57867	CA	1
Hudson Bay Park	Saskatchewan	52.14532	-106.6895	CA	1
Willowgrove	Saskatchewan	52.14681	-106.55466	CA	1
North Park	Saskatchewan	52.14727	-106.64505	CA	1
Westview	Saskatchewan	52.1481	-106.70311	CA	1
Dundonald	Saskatchewan	52.14838	-106.72839	CA	1
University Heights Urban Centre	Saskatchewan	52.15077	-106.57512	CA	1
Hampton Village	Saskatchewan	52.15421	-106.71752	CA	1
Silverspring	Saskatchewan	52.15621	-106.59231	CA	1
River Heights	Saskatchewan	52.16254	-106.63422	CA	1
Bella Bella	British Columbia	52.16311	-128.14399	CA	1
Lawson	Saskatchewan	52.16432	-106.63884	CA	1
Evergreen	Saskatchewan	52.16686	-106.56717	CA	1
Lawson Heights Urban Centre	Saskatchewan	52.17004	-106.6342	CA	1
Lawson Heights	Saskatchewan	52.17115	-106.6195	CA	1
Aspen Ridge	Saskatchewan	52.17769	-106.55203	CA	1
Springbrook	Alberta	52.1792	-113.87981	CA	1
Silverwood Heights	Saskatchewan	52.17977	-106.62005	CA	1
Humboldt	Saskatchewan	52.20005	-105.1255	CA	1
Red Deer	Alberta	52.26682	-113.802	CA	1
Martensville	Saskatchewan	52.28339	-106.66792	CA	1
Sylvan Lake	Alberta	52.311	-114.08375	CA	1
Warman	Saskatchewan	52.31679	-106.56791	CA	1
Stettler	Alberta	52.31683	-112.71861	CA	1
Macklin	Saskatchewan	52.33344	-109.93484	CA	1
Dalmeny	Saskatchewan	52.34077	-106.7712	CA	1
Provost	Alberta	52.35014	-110.26828	CA	1
Langham	Saskatchewan	52.35892	-106.96167	CA	1
Eckville	Alberta	52.36274	-114.37011	CA	1
Rocky Mountain House	Alberta	52.36683	-114.9188	CA	1
Bella Coola	British Columbia	52.37183	-126.7539	CA	1
Blackfalds	Alberta	52.38342	-113.7853	CA	1
Wilkie	Saskatchewan	52.41683	-108.70142	CA	1
Unity	Saskatchewan	52.45014	-109.16816	CA	1
Bentley	Alberta	52.46544	-114.05008	CA	1
Anahim Lake	British Columbia	52.46652	-125.3066	CA	1
Lacombe	Alberta	52.46681	-113.7353	CA	1
Waldheim	Saskatchewan	52.621	-106.653	CA	1
Rimbey	Alberta	52.6334	-114.23532	CA	1
Rosthern	Saskatchewan	52.66679	-106.33446	CA	1
Ponoka	Alberta	52.6768	-113.58147	CA	1
Battleford	Saskatchewan	52.73486	-108.3091	CA	1
North Battleford	Saskatchewan	52.77972	-108.2967	CA	1
Killam	Alberta	52.78344	-111.85175	CA	1
Fermont	Quebec	52.79445	-67.08378	CA	1
Valemount	British Columbia	52.83329	-119.2525	CA	1
Wainwright	Alberta	52.83482	-110.85342	CA	1
Tisdale	Saskatchewan	52.85002	-104.05096	CA	1
Hudson Bay	Saskatchewan	52.85003	-102.38425	CA	1
Melfort	Saskatchewan	52.86673	-104.61768	CA	1
Jasper	Alberta	52.87946	-118.08041	CA	1
Jasper Park Lodge	Alberta	52.88633	-118.05625	CA	1
Wabush	Newfoundland and Labrador	52.90015	-66.86541	CA	1
Attawapiskat	Ontario	52.92774	-82.41669	CA	1
Labrador City	Newfoundland and Labrador	52.94626	-66.91137	CA	1
Wetaskiwin	Alberta	52.96683	-113.36869	CA	1
Quesnel	British Columbia	52.97842	-122.4931	CA	1
Camrose	Alberta	53.01684	-112.83525	CA	1
Millet	Alberta	53.09415	-113.47056	CA	1
Viking	Alberta	53.09606	-111.77527	CA	1
Prince Albert	Saskatchewan	53.20008	-105.76772	CA	1
Shellbrook	Saskatchewan	53.21679	-106.40109	CA	1
Drayton Valley	Alberta	53.21682	-114.98544	CA	1
Leduc	Alberta	53.26682	-113.55201	CA	1
Calmar	Alberta	53.26683	-113.81874	CA	1
Lloydminster	Alberta	53.27237	-110.02256	CA	1
Happy Valley-Goose Bay	Newfoundland and Labrador	53.3038	-60.32576	CA	1
Beaumont	Alberta	53.35013	-113.41871	CA	1
Vermilion	Alberta	53.35409	-110.85849	CA	1
Nipawin	Saskatchewan	53.36678	-104.00092	CA	1
Devon	Alberta	53.36683	-113.73533	CA	1
Tofield	Alberta	53.36684	-112.66862	CA	1
Hinton	Alberta	53.40009	-117.58567	CA	1
Allard	Alberta	53.40019	-113.52655	CA	1
Callaghan	Alberta	53.40799	-113.52637	CA	1
Summerside	Alberta	53.41726	-113.46108	CA	1
Walker	Alberta	53.41765	-113.43041	CA	1
Rutherford	Alberta	53.41833	-113.52989	CA	1
Blackmud Creek	Alberta	53.42037	-113.51095	CA	1
Charlesworth	Alberta	53.42856	-113.41819	CA	1
Ellerslie	Alberta	53.42876	-113.45641	CA	1
Ambleside	Alberta	53.42994	-113.59916	CA	1
Blackburne	Alberta	53.43011	-113.50255	CA	1
Windermere	Alberta	53.43583	-113.62202	CA	1
Mactaggart	Alberta	53.43824	-113.56366	CA	1
Crawford Plains	Alberta	53.43889	-113.40556	CA	1
South Terwillegar	Alberta	53.44006	-113.57893	CA	1
Menisa	Alberta	53.44028	-113.45	CA	1
Sakaw	Alberta	53.44028	-113.43056	CA	1
Twin Brooks	Alberta	53.44272	-113.53038	CA	1
Laurel	Alberta	53.44667	-113.38197	CA	0
Satoo	Alberta	53.44722	-113.45833	CA	1
Magrath Heights	Alberta	53.44835	-113.55702	CA	1
Daly Grove	Alberta	53.44861	-113.39722	CA	1
Keheewin	Alberta	53.44861	-113.50278	CA	1
Pollard Meadows	Alberta	53.44861	-113.4125	CA	1
Terwillegar Towne	Alberta	53.44984	-113.57843	CA	1
Ekota	Alberta	53.45	-113.44167	CA	1
Meyokumin	Alberta	53.45	-113.42639	CA	1
Skyrattler	Alberta	53.45139	-113.52361	CA	1
Meyonohk	Alberta	53.45551	-113.4577	CA	1
Haddow	Alberta	53.45593	-113.59655	CA	1
Mill Woods Town Centre	Alberta	53.45639	-113.42751	CA	0
Blue Quill	Alberta	53.45755	-113.52654	CA	1
Ermineskin	Alberta	53.45755	-113.50405	CA	1
Hodgson	Alberta	53.45763	-113.55962	CA	1
Blue Quill Estates	Alberta	53.45783	-113.54048	CA	1
Silver Berry	Alberta	53.45787	-113.3817	CA	0
Leger	Alberta	53.45796	-113.57629	CA	1
Bisset	Alberta	53.45833	-113.39861	CA	1
Weinlos	Alberta	53.45833	-113.40694	CA	1
Tawa	Alberta	53.46111	-113.42361	CA	1
Kameyosek	Alberta	53.4625	-113.44167	CA	1
Steinhauer	Alberta	53.4625	-113.50972	CA	1
Sweet Grass	Alberta	53.4625	-113.525	CA	1
Tipaskan	Alberta	53.4625	-113.45694	CA	1
Carter Crest	Alberta	53.46394	-113.57797	CA	1
Ogilvie Ridge	Alberta	53.46402	-113.56394	CA	1
Tamarack	Alberta	53.46441	-113.36235	CA	0
Falconer Heights	Alberta	53.46662	-113.58952	CA	1
Henderson Estates	Alberta	53.46766	-113.59851	CA	1
Minchau	Alberta	53.46806	-113.40833	CA	1
Richfield	Alberta	53.46806	-113.45833	CA	1
Hillview	Alberta	53.46944	-113.42639	CA	1
Lee Ridge	Alberta	53.46944	-113.44583	CA	1
Westbrook Estates	Alberta	53.46944	-113.55	CA	1
Wild Rose	Alberta	53.4708	-113.38119	CA	0
Duggan	Alberta	53.47201	-113.50602	CA	1
Greenfield	Alberta	53.47222	-113.52778	CA	1
Cameron Heights	Alberta	53.47315	-113.63308	CA	1
Greenview	Alberta	53.47361	-113.425	CA	1
Rhatigan Ridge	Alberta	53.47485	-113.5885	CA	1
Bulyea Heights	Alberta	53.47497	-113.56948	CA	1
Aspen Gardens	Alberta	53.475	-113.54444	CA	1
Tweddle Place	Alberta	53.475	-113.45972	CA	1
Kiniski Gardens	Alberta	53.47503	-113.40121	CA	1
Michaels Park	Alberta	53.47778	-113.44861	CA	1
Rideau Park	Alberta	53.47899	-113.5047	CA	0
Wedgewood Heights	Alberta	53.47913	-113.64544	CA	1
Royal Gardens	Alberta	53.47917	-113.52778	CA	1
Larkspur	Alberta	53.47942	-113.38142	CA	0
Ramsay Heights	Alberta	53.48194	-113.58056	CA	1
Jackson Heights	Alberta	53.48333	-113.40833	CA	1
Malmo Plains	Alberta	53.48333	-113.53333	CA	1
Empire Park	Alberta	53.48472	-113.50139	CA	1
Donsdale	Alberta	53.485	-113.63544	CA	1
The Hamptons	Alberta	53.48802	-113.67565	CA	1
Lansdowne	Alberta	53.48889	-113.54861	CA	1
Jamieson Place	Alberta	53.48953	-113.64847	CA	1
Brookside	Alberta	53.4905	-113.56684	CA	1
Dechene	Alberta	53.49112	-113.63657	CA	1
Gariepy	Alberta	53.49167	-113.62083	CA	1
Pleasantview	Alberta	53.49167	-113.50833	CA	1
Lendrum Place	Alberta	53.49499	-113.52207	CA	1
Brander Gardens	Alberta	53.49583	-113.57778	CA	1
Oleskiw	Alberta	53.49777	-113.60726	CA	1
Ormsby Place	Alberta	53.49861	-113.64167	CA	1
Callingwood South	Alberta	53.5	-113.625	CA	1
Parkallen	Alberta	53.5	-113.51667	CA	1
Vegreville	Alberta	53.50015	-112.05182	CA	1
Hazeldean	Alberta	53.50198	-113.47976	CA	1
Allendale	Alberta	53.5028	-113.50516	CA	1
Glastonbury	Alberta	53.50332	-113.66985	CA	1
Granville	Alberta	53.50465	-113.68286	CA	1
Westridge	Alberta	53.50704	-113.60636	CA	1
Lymburn	Alberta	53.50754	-113.64216	CA	1
Rio Terrace	Alberta	53.50831	-113.58812	CA	1
Callingwood North	Alberta	53.50833	-113.62361	CA	1
McKernan	Alberta	53.50833	-113.51667	CA	1
Queen Alexandra	Alberta	53.50833	-113.50833	CA	1
Belgravia	Alberta	53.50847	-113.53349	CA	1
Avonmore	Alberta	53.50946	-113.45191	CA	1
Patricia Heights	Alberta	53.51005	-113.59597	CA	1
Ritchie	Alberta	53.51276	-113.4795	CA	1
Thorncliff	Alberta	53.51528	-113.62361	CA	1
King Edward Park	Alberta	53.51572	-113.45753	CA	1
Breckenridge Greens	Alberta	53.51606	-113.68408	CA	1
Elmwood	Alberta	53.51667	-113.6	CA	1
Laurier Heights	Alberta	53.51667	-113.56667	CA	1
Lynnwood	Alberta	53.51667	-113.58333	CA	1
Aldergrove	Alberta	53.51679	-113.64116	CA	1
Sherwood Park	Alberta	53.51684	-113.3187	CA	1
Potter Greens	Alberta	53.51787	-113.67218	CA	1
Sheshatshiu	Newfoundland and Labrador	53.51868	-60.14594	CA	1
Garneau	Alberta	53.52083	-113.5125	CA	1
Strathcona	Alberta	53.52083	-113.48333	CA	1
Kenilworth	Alberta	53.52112	-113.43238	CA	1
Idylwylde	Alberta	53.52255	-113.44937	CA	1
Jasper Park	Alberta	53.52401	-113.58396	CA	1
Parkview	Alberta	53.52442	-113.56855	CA	1
Bonnie Doon	Alberta	53.52449	-113.46577	CA	1
Suder Greens	Alberta	53.5248	-113.67907	CA	1
Summerlea	Alberta	53.525	-113.62222	CA	1
West Meadowlark Park	Alberta	53.52516	-113.60833	CA	1
Belmead	Alberta	53.52543	-113.6416	CA	1
Meadowlark Park	Alberta	53.52592	-113.59674	CA	1
Ottewell	Alberta	53.52766	-113.43049	CA	1
Sherwood	Alberta	53.52917	-113.58333	CA	1
Holyrood	Alberta	53.5299	-113.45135	CA	1
Crestwood	Alberta	53.53333	-113.56667	CA	1
Stony Plain	Alberta	53.53343	-114.00205	CA	1
Spruce Grove	Alberta	53.53344	-113.91874	CA	1
Terra Losa	Alberta	53.53375	-113.62286	CA	1
Secord	Alberta	53.53394	-113.70133	CA	1
Strathearn	Alberta	53.53421	-113.46281	CA	1
La Perle	Alberta	53.53611	-113.64028	CA	1
West Jasper Place	Alberta	53.53611	-113.58333	CA	1
Glenwood	Alberta	53.53612	-113.60155	CA	1
Downtown	Alberta	53.54021	-113.49907	CA	1
Terrace Heights	Alberta	53.54028	-113.43472	CA	1
Canora	Alberta	53.54167	-113.58333	CA	1
Wîhkwêntôwin	Alberta	53.54306	-113.52222	CA	1
Riverdale	Alberta	53.54367	-113.47023	CA	1
Fulton Place	Alberta	53.54583	-113.425	CA	1
Gold Bar	Alberta	53.54583	-113.40972	CA	1
Glenora	Alberta	53.54617	-113.55125	CA	1
Forest Heights	Alberta	53.54633	-113.44972	CA	1
Grovenor	Alberta	53.54643	-113.57211	CA	1
Britannia Youngstown	Alberta	53.54722	-113.6	CA	1
Boyle Street	Alberta	53.55	-113.47917	CA	1
Capilano	Alberta	53.55	-113.43333	CA	1
Ardrossan	Alberta	53.55014	-113.13529	CA	1
Edmonton	Alberta	53.55014	-113.46871	CA	1
Westview Village	Alberta	53.55248	-113.69781	CA	1
McQueen	Alberta	53.55278	-113.575	CA	1
North Glenora	Alberta	53.55395	-113.55812	CA	1
Mayfield	Alberta	53.55399	-113.59891	CA	1
Central McDougall	Alberta	53.55417	-113.5	CA	1
High Park	Alberta	53.55445	-113.58451	CA	1
Westmount	Alberta	53.55459	-113.54173	CA	1
Queen Mary Park	Alberta	53.55479	-113.51718	CA	1
McCauley	Alberta	53.55601	-113.48345	CA	1
Rundle Heights	Alberta	53.56106	-113.39384	CA	1
Cromdale	Alberta	53.56198	-113.46242	CA	1
Spruce Avenue	Alberta	53.56254	-113.49993	CA	1
Prince Rupert	Alberta	53.5632	-113.52379	CA	1
Woodcroft	Alberta	53.56634	-113.55748	CA	1
Alberta Avenue	Alberta	53.56667	-113.48333	CA	1
Beverly Heights	Alberta	53.56667	-113.4	CA	1
Highlands	Alberta	53.56667	-113.42917	CA	1
Parkdale	Alberta	53.56738	-113.47366	CA	1
Abbottsfield	Alberta	53.57273	-113.39195	CA	1
Newton	Alberta	53.57335	-113.42457	CA	1
Beacon Heights	Alberta	53.57361	-113.40694	CA	1
Dovercourt	Alberta	53.57409	-113.55885	CA	1
Eastwood	Alberta	53.57493	-113.47152	CA	1
Montrose	Alberta	53.57508	-113.43847	CA	1
Sherbrooke	Alberta	53.5763	-113.54748	CA	1
Westwood	Alberta	53.57656	-113.49924	CA	1
Overlanders	Alberta	53.57778	-113.38333	CA	1
Prince Charles	Alberta	53.57778	-113.53472	CA	1
Delton	Alberta	53.57814	-113.48173	CA	1
Canon Ridge	Alberta	53.57873	-113.37889	CA	1
Bergman	Alberta	53.57895	-113.40877	CA	1
Elmwood Park	Alberta	53.58	-113.462	CA	1
Homesteader	Alberta	53.58333	-113.40417	CA	1
Edson	Alberta	53.58345	-116.43559	CA	1
Balwin	Alberta	53.58787	-113.45452	CA	1
Calder	Alberta	53.58863	-113.52885	CA	1
Athlone	Alberta	53.58889	-113.54861	CA	1
Lauderdale	Alberta	53.58889	-113.50139	CA	1
Killarney	Alberta	53.58909	-113.47984	CA	1
Kernohan	Alberta	53.59205	-113.38088	CA	1
Belmont	Alberta	53.59245	-113.39367	CA	1
Belvedere	Alberta	53.59312	-113.43864	CA	1
Sifton Park	Alberta	53.59388	-113.40817	CA	1
Delwood	Alberta	53.5949	-113.45615	CA	1
Rosslyn	Alberta	53.59551	-113.50422	CA	1
Wellington	Alberta	53.59551	-113.55186	CA	1
Kensington	Alberta	53.59612	-113.52782	CA	1
Glengarry	Alberta	53.59617	-113.47967	CA	1
Northmount	Alberta	53.60139	-113.47917	CA	1
Clareview Town Centre	Alberta	53.60196	-113.4071	CA	1
Kildare	Alberta	53.6029	-113.45512	CA	1
Hairsine	Alberta	53.6032	-113.39118	CA	1
York	Alberta	53.60371	-113.42757	CA	1
Bannerman	Alberta	53.60376	-113.37865	CA	1
Carlisle	Alberta	53.60417	-113.525	CA	1
Hudson	Alberta	53.60595	-113.55065	CA	1
Baranow	Alberta	53.60694	-113.53472	CA	1
Griesbach	Alberta	53.60697	-113.5037	CA	1
Kilkenny	Alberta	53.60833	-113.45278	CA	1
McLeod	Alberta	53.60833	-113.43333	CA	1
Casselman	Alberta	53.60972	-113.41944	CA	1
Evansdale	Alberta	53.61033	-113.48113	CA	1
Fraser	Alberta	53.61038	-113.37255	CA	1
Kirkness	Alberta	53.61084	-113.38766	CA	1
Miller	Alberta	53.61084	-113.41276	CA	1
Cumberland	Alberta	53.61094	-113.5534	CA	1
Caernarvon	Alberta	53.6125	-113.52639	CA	1
Beaumaris	Alberta	53.61776	-113.50937	CA	1
Brintnell	Alberta	53.62077	-113.40757	CA	1
Eaux Claires	Alberta	53.62107	-113.4874	CA	1
Matt Berry	Alberta	53.62194	-113.43658	CA	1
Hollick-Kenyon	Alberta	53.62209	-113.42465	CA	1
Oxford	Alberta	53.62209	-113.54782	CA	1
Carlton	Alberta	53.62255	-113.55821	CA	1
Ozerna	Alberta	53.6227	-113.44877	CA	1
Dunluce	Alberta	53.62286	-113.52654	CA	1
Mayliewan	Alberta	53.62321	-113.4619	CA	1
Lorelei	Alberta	53.62347	-113.50001	CA	1
Belle Rive	Alberta	53.62347	-113.47598	CA	1
Albany	Alberta	53.63172	-113.54978	CA	1
Schonsee	Alberta	53.63216	-113.45475	CA	1
Baturyn	Alberta	53.63333	-113.50139	CA	1
St. Albert	Alberta	53.63344	-113.63533	CA	1
Canossa	Alberta	53.634	-113.52036	CA	1
Klarvatten	Alberta	53.63456	-113.47289	CA	1
Lago Lindo	Alberta	53.6368	-113.4831	CA	1
Elsinore	Alberta	53.64138	-113.49735	CA	1
Chambery	Alberta	53.64164	-113.51066	CA	1
Fort Saskatchewan	Alberta	53.69814	-113.21382	CA	1
Two Hills	Alberta	53.71031	-111.74595	CA	1
Lamont	Alberta	53.76686	-112.80195	CA	1
Chisasibi	Quebec	53.78333	-78.9	CA	1
Morinville	Alberta	53.80014	-113.65203	CA	1
The Pas	Manitoba	53.82159	-101.24488	CA	1
Bon Accord	Alberta	53.83345	-113.41872	CA	1
Gibbons	Alberta	53.83345	-113.33531	CA	1
Unalaska	Alaska	53.87413	-166.53408	US	1
Grande Cache	Alberta	53.88335	-119.13585	CA	1
Dutch Harbor	Alaska	53.8898	-166.5422	US	1
Elk Point	Alberta	53.90017	-110.9017	CA	1
Prince George	British Columbia	53.9166	-122.75301	CA	1
Mayerthorpe	Alberta	53.95015	-115.13547	CA	1
Norway House	Manitoba	53.98214	-97.83265	CA	1
St. Paul	Alberta	53.98347	-111.28507	CA	1
Vanderhoof	British Columbia	54.01657	-124.01982	CA	1
Kitimat	British Columbia	54.05244	-128.65342	CA	1
Smoky Lake	Alberta	54.11687	-112.46863	CA	1
Barrhead	Alberta	54.13345	-114.40211	CA	1
Meadow Lake	Saskatchewan	54.13348	-108.43471	CA	1
Akutan	Alaska	54.1343	-165.77515	US	1
Whitecourt	Alberta	54.15015	-115.68548	CA	1
Westlock	Alberta	54.15016	-113.86876	CA	1
Burns Lake	British Columbia	54.22972	-125.76084	CA	1
Bonnyville	Alberta	54.26684	-110.73505	CA	1
Prince Rupert	British Columbia	54.31507	-130.32098	CA	1
Houston	British Columbia	54.39976	-126.67008	CA	1
Fox Creek	Alberta	54.40007	-116.80238	CA	1
Grand Centre	Alberta	54.41628	-110.21304	CA	1
Fort St. James	British Columbia	54.45597	-124.26275	CA	1
Cold Lake	Alberta	54.46525	-110.18154	CA	1
Terrace	British Columbia	54.51634	-128.60345	CA	1
Cross Lake 19A	Manitoba	54.65135	-97.76848	CA	1
Telkwa	British Columbia	54.69696	-127.05346	CA	1
Swan Hills	Alberta	54.71681	-115.40226	CA	1
Athabasca	Alberta	54.71687	-113.28537	CA	1
Creighton	Saskatchewan	54.75014	-101.90078	CA	1
Lac La Biche	Alberta	54.7669	-111.96861	CA	1
Flin Flon	Manitoba	54.76703	-101.87433	CA	1
Smithers	British Columbia	54.78036	-127.17428	CA	1
Snow Lake	Manitoba	54.87903	-100.0374	CA	1
Oxford House	Manitoba	54.94853	-95.26598	CA	1
King Cove	Alaska	55.06087	-162.31853	US	1
Valleyview	Alberta	55.06673	-117.28585	CA	1
La Ronge	Saskatchewan	55.10013	-105.28422	CA	1
Metlakatla	Alaska	55.12905	-131.57698	US	1
Tumbler Ridge	British Columbia	55.13027	-120.99415	CA	1
Wembley	Alberta	55.14995	-119.13602	CA	1
Grande Prairie	Alberta	55.16667	-118.80271	CA	1
Pelican Narrows	Saskatchewan	55.16685	-102.9341	CA	1
Beaverlodge	Alberta	55.21664	-119.43605	CA	1
Westlake	Alberta	55.22228	-118.80415	CA	1
Clairmont	Alberta	55.26668	-118.78601	CA	1
Slave Lake	Alberta	55.28344	-114.76896	CA	1
Sand Point	Alaska	55.33597	-160.50071	US	1
Mackenzie	British Columbia	55.33637	-123.09374	CA	1
Ketchikan	Alaska	55.3418	-131.64757	US	1
Sexsmith	Alberta	55.34998	-118.78602	CA	1
High Prairie	Alberta	55.4334	-116.4858	CA	1
Craig	Alaska	55.47639	-133.14833	US	1
Chetwynd	British Columbia	55.69988	-121.63627	CA	1
Falher	Alberta	55.73339	-117.20262	CA	1
Thompson	Manitoba	55.7435	-97.85579	CA	1
Dawson Creek	British Columbia	55.75984	-120.2403	CA	1
Spirit River	Alberta	55.78327	-118.83607	CA	1
Buffalo Narrows	Saskatchewan	55.86086	-108.479	CA	1
Wabasca-Desmarais	Alberta	55.96667	-113.85	CA	1
Fairview	Alberta	56.06675	-118.38606	CA	1
Taylor	British Columbia	56.15282	-120.68138	CA	1
Grimshaw	Alberta	56.18339	-117.6027	CA	1
Peace River	Alberta	56.23715	-117.29176	CA	1
Fort St. John	British Columbia	56.24988	-120.85292	CA	1
Gillam	Manitoba	56.34745	-94.70808	CA	1
Wrangell	Alaska	56.47083	-132.37667	US	1
Sanikiluaq	Nunavut	56.54106	-79.22576	CA	1
Nain	Newfoundland and Labrador	56.54193	-61.69549	CA	1
Fort McMurray	Alberta	56.72676	-111.38103	CA	1
Petersburg	Alaska	56.8125	-132.95556	US	1
Manning	Alberta	56.92166	-117.63117	CA	1
Sitka	Alaska	57.05315	-135.33088	US	1
Kodiak Station	Alaska	57.76587	-152.60004	US	1
Kodiak	Alaska	57.78852	-152.40533	US	1
Kuujjuaq	Quebec	58.10732	-68.39968	CA	1
La Crête	Alberta	58.18348	-116.40268	CA	1
Juneau	Alaska	58.30194	-134.41972	US	1
Inukjuak	Quebec	58.45468	-78.10139	CA	1
High Level	Alberta	58.51688	-117.13605	CA	1
Fort Nelson	British Columbia	58.80533	-122.7002	CA	1
Dillingham	Alaska	59.03972	-158.4575	US	1
Haines	Alaska	59.23595	-135.44533	US	1
Skagway	Alaska	59.45833	-135.31389	US	1
Homer	Alaska	59.6425	-151.5494	US	1
Diamond Ridge	Alaska	59.67611	-151.5575	US	1
Fritz Creek	Alaska	59.73611	-151.29528	US	1
Anchor Point	Alaska	59.77667	-151.83139	US	1
Fort Smith	Northwest Territories	60.00439	-111.88871	CA	1
Puvirnituq	Quebec	60.03566	-77.27406	CA	1
Watson Lake	Yukon	60.06349	-128.70893	CA	1
Seward	Alaska	60.10426	-149.4435	US	1
Bear Creek	Alaska	60.16417	-149.395	US	1
Cohoe	Alaska	60.36861	-151.30639	US	1
Kalifornsky	Alaska	60.41833	-151.29	US	1
Soldotna	Alaska	60.48778	-151.05833	US	1
Funny River	Alaska	60.50194	-150.76222	US	1
Ridgeway	Alaska	60.53194	-151.08528	US	1
Sterling	Alaska	60.53722	-150.76472	US	1
Cordova	Alaska	60.5432	-145.75867	US	1
Kenai	Alaska	60.55444	-151.25833	US	1
Nikiski	Alaska	60.69028	-151.28889	US	1
Whitehorse	Yukon	60.71611	-135.05375	CA	1
Bethel	Alaska	60.79222	-161.75583	US	1
Hay River	Northwest Territories	60.81555	-115.79993	CA	1
Girdwood	Alaska	60.9425	-149.16639	US	1
Nahanni Butte	Northwest Territories	61.03346	-123.38639	CA	1
Arviat	Nunavut	61.10883	-94.05848	CA	1
Valdez	Alaska	61.13083	-146.34833	US	1
Anchorage	Alaska	61.21806	-149.90028	US	1
Elmendorf Air Force Base	Alaska	61.25703	-149.63139	US	1
Eagle River	Alaska	61.32139	-149.56778	US	1
Knik-Fairview	Alaska	61.51262	-149.60012	US	1
Big Lake	Alaska	61.52139	-149.95444	US	1
Chevak	Alaska	61.52778	-165.58639	US	1
Hooper Bay	Alaska	61.53111	-166.09667	US	1
Butte	Alaska	61.54222	-149.03333	US	1
Gateway	Alaska	61.57278	-149.24083	US	1
Wasilla	Alaska	61.5809	-149.4415	US	1
Palmer	Alaska	61.59941	-149.11456	US	1
Lakes	Alaska	61.60713	-149.30861	US	1
Meadow Lakes	Alaska	61.62472	-149.60111	US	1
Lazy Mountain	Alaska	61.62611	-148.94556	US	1
Tanaina	Alaska	61.62694	-149.42806	US	1
Houston	Alaska	61.63028	-149.81806	US	1
Farm Loop	Alaska	61.63891	-149.14215	US	1
Sutton-Alpine	Alaska	61.71041	-148.89407	US	1
Fishhook	Alaska	61.74402	-149.23613	US	1
Willow	Alaska	61.74722	-150.0375	US	1
Fort Simpson	Northwest Territories	61.86269	-121.35159	CA	1
Susitna North	Alaska	62.16129	-149.85075	US	1
Salluit	Quebec	62.20411	-75.64344	CA	1
Yellowknife	Northwest Territories	62.45411	-114.37248	CA	1
Behchokǫ̀	Northwest Territories	62.8025	-116.04639	CA	1
Rankin Inlet	Nunavut	62.80906	-92.08534	CA	1
Tok	Alaska	63.33667	-142.98556	US	1
Iqaluit	Nunavut	63.74697	-68.51727	CA	1
Healy	Alaska	63.85694	-148.96611	US	1
Deltana	Alaska	63.87217	-145.21773	US	1
Dawson City	Yukon	64.06013	-139.43328	CA	1
Gamèti	Northwest Territories	64.11203	-117.35304	CA	1
Coral Harbour	Nunavut	64.13829	-83.16539	CA	1
Kinngait	Nunavut	64.23378	-76.54372	CA	1
Baker Lake	Nunavut	64.32009	-96.02123	CA	1
Nome	Alaska	64.50111	-165.40639	US	1
Salcha	Alaska	64.52399	-146.9021	US	1
Eielson Air Force Base	Alaska	64.66327	-147.05442	US	1
North Pole	Alaska	64.75111	-147.34944	US	1
Badger	Alaska	64.8	-147.53333	US	1
Fairbanks	Alaska	64.83778	-147.71639	US	1
Ester	Alaska	64.84722	-148.01444	US	1
College	Alaska	64.85694	-147.80278	US	1
Farmers Loop	Alaska	64.90822	-147.69866	US	1
Norman Wells	Northwest Territories	65.28201	-126.8329	CA	1
Pangnirtung	Nunavut	66.14642	-65.69996	CA	1
Naujaat	Nunavut	66.52913	-86.24371	CA	1
Kotzebue	Alaska	66.89846	-162.59809	US	1
Kugluktuk	Nunavut	67.82743	-115.09649	CA	1
Inuvik	Northwest Territories	68.36166	-133.72817	CA	1
Gjoa Haven	Nunavut	68.62602	-95.87836	CA	1
Cambridge Bay	Nunavut	69.11489	-105.05484	CA	1
Igloolik	Nunavut	69.37771	-81.79991	CA	1
Prudhoe Bay	Alaska	70.25528	-148.33722	US	1
Clyde River	Nunavut	70.47233	-68.58987	CA	1
Utqiagvik	Alaska	71.29058	-156.78872	US	1
Pond Inlet	Nunavut	72.6992	-77.9595	CA	1
